"model_name","seed","training_status","training_dataset","num_training_samples","generation_strategy","prompt_type","explanation_type","response_type","response_format","evaluation_dataset","label_accuracy","misclassification_rate","combined_accuracy","malformed_label","malformed_domain","total_predictions","correct_predictions","conditional_accuracy","wrong_predictions","correct_label_and_domain","Constitutional_Law_accuracy","Contracts_accuracy","Criminal_Law_accuracy","Evidence_accuracy","Real_Property_accuracy","Torts_accuracy","Civil_Procedure_accuracy","correct_domain_wrong_label","correct_label_wrong_domain","both_wrong"
"llama3","seed_206","trained","all_domains_1_samples",1,"greedy","few_shot","structured","answer_first","number_list","test_set_1",0.51,0.49,0.4,0,18,99,50,0.5,50,40,0.43,0.43,0.62,0.33,0.5,0.38,0.19,41,10,8
"llama3","seed_206","trained","all_domains_1_samples",1,"greedy","zero_shot","structured","answer_first","number_list","test_set_1",0.43,0.57,0.32,2,24,99,43,0.44,55,32,0.36,0.36,0.31,0.27,0.43,0.46,0.13,43,11,13
"llama3","seed_206","trained","all_domains_1_samples",1,"greedy","few_shot","unstructured","answer_first","number_list","test_set_1",0.47,0.53,0.4,0,14,99,47,0.47,53,40,0.43,0.29,0.62,0.33,0.57,0.31,0.31,45,7,7
"llama2","seed_206","trained","all_domains_1_samples",1,"greedy","zero_shot","structured","answer_first","number_list","test_set_1",0.36,0.64,0.27,0,25,99,36,0.36,64,27,0.07,0.21,0.54,0.27,0.5,0.31,0.06,47,9,16
"llama3","seed_206","trained","all_domains_1_samples",1,"greedy","zero_shot","unstructured","answer_first","number_list","test_set_1",0.23,0.77,0.2,42,52,99,23,0.4,35,20,0.36,0.21,0.31,0.13,0.14,0.23,0.06,27,3,49
"llama3","seed_206","trained","all_domains_1_samples",1,"greedy","zero_shot","structured","fact_first","number_list","test_set_1",0.51,0.49,0.27,0,46,99,50,0.5,50,27,0.14,0.43,0.46,0.2,0.21,0.46,0.06,26,23,23
"llama3","seed_206","trained","all_domains_1_samples",1,"greedy","few_shot","structured","fact_first","number_list","test_set_1",0.56,0.44,0.42,0,28,99,55,0.55,45,42,0.64,0.29,0.85,0.33,0.36,0.46,0.13,29,13,15
"llama2","seed_206","trained","all_domains_1_samples",1,"greedy","zero_shot","unstructured","answer_first","number_list","test_set_1",0.3,0.7,0.21,21,47,99,30,0.38,49,21,0.21,0.36,0.31,0.07,0.43,0.15,0,31,9,38
"llama3","seed_206","trained","all_domains_1_samples",1,"greedy","few_shot","unstructured","fact_first","number_list","test_set_1",0.51,0.49,0.45,10,14,99,50,0.56,40,45,0.43,0.43,0.62,0.47,0.43,0.46,0.38,40,5,9
"llama3","seed_206","trained","all_domains_1_samples",1,"greedy","zero_shot","unstructured","fact_first","number_list","test_set_1",0.26,0.74,0.16,39,62,99,26,0.43,35,16,0.21,0.14,0.08,0.27,0.21,0.08,0.13,21,10,52
"llama3","seed_206","untrained","all_domains_0_samples",0,"greedy","few_shot","structured","answer_first","number_list","test_set_1",0.48,0.52,0.31,0,35,99,48,0.48,52,31,0.29,0.29,0.38,0.33,0.5,0.31,0.13,33,17,18
"llama3","seed_206","untrained","all_domains_0_samples",0,"greedy","few_shot","unstructured","answer_first","number_list","test_set_1",0.49,0.51,0.38,0,25,99,49,0.49,51,38,0.36,0.21,0.62,0.4,0.5,0.23,0.38,36,11,14
"llama3","seed_206","untrained","all_domains_0_samples",0,"greedy","zero_shot","structured","answer_first","number_list","test_set_1",0.01,0.99,0,97,98,99,1,0.33,2,0,0,0,0,0,0,0,0,1,1,97
"llama2","seed_206","trained","all_domains_1_samples",1,"greedy","few_shot","structured","answer_first","number_list","test_set_1",0.39,0.61,0.28,0,29,99,39,0.39,61,28,0.21,0.43,0.38,0.07,0.21,0.31,0.38,42,11,18
"llama2","seed_206","trained","all_domains_1_samples",1,"greedy","zero_shot","unstructured","fact_first","number_list","test_set_1",0.02,0.98,0.02,86,82,99,2,0.14,12,2,0,0,0.15,0,0,0,0,15,0,82
"llama3","seed_206","untrained","all_domains_0_samples",0,"greedy","zero_shot","unstructured","answer_first","number_list","test_set_1",0.42,0.58,0.15,6,60,99,42,0.45,52,15,0.07,0.21,0.15,0.13,0.14,0.38,0,24,27,33
"llama2","seed_206","trained","all_domains_1_samples",1,"greedy","few_shot","unstructured","answer_first","number_list","test_set_1",0.4,0.6,0.31,0,23,99,40,0.4,60,31,0.21,0.57,0.38,0.07,0.21,0.31,0.44,45,9,14
"llama3","seed_206","trained","all_domains_1_samples",1,"greedy","few_shot","structured","answer_first","markdown","test_set_1",0.51,0.49,0.27,0,46,99,50,0.5,50,27,0.43,0,0.46,0.47,0.14,0.38,0.06,26,23,23
"llama2","seed_206","trained","all_domains_1_samples",1,"greedy","zero_shot","structured","fact_first","number_list","test_set_1",0.13,0.87,0.09,75,39,99,13,0.52,12,9,0,0,0.08,0.07,0.14,0.23,0.13,51,4,35
"llama3","seed_206","untrained","all_domains_0_samples",0,"greedy","zero_shot","unstructured","fact_first","number_list","test_set_1",0.32,0.68,0.13,43,74,99,32,0.56,25,13,0,0.29,0.15,0.2,0,0.31,0,12,19,55
"llama3","seed_206","untrained","all_domains_0_samples",0,"greedy","few_shot","unstructured","fact_first","number_list","test_set_1",0.44,0.56,0.36,4,25,99,44,0.46,52,36,0.14,0.21,0.54,0.4,0.57,0.31,0.38,38,8,17
"llama3","seed_206","trained","all_domains_1_samples",1,"greedy","few_shot","unstructured","answer_first","markdown","test_set_1",0.48,0.52,0.35,0,33,99,48,0.48,52,35,0.5,0.29,0.62,0.4,0.5,0.23,0,31,13,20
"llama3","seed_206","untrained","all_domains_0_samples",0,"greedy","few_shot","structured","fact_first","number_list","test_set_1",0.62,0.38,0.33,0,47,99,61,0.61,39,33,0.21,0.14,0.62,0.4,0.43,0.38,0.19,19,28,19
"llama3","seed_206","untrained","all_domains_0_samples",0,"greedy","zero_shot","structured","fact_first","number_list","test_set_1",0.04,0.96,0.01,90,96,99,4,0.4,6,1,0,0,0,0,0,0.08,0,2,3,93
"llama2","seed_206","trained","all_domains_1_samples",1,"greedy","few_shot","unstructured","fact_first","number_list","test_set_1",0.22,0.78,0.19,54,19,99,22,0.48,24,19,0.14,0.29,0.15,0.07,0.14,0.23,0.31,61,3,16
"llama2","seed_206","trained","all_domains_1_samples",1,"greedy","few_shot","structured","fact_first","number_list","test_set_1",0.35,0.65,0.27,6,33,99,35,0.37,59,27,0.14,0.43,0.46,0.07,0.29,0.31,0.25,39,8,25
"llama3","seed_206","trained","all_domains_1_samples",1,"temp_025","zero_shot","structured","answer_first","number_list","test_set_1",0.44,0.56,0.33,3,23,99,44,0.45,53,33,0.36,0.36,0.31,0.33,0.43,0.46,0.13,43,11,12
"llama3","seed_206","trained","all_domains_1_samples",1,"temp_025","few_shot","structured","answer_first","number_list","test_set_1",0.49,0.51,0.41,0,19,99,49,0.49,51,41,0.43,0.36,0.69,0.33,0.5,0.31,0.31,39,8,11
"llama2","seed_206","untrained","all_domains_0_samples",0,"greedy","zero_shot","structured","answer_first","number_list","test_set_1",0.04,0.96,0.03,87,91,99,4,0.31,9,3,0,0,0.15,0,0,0.08,0,5,1,90
"llama3","seed_206","trained","all_domains_1_samples",1,"temp_025","few_shot","unstructured","answer_first","number_list","test_set_1",0.46,0.54,0.39,1,15,99,46,0.46,53,39,0.43,0.29,0.62,0.4,0.57,0.23,0.25,45,7,8
"llama3","seed_206","trained","all_domains_1_samples",1,"temp_025","zero_shot","unstructured","answer_first","number_list","test_set_1",0.23,0.77,0.17,38,52,99,23,0.37,39,17,0.29,0.14,0.31,0.13,0.14,0.15,0.06,30,6,46
"llama3","seed_206","trained","all_domains_1_samples",1,"greedy","zero_shot","unstructured","answer_first","markdown","test_set_1",0.13,0.87,0,77,99,99,13,0.57,10,0,0,0,0,0,0,0,0,0,13,86
"llama2","seed_206","trained","all_domains_1_samples",1,"greedy","few_shot","unstructured","answer_first","markdown","test_set_1",0.4,0.6,0.28,0,29,99,40,0.4,60,28,0.14,0.5,0.38,0.13,0.14,0.38,0.31,42,12,17
"llama3","seed_206","trained","all_domains_1_samples",1,"greedy","zero_shot","structured","answer_first","markdown","test_set_1",0.46,0.54,0,4,99,99,46,0.48,50,0,0,0,0,0,0,0,0,0,46,53
"llama3","seed_206","trained","all_domains_1_samples",1,"temp_025","zero_shot","unstructured","fact_first","number_list","test_set_1",0.32,0.68,0.22,37,58,99,32,0.51,31,22,0.21,0.29,0,0.13,0.43,0.38,0.13,19,10,48
"llama3","seed_206","untrained","all_domains_0_samples",0,"greedy","few_shot","unstructured","answer_first","markdown","test_set_1",0.54,0.46,0,2,99,99,53,0.54,45,0,0,0,0,0,0,0,0,0,53,46
"llama2","seed_206","trained","all_domains_1_samples",1,"greedy","few_shot","structured","answer_first","markdown","test_set_1",0.33,0.67,0.25,1,33,99,33,0.33,66,25,0.14,0.57,0.38,0,0.14,0.31,0.25,41,8,25
"llama3","seed_206","trained","all_domains_1_samples",1,"temp_025","few_shot","unstructured","fact_first","number_list","test_set_1",0.41,0.59,0.38,8,14,99,41,0.45,51,38,0.21,0.36,0.69,0.4,0.43,0.23,0.38,47,3,11
"llama3","seed_206","trained","all_domains_1_samples",1,"greedy","zero_shot","structured","fact_first","markdown","test_set_1",0.51,0.49,0.01,8,97,99,50,0.54,42,1,0,0,0.08,0,0,0,0,1,49,48
"llama3","seed_206","untrained","all_domains_0_samples",0,"greedy","few_shot","structured","answer_first","markdown","test_set_1",0.35,0.65,0,33,98,99,35,0.52,32,0,0,0,0,0,0,0,0,1,35,63
"llama2","seed_206","untrained","all_domains_0_samples",0,"greedy","zero_shot","unstructured","answer_first","number_list","test_set_1",0,1,0,99,99,99,0,0,1,0,0,0,0,0,0,0,0,0,0,99
"llama3","seed_206","trained","all_domains_1_samples",1,"temp_025","zero_shot","structured","fact_first","number_list","test_set_1",0.52,0.48,0.26,0,54,99,51,0.51,49,26,0.07,0.5,0.38,0.27,0.21,0.46,0,19,25,29
"llama3","seed_206","trained","all_domains_1_samples",1,"greedy","few_shot","structured","fact_first","markdown","test_set_1",0.49,0.51,0.3,0,46,99,49,0.49,51,30,0.57,0,0.38,0.53,0,0.62,0.06,23,19,27
"llama3","seed_206","trained","all_domains_1_samples",1,"greedy","few_shot","unstructured","fact_first","markdown","test_set_1",0.47,0.53,0.4,19,22,99,47,0.58,34,40,0.21,0.29,0.54,0.53,0.57,0.54,0.19,37,7,15
"llama3","seed_206","trained","all_domains_1_samples",1,"temp_025","few_shot","structured","fact_first","number_list","test_set_1",0.53,0.47,0.41,1,26,99,52,0.53,47,41,0.57,0.36,0.77,0.4,0.36,0.31,0.19,32,11,15
"llama3","seed_206","untrained","all_domains_0_samples",0,"temp_025","few_shot","unstructured","answer_first","number_list","test_set_1",0.48,0.52,0.36,0,25,99,48,0.48,52,36,0.36,0.21,0.46,0.4,0.5,0.23,0.38,38,12,13
"llama2","seed_206","trained","all_domains_1_samples",1,"greedy","zero_shot","structured","answer_first","markdown","test_set_1",0.15,0.85,0,45,99,99,15,0.27,40,0,0,0,0,0,0,0,0,0,15,84
"llama3","seed_206","untrained","all_domains_0_samples",0,"temp_025","zero_shot","unstructured","answer_first","number_list","test_set_1",0.42,0.58,0.15,5,57,99,42,0.44,53,15,0.07,0,0.15,0.2,0.14,0.54,0,27,27,30
"llama2","seed_206","untrained","all_domains_0_samples",0,"greedy","zero_shot","structured","fact_first","number_list","test_set_1",0.03,0.97,0.03,87,88,99,3,0.23,10,3,0,0,0.23,0,0,0,0,8,0,88
"llama3","seed_206","untrained","all_domains_0_samples",0,"temp_025","zero_shot","structured","answer_first","number_list","test_set_1",0,1,0,98,98,99,0,0,2,0,0,0,0,0,0,0,0,1,0,98
"llama3","seed_206","untrained","all_domains_0_samples",0,"greedy","zero_shot","unstructured","answer_first","markdown","test_set_1",0,1,0,99,99,99,0,0,1,0,0,0,0,0,0,0,0,0,0,99
"llama3","seed_206","untrained","all_domains_0_samples",0,"temp_025","few_shot","structured","answer_first","number_list","test_set_1",0.46,0.54,0.29,0,38,99,46,0.46,54,29,0.21,0.07,0.38,0.33,0.57,0.15,0.31,32,17,21
"llama3","seed_206","untrained","all_domains_0_samples",0,"temp_025","zero_shot","unstructured","fact_first","number_list","test_set_1",0.29,0.71,0.1,48,79,99,29,0.56,23,10,0,0.21,0.08,0.13,0,0.31,0,10,19,60
"llama2","seed_206","untrained","all_domains_0_samples",0,"greedy","zero_shot","unstructured","fact_first","number_list","test_set_1",0,1,0,99,99,99,0,0,1,0,0,0,0,0,0,0,0,0,0,99
"llama3","seed_206","untrained","all_domains_0_samples",0,"temp_025","few_shot","unstructured","fact_first","number_list","test_set_1",0.51,0.49,0.43,0,23,99,50,0.5,50,43,0.29,0.5,0.54,0.53,0.5,0.38,0.31,33,7,16
"llama2","seed_206","untrained","all_domains_0_samples",0,"greedy","few_shot","structured","answer_first","number_list","test_set_1",0.4,0.6,0.32,0,21,99,40,0.4,60,32,0.14,0.57,0.38,0.13,0.21,0.31,0.5,46,8,13
"llama2","seed_206","trained","all_domains_1_samples",1,"greedy","zero_shot","unstructured","answer_first","markdown","test_set_1",0.04,0.96,0,85,99,99,4,0.27,11,0,0,0,0,0,0,0,0,0,4,95
"llama2","seed_206","untrained","all_domains_0_samples",0,"greedy","few_shot","unstructured","answer_first","number_list","test_set_1",0.36,0.64,0.27,0,23,99,36,0.36,64,27,0.14,0.5,0.46,0.13,0.07,0.23,0.38,49,9,14
"llama2","seed_206","trained","all_domains_1_samples",1,"temp_025","zero_shot","structured","answer_first","number_list","test_set_1",0.29,0.71,0.22,4,28,99,29,0.3,67,22,0.14,0.29,0.38,0.07,0.36,0.31,0.06,49,7,21
"llama3","seed_206","untrained","all_domains_0_samples",0,"greedy","zero_shot","structured","answer_first","markdown","test_set_1",0,1,0,99,99,99,0,0,1,0,0,0,0,0,0,0,0,0,0,99
"llama2","seed_206","trained","all_domains_1_samples",1,"greedy","zero_shot","unstructured","fact_first","markdown","test_set_1",0.03,0.97,0,86,99,99,3,0.21,11,0,0,0,0,0,0,0,0,0,3,96
"llama3","seed_206","untrained","all_domains_0_samples",0,"greedy","zero_shot","structured","fact_first","markdown","test_set_1",0.01,0.99,0,98,99,99,1,0.5,1,0,0,0,0,0,0,0,0,0,1,98
"llama2","seed_206","trained","all_domains_1_samples",1,"greedy","zero_shot","structured","fact_first","markdown","test_set_1",0.07,0.93,0,78,99,99,7,0.32,15,0,0,0,0,0,0,0,0,0,7,92
"llama3","seed_206","untrained","all_domains_0_samples",0,"greedy","few_shot","unstructured","fact_first","markdown","test_set_1",0.55,0.45,0,0,99,99,54,0.54,46,0,0,0,0,0,0,0,0,0,54,45
"llama3","seed_206","trained","all_domains_1_samples",1,"temp_025","few_shot","structured","answer_first","markdown","test_set_1",0.54,0.46,0.25,0,49,99,53,0.53,47,25,0.36,0,0.38,0.47,0.14,0.38,0.06,25,28,21
"llama3","seed_206","trained","all_domains_1_samples",1,"temp_025","few_shot","unstructured","answer_first","markdown","test_set_1",0.46,0.54,0.35,0,28,99,46,0.46,54,35,0.5,0.21,0.54,0.47,0.43,0.23,0.13,36,11,17
"llama3","seed_206","untrained","all_domains_0_samples",0,"temp_025","zero_shot","structured","fact_first","number_list","test_set_1",0.06,0.94,0.02,91,96,99,6,0.67,3,2,0,0.07,0,0,0,0.08,0,1,4,92
"llama2","seed_206","trained","all_domains_1_samples",1,"greedy","few_shot","structured","fact_first","markdown","test_set_1",0.32,0.68,0.22,2,31,99,32,0.33,66,22,0.29,0.21,0.38,0.13,0.07,0.23,0.25,46,10,21
"llama2","seed_206","trained","all_domains_1_samples",1,"greedy","few_shot","unstructured","fact_first","markdown","test_set_1",0.26,0.74,0.17,44,33,99,26,0.46,30,17,0.21,0.36,0.23,0,0.07,0.08,0.25,49,9,24
"llama3","seed_206","trained","all_domains_1_samples",1,"temp_06","zero_shot","unstructured","answer_first","number_list","test_set_1",0.29,0.71,0.25,37,47,99,29,0.46,34,25,0.43,0.21,0.31,0.13,0.36,0.38,0,27,4,43
"llama3","seed_206","trained","all_domains_1_samples",1,"temp_025","zero_shot","unstructured","answer_first","markdown","test_set_1",0.12,0.88,0,77,99,99,12,0.52,11,0,0,0,0,0,0,0,0,0,12,87
"llama3","seed_206","untrained","all_domains_0_samples",0,"temp_025","few_shot","structured","fact_first","number_list","test_set_1",0.48,0.52,0.25,0,47,99,48,0.48,52,25,0.07,0.07,0.46,0.27,0.36,0.31,0.25,27,23,24
"llama3","seed_206","trained","all_domains_1_samples",1,"temp_06","few_shot","unstructured","answer_first","number_list","test_set_1",0.54,0.46,0.47,0,16,99,53,0.53,47,47,0.5,0.36,0.77,0.33,0.57,0.46,0.38,36,6,10
"llama3","seed_206","untrained","all_domains_0_samples",0,"greedy","few_shot","structured","fact_first","markdown","test_set_1",0.52,0.48,0.01,14,98,99,51,0.59,35,1,0,0,0,0.07,0,0,0,0,50,48
"llama2","seed_206","untrained","all_domains_0_samples",0,"greedy","few_shot","unstructured","fact_first","number_list","test_set_1",0.22,0.78,0.17,44,25,99,22,0.39,34,17,0.14,0.21,0.15,0.07,0.07,0.23,0.31,57,5,20
"llama2","seed_206","trained","all_domains_1_samples",1,"temp_025","zero_shot","unstructured","answer_first","number_list","test_set_1",0.16,0.84,0.12,42,60,99,16,0.28,42,12,0.14,0.29,0.15,0.07,0.14,0.08,0,27,4,56
"llama3","seed_206","trained","all_domains_1_samples",1,"greedy","zero_shot","unstructured","fact_first","markdown","test_set_1",0.47,0.53,0.04,17,92,99,47,0.57,36,4,0,0,0.15,0.13,0,0,0,3,43,49
"llama3","seed_206","trained","all_domains_1_samples",1,"temp_06","zero_shot","structured","answer_first","number_list","test_set_1",0.43,0.57,0.34,9,28,99,43,0.47,48,34,0.36,0.36,0.31,0.27,0.43,0.46,0.25,37,9,19
"llama2","seed_206","untrained","all_domains_0_samples",0,"greedy","few_shot","structured","fact_first","number_list","test_set_1",0.4,0.6,0.32,3,23,99,40,0.41,57,32,0.21,0.43,0.38,0.2,0.21,0.38,0.44,44,8,15
"llama3","seed_206","trained","all_domains_1_samples",1,"temp_06","few_shot","unstructured","fact_first","number_list","test_set_1",0.44,0.56,0.4,2,17,99,44,0.45,54,40,0.29,0.43,0.77,0.2,0.5,0.54,0.19,42,4,13
"llama3","seed_206","trained","all_domains_1_samples",1,"temp_06","zero_shot","unstructured","fact_first","number_list","test_set_1",0.3,0.7,0.22,45,59,99,30,0.55,25,22,0.36,0.21,0,0.13,0.29,0.23,0.31,18,8,51
"llama3","seed_206","trained","all_domains_1_samples",1,"temp_06","few_shot","structured","answer_first","number_list","test_set_1",0.48,0.52,0.39,1,20,99,48,0.48,51,39,0.36,0.36,0.54,0.53,0.5,0.23,0.25,40,9,11
"llama3","seed_206","trained","all_domains_1_samples",1,"temp_025","zero_shot","structured","answer_first","markdown","test_set_1",0.4,0.6,0,6,99,99,40,0.43,54,0,0,0,0,0,0,0,0,0,40,59
"llama2","seed_206","trained","all_domains_1_samples",1,"temp_025","zero_shot","structured","fact_first","number_list","test_set_1",0.09,0.91,0.04,76,42,99,9,0.38,15,4,0,0,0.15,0,0,0.08,0.06,53,5,37
"llama3","seed_206","untrained","all_domains_0_samples",0,"temp_06","zero_shot","unstructured","answer_first","number_list","test_set_1",0.36,0.64,0.17,20,67,99,36,0.45,44,17,0.14,0.14,0.15,0.27,0.29,0.23,0,15,19,48
"llama3","seed_206","trained","all_domains_1_samples",1,"temp_025","zero_shot","structured","fact_first","markdown","test_set_1",0.48,0.52,0,14,98,99,48,0.56,38,0,0,0,0,0,0,0,0,1,48,50
"llama3","seed_206","untrained","all_domains_0_samples",0,"temp_025","few_shot","unstructured","answer_first","markdown","test_set_1",0.51,0.49,0,3,99,99,50,0.52,47,0,0,0,0,0,0,0,0,0,50,49
"llama2","seed_206","untrained","all_domains_0_samples",0,"greedy","few_shot","unstructured","answer_first","markdown","test_set_1",0.36,0.64,0.24,0,34,99,36,0.36,64,24,0.14,0.43,0.38,0,0.14,0.23,0.38,41,12,22
"llama2","seed_206","trained","all_domains_1_samples",1,"temp_025","zero_shot","unstructured","fact_first","number_list","test_set_1",0.05,0.95,0.04,86,79,99,5,0.36,9,4,0,0,0.23,0,0.07,0,0,16,1,78
"llama3","seed_206","untrained","all_domains_0_samples",0,"temp_06","few_shot","unstructured","answer_first","number_list","test_set_1",0.45,0.55,0.35,0,27,99,45,0.45,55,35,0.36,0.43,0.38,0.33,0.43,0.23,0.31,37,10,17
"llama2","seed_206","untrained","all_domains_0_samples",0,"greedy","few_shot","structured","answer_first","markdown","test_set_1",0.35,0.65,0.26,0,31,99,35,0.35,65,26,0.14,0.57,0.31,0.07,0.14,0.23,0.38,42,9,22
"llama3","seed_206","untrained","all_domains_0_samples",0,"temp_025","zero_shot","unstructured","answer_first","markdown","test_set_1",0,1,0,99,99,99,0,0,1,0,0,0,0,0,0,0,0,0,0,99
"llama3","seed_206","trained","all_domains_1_samples",1,"temp_06","zero_shot","structured","fact_first","number_list","test_set_1",0.49,0.51,0.26,3,57,99,49,0.51,48,26,0.07,0.5,0.46,0.27,0.21,0.38,0,16,23,34
"llama3","seed_206","trained","all_domains_1_samples",1,"temp_025","few_shot","unstructured","fact_first","markdown","test_set_1",0.39,0.61,0.28,17,27,99,39,0.47,44,28,0.14,0.29,0.46,0.4,0.36,0.38,0,44,11,16
"llama2","seed_206","untrained","all_domains_0_samples",0,"greedy","zero_shot","structured","answer_first","markdown","test_set_1",0,1,0,99,99,99,0,0,1,0,0,0,0,0,0,0,0,0,0,99
"llama3","seed_206","untrained","all_domains_0_samples",0,"temp_06","few_shot","unstructured","fact_first","number_list","test_set_1",0.51,0.49,0.37,0,28,99,50,0.5,50,37,0.36,0.36,0.46,0.33,0.57,0.31,0.25,34,13,15
"llama3","seed_206","untrained","all_domains_0_samples",0,"temp_06","zero_shot","unstructured","fact_first","number_list","test_set_1",0.24,0.76,0.1,56,85,99,24,0.55,20,10,0,0.29,0.08,0.07,0.07,0.23,0,4,14,71
"llama2","seed_206","untrained","all_domains_0_samples",0,"temp_025","zero_shot","structured","answer_first","number_list","test_set_1",0.03,0.97,0.02,81,86,99,3,0.16,16,2,0,0.14,0,0,0,0,0,11,1,85
"llama3","seed_206","untrained","all_domains_0_samples",0,"temp_025","few_shot","structured","answer_first","markdown","test_set_1",0.33,0.67,0,32,98,99,33,0.49,35,0,0,0,0,0,0,0,0,1,33,65
"llama3","seed_206","untrained","all_domains_0_samples",0,"greedy","zero_shot","unstructured","fact_first","markdown","test_set_1",0.05,0.95,0,85,99,99,5,0.33,10,0,0,0,0,0,0,0,0,0,5,94
"llama3","seed_206","trained","all_domains_1_samples",1,"temp_06","few_shot","structured","fact_first","number_list","test_set_1",0.47,0.53,0.34,0,30,99,47,0.47,53,34,0.36,0.14,0.69,0.4,0.29,0.38,0.19,35,13,17
"llama3","seed_206","trained","all_domains_1_samples",1,"temp_025","few_shot","structured","fact_first","markdown","test_set_1",0.58,0.42,0.36,0,44,99,57,0.57,43,36,0.64,0.14,0.54,0.47,0.07,0.69,0.06,19,21,23
"llama3","seed_206","untrained","all_domains_0_samples",0,"temp_06","zero_shot","structured","answer_first","number_list","test_set_1",0.02,0.98,0,95,98,99,2,0.4,3,0,0,0,0,0,0,0,0,1,2,96
"llama2","seed_206","untrained","all_domains_0_samples",0,"greedy","zero_shot","unstructured","answer_first","markdown","test_set_1",0,1,0,99,99,99,0,0,1,0,0,0,0,0,0,0,0,0,0,99
"llama3","seed_206","untrained","all_domains_0_samples",0,"temp_06","few_shot","structured","answer_first","number_list","test_set_1",0.45,0.55,0.24,0,41,99,45,0.45,55,24,0.14,0.14,0.31,0.33,0.43,0.38,0,34,21,20
"llama3","seed_206","untrained","all_domains_0_samples",0,"temp_025","zero_shot","structured","answer_first","markdown","test_set_1",0,1,0,98,99,99,0,0,2,0,0,0,0,0,0,0,0,0,0,99
"llama2","seed_206","untrained","all_domains_0_samples",0,"greedy","zero_shot","unstructured","fact_first","markdown","test_set_1",0,1,0,99,99,99,0,0,1,0,0,0,0,0,0,0,0,0,0,99
"llama2","seed_206","untrained","all_domains_0_samples",0,"greedy","zero_shot","structured","fact_first","markdown","test_set_1",0,1,0,99,99,99,0,0,1,0,0,0,0,0,0,0,0,0,0,99
"llama3","seed_206","trained","all_domains_1_samples",1,"temp_06","zero_shot","unstructured","answer_first","markdown","test_set_1",0.13,0.87,0,73,99,99,13,0.48,14,0,0,0,0,0,0,0,0,0,13,86
"llama3","seed_989","trained","all_domains_1_samples",1,"greedy","zero_shot","unstructured","answer_first","number_list","test_set_1",0.23,0.77,0.2,42,52,99,23,0.4,35,20,0.36,0.21,0.31,0.13,0.14,0.23,0.06,27,3,49
"llama3","seed_206","trained","all_domains_1_samples",1,"temp_06","few_shot","unstructured","answer_first","markdown","test_set_1",0.45,0.55,0.32,0,32,99,45,0.45,55,32,0.36,0.21,0.69,0.47,0.29,0.23,0.06,35,13,19
"llama3","seed_206","untrained","all_domains_0_samples",0,"temp_025","zero_shot","structured","fact_first","markdown","test_set_1",0.01,0.99,0,98,99,99,1,0.5,1,0,0,0,0,0,0,0,0,0,1,98
"llama3","seed_206","untrained","all_domains_0_samples",0,"temp_025","few_shot","unstructured","fact_first","markdown","test_set_1",0.52,0.48,0,1,99,99,51,0.52,48,0,0,0,0,0,0,0,0,0,51,48
"llama2","seed_206","trained","all_domains_1_samples",1,"temp_025","few_shot","structured","answer_first","number_list","test_set_1",0.32,0.68,0.25,4,30,99,32,0.33,64,25,0.07,0.5,0.46,0,0.29,0.15,0.31,44,7,23
"llama2","seed_206","trained","all_domains_1_samples",1,"temp_025","few_shot","unstructured","answer_first","number_list","test_set_1",0.3,0.7,0.24,0,22,99,30,0.3,70,24,0.14,0.21,0.31,0.13,0.36,0.15,0.38,53,6,16
"llama2","seed_206","untrained","all_domains_0_samples",0,"temp_025","zero_shot","unstructured","answer_first","number_list","test_set_1",0,1,0,99,99,99,0,0,1,0,0,0,0,0,0,0,0,0,0,99
"llama3","seed_989","trained","all_domains_1_samples",1,"greedy","few_shot","unstructured","fact_first","number_list","test_set_1",0.51,0.49,0.45,10,14,99,50,0.56,40,45,0.43,0.43,0.62,0.47,0.43,0.46,0.38,40,5,9
"llama3","seed_989","trained","all_domains_1_samples",1,"greedy","few_shot","unstructured","answer_first","number_list","test_set_1",0.47,0.53,0.4,0,14,99,47,0.47,53,40,0.43,0.29,0.62,0.33,0.57,0.31,0.31,45,7,7
"llama3","seed_206","untrained","all_domains_0_samples",0,"temp_06","zero_shot","structured","fact_first","number_list","test_set_1",0.08,0.92,0.02,86,95,99,8,0.57,6,2,0,0.07,0.08,0,0,0,0,2,6,89
"llama3","seed_989","trained","all_domains_1_samples",1,"greedy","zero_shot","unstructured","fact_first","number_list","test_set_1",0.26,0.74,0.16,39,62,99,26,0.43,35,16,0.21,0.14,0.08,0.27,0.21,0.08,0.13,21,10,52
"llama3","seed_206","trained","all_domains_1_samples",1,"temp_025","zero_shot","unstructured","fact_first","markdown","test_set_1",0.45,0.55,0.05,10,86,99,45,0.5,45,5,0,0,0.23,0.07,0,0.08,0,8,40,46
"llama2","seed_206","untrained","all_domains_0_samples",0,"greedy","few_shot","unstructured","fact_first","markdown","test_set_1",0.3,0.7,0.19,29,34,99,30,0.42,41,19,0.21,0.21,0.23,0.07,0.14,0.23,0.25,46,11,23
"llama2","seed_206","untrained","all_domains_0_samples",0,"temp_025","zero_shot","structured","fact_first","number_list","test_set_1",0.03,0.97,0.02,90,88,99,3,0.3,7,2,0,0,0.08,0,0,0.08,0,9,1,87
"llama2","seed_206","untrained","all_domains_0_samples",0,"greedy","few_shot","structured","fact_first","markdown","test_set_1",0.35,0.65,0.22,1,31,99,35,0.35,64,22,0.14,0.29,0.46,0.07,0.07,0.38,0.19,46,13,18
"llama3","seed_206","trained","all_domains_1_samples",1,"temp_06","few_shot","structured","answer_first","markdown","test_set_1",0.49,0.51,0.25,0,46,99,49,0.49,51,25,0.36,0,0.38,0.47,0.21,0.31,0.06,28,24,22
"llama3","seed_989","trained","all_domains_1_samples",1,"greedy","zero_shot","structured","answer_first","number_list","test_set_1",0.43,0.57,0.32,2,24,99,43,0.44,55,32,0.36,0.36,0.31,0.27,0.43,0.46,0.13,43,11,13
"llama2","seed_206","trained","all_domains_1_samples",1,"temp_06","zero_shot","structured","answer_first","number_list","test_set_1",0.21,0.79,0.16,21,44,99,21,0.27,58,16,0.21,0.07,0.31,0.13,0.29,0,0.13,39,5,39
"llama3","seed_206","untrained","all_domains_0_samples",0,"temp_06","few_shot","structured","fact_first","number_list","test_set_1",0.49,0.51,0.24,1,56,99,49,0.49,50,24,0.14,0.14,0.38,0.27,0.29,0.38,0.13,19,25,31
"llama2","seed_206","trained","all_domains_1_samples",1,"temp_025","few_shot","unstructured","fact_first","number_list","test_set_1",0.28,0.72,0.22,36,22,99,28,0.44,36,22,0.07,0.29,0.38,0.2,0.14,0.23,0.25,55,6,16
"llama3","seed_989","untrained","all_domains_0_samples",0,"greedy","zero_shot","unstructured","answer_first","number_list","test_set_1",0.42,0.58,0.15,6,60,99,42,0.45,52,15,0.07,0.21,0.15,0.13,0.14,0.38,0,24,27,33
"llama3","seed_989","trained","all_domains_1_samples",1,"greedy","few_shot","structured","answer_first","number_list","test_set_1",0.51,0.49,0.4,0,18,99,50,0.5,50,40,0.43,0.43,0.62,0.33,0.5,0.38,0.19,41,10,8
"llama3","seed_206","untrained","all_domains_0_samples",0,"temp_025","few_shot","structured","fact_first","markdown","test_set_1",0.47,0.53,0,19,99,99,47,0.58,34,0,0,0,0,0,0,0,0,0,47,52
"llama2","seed_206","trained","all_domains_1_samples",1,"temp_025","few_shot","structured","fact_first","number_list","test_set_1",0.43,0.57,0.32,6,34,99,43,0.46,51,32,0.21,0.43,0.46,0.07,0.21,0.31,0.56,33,11,23
"llama3","seed_206","untrained","all_domains_0_samples",0,"temp_06","few_shot","unstructured","answer_first","markdown","test_set_1",0.49,0.51,0,11,97,99,49,0.55,40,0,0,0,0,0,0,0,0,2,49,48
"llama3","seed_206","trained","all_domains_1_samples",1,"temp_06","zero_shot","structured","answer_first","markdown","test_set_1",0.43,0.57,0.02,9,96,99,43,0.47,48,2,0.07,0,0,0,0,0.08,0,1,41,55
"llama2","seed_206","trained","all_domains_1_samples",1,"temp_025","zero_shot","structured","answer_first","markdown","test_set_1",0.15,0.85,0,40,99,99,15,0.25,45,0,0,0,0,0,0,0,0,0,15,84
"llama3","seed_206","untrained","all_domains_0_samples",0,"temp_06","zero_shot","unstructured","answer_first","markdown","test_set_1",0,1,0,98,99,99,0,0,2,0,0,0,0,0,0,0,0,0,0,99
"llama3","seed_989","untrained","all_domains_0_samples",0,"greedy","zero_shot","unstructured","fact_first","number_list","test_set_1",0.32,0.68,0.13,43,74,99,32,0.56,25,13,0,0.29,0.15,0.2,0,0.31,0,12,19,55
"llama2","seed_206","untrained","all_domains_0_samples",0,"temp_025","zero_shot","unstructured","fact_first","number_list","test_set_1",0,1,0,99,99,99,0,0,1,0,0,0,0,0,0,0,0,0,0,99
"llama3","seed_989","untrained","all_domains_0_samples",0,"greedy","few_shot","unstructured","answer_first","number_list","test_set_1",0.49,0.51,0.38,0,25,99,49,0.49,51,38,0.36,0.21,0.62,0.4,0.5,0.23,0.38,36,11,14
"llama3","seed_989","untrained","all_domains_0_samples",0,"greedy","few_shot","unstructured","fact_first","number_list","test_set_1",0.44,0.56,0.36,4,25,99,44,0.46,52,36,0.14,0.21,0.54,0.4,0.57,0.31,0.38,38,8,17
"llama3","seed_206","trained","all_domains_1_samples",1,"temp_06","zero_shot","structured","fact_first","markdown","test_set_1",0.39,0.61,0,19,98,99,39,0.48,42,0,0,0,0,0,0,0,0,1,39,59
"llama2","seed_206","trained","all_domains_1_samples",1,"temp_06","zero_shot","unstructured","answer_first","number_list","test_set_1",0.13,0.87,0.1,51,67,99,13,0.27,36,10,0.07,0.14,0.15,0.07,0.21,0.08,0,22,3,64
"llama3","seed_206","trained","all_domains_1_samples",1,"temp_06","few_shot","unstructured","fact_first","markdown","test_set_1",0.44,0.56,0.33,14,26,99,44,0.51,42,33,0.5,0.43,0.54,0.33,0.21,0.31,0.06,40,11,15
"llama3","seed_989","trained","all_domains_1_samples",1,"greedy","zero_shot","structured","fact_first","number_list","test_set_1",0.51,0.49,0.27,0,46,99,50,0.5,50,27,0.14,0.43,0.46,0.2,0.21,0.46,0.06,26,23,23
"llama2","seed_206","trained","all_domains_1_samples",1,"temp_025","few_shot","unstructured","answer_first","markdown","test_set_1",0.39,0.61,0.28,0,36,99,39,0.39,61,28,0.29,0.43,0.46,0.13,0.21,0.15,0.31,35,11,25
"llama3","seed_206","untrained","all_domains_0_samples",0,"temp_025","zero_shot","unstructured","fact_first","markdown","test_set_1",0.04,0.96,0,89,99,99,4,0.36,7,0,0,0,0,0,0,0,0,0,4,95
"llama3","seed_206","trained","all_domains_10_samples",10,"greedy","zero_shot","unstructured","answer_first","number_list","test_set_1",0.43,0.57,0.37,0,9,99,43,0.43,57,37,0.5,0.21,0.46,0.47,0.36,0.46,0.19,53,6,3
"llama2","seed_206","trained","all_domains_1_samples",1,"temp_025","zero_shot","unstructured","answer_first","markdown","test_set_1",0.09,0.91,0,77,99,99,9,0.39,14,0,0,0,0,0,0,0,0,0,9,90
"llama2","seed_206","trained","all_domains_1_samples",1,"temp_025","few_shot","structured","answer_first","markdown","test_set_1",0.33,0.67,0.22,12,36,99,33,0.38,55,22,0.14,0.43,0.38,0,0.14,0.31,0.19,41,11,25
"llama2","seed_206","trained","all_domains_10_samples",10,"greedy","zero_shot","unstructured","answer_first","number_list","test_set_1",0.39,0.61,0.35,0,12,99,39,0.39,61,35,0.14,0.5,0.46,0.2,0.36,0.38,0.44,52,4,8
"llama3","seed_989","untrained","all_domains_0_samples",0,"greedy","zero_shot","structured","answer_first","number_list","test_set_1",0.01,0.99,0,97,98,99,1,0.33,2,0,0,0,0,0,0,0,0,1,1,97
"llama3","seed_206","trained","all_domains_10_samples",10,"greedy","zero_shot","structured","answer_first","number_list","test_set_1",0.46,0.54,0.42,0,10,99,46,0.46,54,42,0.5,0.36,0.62,0.47,0.36,0.38,0.31,47,4,6
"llama3","seed_989","trained","all_domains_1_samples",1,"greedy","few_shot","structured","fact_first","number_list","test_set_1",0.56,0.44,0.42,0,28,99,55,0.55,45,42,0.64,0.29,0.85,0.33,0.36,0.46,0.13,29,13,15
"llama2","seed_206","untrained","all_domains_0_samples",0,"temp_06","zero_shot","structured","answer_first","number_list","test_set_1",0.02,0.98,0.01,88,93,99,2,0.17,10,1,0,0,0.08,0,0,0,0,5,1,92
"llama3","seed_989","trained","all_domains_1_samples",1,"temp_025","zero_shot","unstructured","answer_first","number_list","test_set_1",0.23,0.77,0.2,40,51,99,23,0.38,37,20,0.36,0.14,0.31,0.2,0.21,0.15,0.06,28,3,48
"llama3","seed_989","trained","all_domains_1_samples",1,"greedy","zero_shot","unstructured","answer_first","markdown","test_set_1",0.13,0.87,0,77,99,99,13,0.57,10,0,0,0,0,0,0,0,0,0,13,86
"llama3","seed_206","trained","all_domains_10_samples",10,"greedy","few_shot","structured","answer_first","number_list","test_set_1",0.49,0.51,0.47,0,6,99,49,0.49,51,47,0.64,0.36,0.54,0.33,0.43,0.54,0.5,46,2,4
"llama3","seed_206","untrained","all_domains_0_samples",0,"temp_06","few_shot","structured","answer_first","markdown","test_set_1",0.27,0.73,0.02,34,95,99,27,0.41,39,2,0,0,0.08,0,0,0.08,0,2,25,70
"llama3","seed_989","untrained","all_domains_0_samples",0,"greedy","few_shot","structured","answer_first","number_list","test_set_1",0.48,0.52,0.31,0,35,99,48,0.48,52,31,0.29,0.29,0.38,0.33,0.5,0.31,0.13,33,17,18
"llama2","seed_206","trained","all_domains_1_samples",1,"temp_025","zero_shot","unstructured","fact_first","markdown","test_set_1",0.04,0.96,0,89,99,99,4,0.36,7,0,0,0,0,0,0,0,0,0,4,95
"llama2","seed_206","trained","all_domains_10_samples",10,"greedy","zero_shot","structured","answer_first","number_list","test_set_1",0.24,0.76,0.22,0,9,99,24,0.24,76,22,0.14,0.29,0.23,0.27,0.29,0.23,0.13,68,2,7
"llama2","seed_206","trained","all_domains_1_samples",1,"temp_025","zero_shot","structured","fact_first","markdown","test_set_1",0.09,0.91,0,74,99,99,9,0.35,17,0,0,0,0,0,0,0,0,0,9,90
"llama2","seed_206","trained","all_domains_10_samples",10,"greedy","few_shot","unstructured","answer_first","number_list","test_set_1",0.34,0.66,0.31,0,15,99,34,0.34,66,31,0.21,0.43,0.38,0.13,0.36,0.38,0.31,53,3,12
"llama3","seed_206","untrained","all_domains_0_samples",0,"temp_06","zero_shot","structured","answer_first","markdown","test_set_1",0.02,0.98,0,97,99,99,2,0.67,1,0,0,0,0,0,0,0,0,0,2,97
"llama3","seed_206","trained","all_domains_1_samples",1,"temp_06","few_shot","structured","fact_first","markdown","test_set_1",0.57,0.43,0.33,1,47,99,56,0.57,43,33,0.57,0,0.62,0.53,0.07,0.54,0.06,19,23,24
"llama2","seed_206","trained","all_domains_1_samples",1,"temp_06","zero_shot","structured","fact_first","number_list","test_set_1",0.07,0.93,0.04,76,53,99,7,0.29,17,4,0,0,0.08,0.07,0.14,0,0,42,3,50
"llama3","seed_206","untrained","all_domains_0_samples",0,"temp_06","few_shot","unstructured","fact_first","markdown","test_set_1",0.53,0.47,0.03,1,94,99,52,0.53,47,3,0,0,0.08,0,0,0.15,0,2,49,45
"llama3","seed_989","trained","all_domains_1_samples",1,"temp_025","zero_shot","unstructured","fact_first","number_list","test_set_1",0.28,0.72,0.18,43,59,99,28,0.49,29,18,0.21,0.29,0.15,0.13,0.07,0.15,0.25,22,10,49
"llama3","seed_989","trained","all_domains_1_samples",1,"temp_025","few_shot","unstructured","fact_first","number_list","test_set_1",0.45,0.55,0.36,13,19,99,45,0.52,42,36,0.36,0.43,0.54,0.4,0.29,0.46,0.13,44,9,10
"llama3","seed_989","trained","all_domains_1_samples",1,"temp_025","few_shot","unstructured","answer_first","number_list","test_set_1",0.48,0.52,0.41,0,14,99,48,0.48,52,41,0.43,0.29,0.69,0.33,0.5,0.31,0.38,44,7,7
"llama3","seed_206","untrained","all_domains_0_samples",0,"temp_06","zero_shot","structured","fact_first","markdown","test_set_1",0,1,0,96,99,99,0,0,4,0,0,0,0,0,0,0,0,0,0,99
"llama2","seed_206","trained","all_domains_1_samples",1,"temp_06","zero_shot","unstructured","fact_first","number_list","test_set_1",0.07,0.93,0.06,78,75,99,7,0.32,15,6,0.07,0.07,0.31,0,0,0,0,18,1,74
"llama3","seed_206","trained","all_domains_1_samples",1,"temp_06","zero_shot","unstructured","fact_first","markdown","test_set_1",0.39,0.61,0.08,13,83,99,39,0.45,48,8,0.14,0.14,0.08,0.07,0.14,0,0,8,31,52
"llama3","seed_989","trained","all_domains_1_samples",1,"greedy","few_shot","unstructured","answer_first","markdown","test_set_1",0.48,0.52,0.35,0,33,99,48,0.48,52,35,0.5,0.29,0.62,0.4,0.5,0.23,0,31,13,20
"llama2","seed_206","trained","all_domains_10_samples",10,"greedy","few_shot","structured","answer_first","number_list","test_set_1",0.36,0.64,0.28,0,12,99,36,0.36,64,28,0.29,0.21,0.38,0.2,0.29,0.23,0.38,59,8,4
"llama3","seed_989","untrained","all_domains_0_samples",0,"greedy","zero_shot","structured","fact_first","number_list","test_set_1",0.04,0.96,0.01,90,96,99,4,0.4,6,1,0,0,0,0,0,0.08,0,2,3,93
"llama2","seed_206","untrained","all_domains_0_samples",0,"temp_06","zero_shot","unstructured","answer_first","number_list","test_set_1",0.01,0.99,0,98,99,99,1,0.5,1,0,0,0,0,0,0,0,0,0,1,98
"llama2","seed_206","untrained","all_domains_0_samples",0,"temp_025","few_shot","unstructured","answer_first","number_list","test_set_1",0.25,0.75,0.22,0,19,99,25,0.25,75,22,0,0.29,0.38,0.07,0.21,0.31,0.31,58,3,16
"llama2","seed_206","untrained","all_domains_0_samples",0,"temp_025","few_shot","structured","answer_first","number_list","test_set_1",0.3,0.7,0.25,0,19,99,30,0.3,70,25,0.14,0.43,0.38,0.07,0.14,0.23,0.38,55,5,14
"llama3","seed_206","trained","all_domains_10_samples",10,"greedy","few_shot","unstructured","answer_first","number_list","test_set_1",0.47,0.53,0.45,14,19,99,47,0.55,39,45,0.57,0.29,0.62,0.47,0.36,0.38,0.5,35,2,17
"llama3","seed_989","untrained","all_domains_0_samples",0,"temp_025","zero_shot","unstructured","answer_first","number_list","test_set_1",0.42,0.58,0.16,8,55,99,42,0.46,50,16,0,0.21,0.15,0.2,0.21,0.38,0,28,26,29
"llama3","seed_989","trained","all_domains_1_samples",1,"temp_025","zero_shot","structured","answer_first","number_list","test_set_1",0.43,0.57,0.32,2,24,99,43,0.44,55,32,0.36,0.36,0.31,0.27,0.43,0.46,0.13,43,11,13
"llama2","seed_206","untrained","all_domains_0_samples",0,"temp_025","zero_shot","structured","answer_first","markdown","test_set_1",0,1,0,99,99,99,0,0,1,0,0,0,0,0,0,0,0,0,0,99
"llama3","seed_989","untrained","all_domains_0_samples",0,"greedy","zero_shot","unstructured","answer_first","markdown","test_set_1",0,1,0,99,99,99,0,0,1,0,0,0,0,0,0,0,0,0,0,99
"llama2","seed_206","trained","all_domains_1_samples",1,"temp_025","few_shot","unstructured","fact_first","markdown","test_set_1",0.26,0.74,0.16,31,37,99,26,0.38,43,16,0.14,0.14,0.31,0.13,0,0.15,0.25,46,10,27
"llama3","seed_989","untrained","all_domains_0_samples",0,"greedy","few_shot","structured","fact_first","number_list","test_set_1",0.62,0.38,0.33,0,47,99,61,0.61,39,33,0.21,0.14,0.62,0.4,0.43,0.38,0.19,19,28,19
"llama3","seed_989","untrained","all_domains_0_samples",0,"temp_025","zero_shot","unstructured","fact_first","number_list","test_set_1",0.26,0.74,0.13,55,78,99,26,0.58,19,13,0,0.29,0.08,0.13,0.07,0.31,0.06,8,13,65
"llama3","seed_989","untrained","all_domains_0_samples",0,"temp_025","few_shot","unstructured","answer_first","number_list","test_set_1",0.47,0.53,0.35,0,25,99,47,0.47,53,35,0.36,0.21,0.46,0.33,0.5,0.23,0.38,39,12,13
"llama3","seed_989","untrained","all_domains_0_samples",0,"temp_025","few_shot","unstructured","fact_first","number_list","test_set_1",0.55,0.45,0.44,0,22,99,54,0.54,46,44,0.21,0.5,0.62,0.47,0.57,0.31,0.44,33,10,12
"llama2","seed_206","trained","all_domains_1_samples",1,"temp_025","few_shot","structured","fact_first","markdown","test_set_1",0.28,0.72,0.14,6,42,99,28,0.3,66,14,0,0.21,0.31,0,0.07,0.23,0.19,43,14,28
"llama2","seed_206","untrained","all_domains_0_samples",0,"temp_025","few_shot","unstructured","fact_first","number_list","test_set_1",0.29,0.71,0.25,34,20,99,29,0.44,37,25,0.29,0.43,0.38,0.13,0.21,0.08,0.25,54,4,16
"llama3","seed_989","trained","all_domains_1_samples",1,"greedy","zero_shot","structured","answer_first","markdown","test_set_1",0.46,0.54,0,4,99,99,46,0.48,50,0,0,0,0,0,0,0,0,0,46,53
"llama2","seed_206","untrained","all_domains_0_samples",0,"temp_025","zero_shot","unstructured","answer_first","markdown","test_set_1",0,1,0,99,99,99,0,0,1,0,0,0,0,0,0,0,0,0,0,99
"llama3","seed_989","trained","all_domains_1_samples",1,"greedy","few_shot","structured","answer_first","markdown","test_set_1",0.51,0.49,0.27,0,46,99,50,0.5,50,27,0.43,0,0.46,0.47,0.14,0.38,0.06,26,23,23
"llama3","seed_989","trained","all_domains_1_samples",1,"temp_025","few_shot","structured","answer_first","number_list","test_set_1",0.49,0.51,0.41,0,18,99,49,0.49,51,41,0.43,0.43,0.69,0.33,0.5,0.38,0.19,40,8,10
"llama2","seed_206","trained","all_domains_10_samples",10,"greedy","few_shot","unstructured","fact_first","number_list","test_set_1",0.31,0.69,0.29,1,9,99,31,0.31,68,29,0.07,0.29,0.54,0.2,0.43,0.23,0.31,61,2,7
"llama3","seed_206","trained","all_domains_10_samples",10,"temp_025","zero_shot","unstructured","answer_first","number_list","test_set_1",0.43,0.57,0.37,1,10,99,43,0.43,56,37,0.5,0.21,0.46,0.47,0.36,0.46,0.19,52,6,4
"llama3","seed_989","trained","all_domains_1_samples",1,"greedy","zero_shot","structured","fact_first","markdown","test_set_1",0.51,0.49,0.01,8,97,99,50,0.54,42,1,0,0,0.08,0,0,0,0,1,49,48
"llama2","seed_206","untrained","all_domains_0_samples",0,"temp_025","few_shot","structured","fact_first","number_list","test_set_1",0.35,0.65,0.28,3,23,99,35,0.36,62,28,0.14,0.43,0.38,0.07,0.21,0.38,0.38,48,7,16
"llama2","seed_989","trained","all_domains_1_samples",1,"greedy","zero_shot","structured","answer_first","number_list","test_set_1",0.36,0.64,0.27,0,25,99,36,0.36,64,27,0.07,0.21,0.54,0.27,0.5,0.31,0.06,47,9,16
"llama3","seed_989","untrained","all_domains_0_samples",0,"greedy","few_shot","unstructured","answer_first","markdown","test_set_1",0.54,0.46,0,2,99,99,53,0.54,45,0,0,0,0,0,0,0,0,0,53,46
"llama2","seed_206","untrained","all_domains_0_samples",0,"temp_06","zero_shot","structured","fact_first","number_list","test_set_1",0.01,0.99,0.01,89,92,99,1,0.09,10,1,0,0,0.08,0,0,0,0,6,0,92
"llama3","seed_989","trained","all_domains_1_samples",1,"greedy","few_shot","unstructured","fact_first","markdown","test_set_1",0.47,0.53,0.4,19,22,99,47,0.58,34,40,0.21,0.29,0.54,0.53,0.57,0.54,0.19,37,7,15
"llama3","seed_206","untrained","all_domains_0_samples",0,"temp_06","few_shot","structured","fact_first","markdown","test_set_1",0.4,0.6,0.02,20,96,99,40,0.5,40,2,0,0,0,0.13,0,0,0,1,38,58
"llama3","seed_206","untrained","all_domains_0_samples",0,"temp_06","zero_shot","unstructured","fact_first","markdown","test_set_1",0.1,0.9,0,82,99,99,10,0.56,8,0,0,0,0,0,0,0,0,0,10,89
"llama3","seed_989","trained","all_domains_1_samples",1,"temp_025","zero_shot","structured","fact_first","number_list","test_set_1",0.48,0.52,0.23,0,45,99,48,0.48,52,23,0.07,0.29,0.54,0.13,0.29,0.38,0,31,25,20
"llama2","seed_206","untrained","all_domains_0_samples",0,"temp_06","zero_shot","unstructured","fact_first","number_list","test_set_1",0,1,0,99,99,99,0,0,1,0,0,0,0,0,0,0,0,0,0,99
"llama2","seed_206","trained","all_domains_10_samples",10,"greedy","zero_shot","unstructured","fact_first","number_list","test_set_1",0.36,0.64,0.32,1,10,99,36,0.36,63,32,0.21,0.43,0.38,0.13,0.29,0.54,0.31,57,4,6
"llama3","seed_989","trained","all_domains_1_samples",1,"temp_06","zero_shot","unstructured","answer_first","number_list","test_set_1",0.22,0.78,0.19,42,55,99,22,0.38,36,19,0.21,0.21,0.31,0.07,0.29,0.23,0.06,25,3,52
"llama3","seed_989","trained","all_domains_1_samples",1,"temp_025","zero_shot","unstructured","answer_first","markdown","test_set_1",0.15,0.85,0,75,99,99,15,0.6,10,0,0,0,0,0,0,0,0,0,15,84
"llama3","seed_206","trained","all_domains_10_samples",10,"greedy","few_shot","structured","fact_first","number_list","test_set_1",0.51,0.49,0.46,0,10,99,50,0.5,50,46,0.5,0.43,0.62,0.6,0.36,0.46,0.31,43,4,6
"llama2","seed_206","untrained","all_domains_0_samples",0,"temp_025","few_shot","unstructured","answer_first","markdown","test_set_1",0.34,0.66,0.22,0,35,99,34,0.34,66,22,0.21,0.36,0.38,0,0.29,0.08,0.25,42,12,23
"llama3","seed_989","untrained","all_domains_0_samples",0,"temp_025","zero_shot","structured","answer_first","number_list","test_set_1",0.01,0.99,0,98,99,99,1,0.5,1,0,0,0,0,0,0,0,0,0,1,98
"llama2","seed_206","untrained","all_domains_0_samples",0,"temp_025","zero_shot","unstructured","fact_first","markdown","test_set_1",0,1,0,99,99,99,0,0,1,0,0,0,0,0,0,0,0,0,0,99
"llama2","seed_206","untrained","all_domains_0_samples",0,"temp_025","zero_shot","structured","fact_first","markdown","test_set_1",0,1,0,99,99,99,0,0,1,0,0,0,0,0,0,0,0,0,0,99
"llama3","seed_206","trained","all_domains_10_samples",10,"temp_025","zero_shot","structured","answer_first","number_list","test_set_1",0.46,0.54,0.42,0,9,99,46,0.46,54,42,0.5,0.36,0.62,0.47,0.36,0.38,0.31,48,4,5
"llama3","seed_206","trained","all_domains_10_samples",10,"greedy","zero_shot","structured","fact_first","number_list","test_set_1",0.49,0.51,0.32,0,33,99,49,0.49,51,32,0.5,0.36,0.38,0.4,0.21,0.31,0.13,34,17,16
"llama3","seed_989","trained","all_domains_1_samples",1,"temp_06","few_shot","unstructured","fact_first","number_list","test_set_1",0.47,0.53,0.4,2,16,99,47,0.48,51,40,0.29,0.43,0.69,0.47,0.43,0.31,0.25,43,7,9
"llama2","seed_206","untrained","all_domains_0_samples",0,"temp_025","few_shot","structured","answer_first","markdown","test_set_1",0.35,0.65,0.24,0,34,99,35,0.35,65,24,0.21,0.43,0.31,0.07,0.21,0.23,0.25,41,11,23
"llama2","seed_989","trained","all_domains_1_samples",1,"greedy","zero_shot","unstructured","answer_first","number_list","test_set_1",0.3,0.7,0.21,21,47,99,30,0.38,49,21,0.21,0.36,0.31,0.07,0.43,0.15,0,31,9,38
"llama2","seed_206","trained","all_domains_10_samples",10,"greedy","zero_shot","structured","fact_first","number_list","test_set_1",0.4,0.6,0.36,0,10,99,40,0.4,60,36,0.43,0.29,0.23,0.47,0.5,0.31,0.31,53,4,6
"llama3","seed_989","trained","all_domains_1_samples",1,"temp_06","few_shot","unstructured","answer_first","number_list","test_set_1",0.47,0.53,0.39,1,15,99,47,0.47,52,39,0.36,0.29,0.62,0.33,0.57,0.31,0.31,45,8,7
"llama3","seed_989","trained","all_domains_1_samples",1,"temp_06","zero_shot","unstructured","fact_first","number_list","test_set_1",0.25,0.75,0.14,44,66,99,25,0.45,31,14,0.21,0.14,0.08,0.07,0.29,0.15,0.06,19,11,55
"llama3","seed_989","untrained","all_domains_0_samples",0,"greedy","zero_shot","structured","answer_first","markdown","test_set_1",0,1,0,99,99,99,0,0,1,0,0,0,0,0,0,0,0,0,0,99
"llama3","seed_989","trained","all_domains_1_samples",1,"temp_025","few_shot","structured","fact_first","number_list","test_set_1",0.53,0.47,0.35,0,33,99,52,0.52,48,35,0.5,0.21,0.62,0.4,0.36,0.23,0.19,31,17,16
"llama3","seed_206","trained","all_domains_10_samples",10,"greedy","zero_shot","unstructured","fact_first","number_list","test_set_1",0.48,0.52,0.46,0,8,99,48,0.48,52,46,0.79,0.36,0.62,0.53,0.43,0.46,0.13,45,2,6
"llama3","seed_206","trained","all_domains_10_samples",10,"temp_025","few_shot","structured","answer_first","number_list","test_set_1",0.49,0.51,0.47,0,6,99,49,0.49,51,47,0.64,0.36,0.54,0.33,0.43,0.54,0.5,46,2,4
"llama3","seed_989","untrained","all_domains_0_samples",0,"temp_025","few_shot","structured","answer_first","number_list","test_set_1",0.46,0.54,0.29,0,37,99,46,0.46,54,29,0.29,0.21,0.38,0.27,0.43,0.23,0.25,33,17,20
"llama2","seed_206","trained","all_domains_10_samples",10,"greedy","few_shot","structured","fact_first","number_list","test_set_1",0.35,0.65,0.32,1,12,99,35,0.35,64,32,0.43,0.43,0.31,0.27,0.21,0.38,0.25,55,3,9
"llama3","seed_989","untrained","all_domains_0_samples",0,"greedy","few_shot","unstructured","fact_first","markdown","test_set_1",0.55,0.45,0,0,99,99,54,0.54,46,0,0,0,0,0,0,0,0,0,54,45
"llama3","seed_206","trained","all_domains_10_samples",10,"temp_025","few_shot","unstructured","answer_first","number_list","test_set_1",0.49,0.51,0.46,15,21,99,49,0.58,36,46,0.57,0.21,0.62,0.53,0.36,0.46,0.5,32,3,18
"llama3","seed_989","untrained","all_domains_0_samples",0,"temp_06","zero_shot","unstructured","answer_first","number_list","test_set_1",0.39,0.61,0.15,16,64,99,39,0.46,45,15,0.14,0.07,0.08,0.2,0.14,0.38,0.06,20,24,40
"llama2","seed_206","trained","all_domains_1_samples",1,"temp_06","zero_shot","structured","answer_first","markdown","test_set_1",0.18,0.82,0,39,99,99,18,0.3,43,0,0,0,0,0,0,0,0,0,18,81
"llama3","seed_989","untrained","all_domains_0_samples",0,"greedy","zero_shot","structured","fact_first","markdown","test_set_1",0.01,0.99,0,98,99,99,1,0.5,1,0,0,0,0,0,0,0,0,0,1,98
"llama3","seed_206","trained","all_domains_10_samples",10,"greedy","few_shot","unstructured","fact_first","number_list","test_set_1",0.57,0.43,0.56,0,4,99,56,0.56,44,55,0.71,0.5,0.62,0.73,0.57,0.46,0.31,40,1,3
"llama3","seed_989","untrained","all_domains_0_samples",0,"greedy","few_shot","structured","answer_first","markdown","test_set_1",0.35,0.65,0,33,98,99,35,0.52,32,0,0,0,0,0,0,0,0,1,35,63
"llama3","seed_989","trained","all_domains_1_samples",1,"greedy","zero_shot","unstructured","fact_first","markdown","test_set_1",0.47,0.53,0.04,17,92,99,47,0.57,36,4,0,0,0.15,0.13,0,0,0,3,43,49
"llama2","seed_206","trained","all_domains_10_samples",10,"temp_025","zero_shot","unstructured","answer_first","number_list","test_set_1",0.37,0.63,0.34,0,12,99,37,0.37,63,34,0.14,0.5,0.38,0.2,0.36,0.23,0.56,53,3,9
"llama3","seed_989","untrained","all_domains_0_samples",0,"temp_025","zero_shot","unstructured","answer_first","markdown","test_set_1",0,1,0,99,99,99,0,0,1,0,0,0,0,0,0,0,0,0,0,99
"llama3","seed_989","untrained","all_domains_0_samples",0,"temp_025","zero_shot","structured","fact_first","number_list","test_set_1",0.07,0.93,0.02,90,97,99,7,0.7,3,2,0,0,0.08,0,0,0.08,0,0,5,92
"llama3","seed_989","trained","all_domains_1_samples",1,"temp_025","few_shot","unstructured","answer_first","markdown","test_set_1",0.46,0.54,0.35,0,36,99,46,0.46,54,35,0.5,0.29,0.62,0.47,0.5,0.15,0,28,11,25
"llama3","seed_989","trained","all_domains_1_samples",1,"greedy","few_shot","structured","fact_first","markdown","test_set_1",0.49,0.51,0.3,0,46,99,49,0.49,51,30,0.57,0,0.38,0.53,0,0.62,0.06,23,19,27
"llama2","seed_206","trained","all_domains_1_samples",1,"temp_06","zero_shot","unstructured","answer_first","markdown","test_set_1",0.09,0.91,0,58,99,99,9,0.21,33,0,0,0,0,0,0,0,0,0,9,90
"llama3","seed_989","untrained","all_domains_0_samples",0,"temp_06","few_shot","unstructured","fact_first","number_list","test_set_1",0.41,0.59,0.3,1,29,99,41,0.41,58,30,0.36,0.21,0.46,0.33,0.5,0.08,0.19,40,11,18
"llama3","seed_989","trained","all_domains_1_samples",1,"temp_06","zero_shot","structured","answer_first","number_list","test_set_1",0.41,0.59,0.3,6,29,99,41,0.44,53,30,0.43,0.36,0.31,0.2,0.36,0.46,0.06,40,11,18
"llama3","seed_989","untrained","all_domains_0_samples",0,"temp_06","few_shot","unstructured","answer_first","number_list","test_set_1",0.49,0.51,0.34,0,28,99,49,0.49,51,34,0.36,0.14,0.46,0.4,0.43,0.38,0.25,37,15,13
"llama2","seed_206","trained","all_domains_10_samples",10,"temp_025","zero_shot","structured","answer_first","number_list","test_set_1",0.23,0.77,0.21,0,9,99,23,0.23,77,21,0.14,0.29,0.23,0.2,0.29,0.23,0.13,69,2,7
"llama3","seed_989","untrained","all_domains_0_samples",0,"temp_06","zero_shot","unstructured","fact_first","number_list","test_set_1",0.2,0.8,0.03,60,88,99,20,0.5,20,3,0,0.07,0,0.07,0,0.08,0,8,17,71
"llama2","seed_206","trained","all_domains_1_samples",1,"temp_06","few_shot","unstructured","answer_first","number_list","test_set_1",0.24,0.76,0.17,0,26,99,24,0.24,76,17,0.43,0.21,0.23,0,0.14,0.08,0.13,56,7,19
"llama3","seed_206","trained","all_domains_10_samples",10,"temp_06","zero_shot","unstructured","answer_first","number_list","test_set_1",0.42,0.58,0.36,1,11,99,42,0.42,57,36,0.5,0.21,0.46,0.47,0.36,0.38,0.19,52,6,5
"llama2","seed_206","trained","all_domains_1_samples",1,"temp_06","few_shot","structured","answer_first","number_list","test_set_1",0.14,0.86,0.11,22,44,99,14,0.18,64,11,0.14,0.07,0.15,0,0.14,0.08,0.19,44,3,41
"llama2","seed_989","untrained","all_domains_0_samples",0,"greedy","zero_shot","structured","answer_first","number_list","test_set_1",0.04,0.96,0.03,87,91,99,4,0.31,9,3,0,0,0.15,0,0,0.08,0,5,1,90
"llama2","seed_989","trained","all_domains_1_samples",1,"greedy","zero_shot","structured","fact_first","number_list","test_set_1",0.13,0.87,0.09,75,39,99,13,0.52,12,9,0,0,0.08,0.07,0.14,0.23,0.13,51,4,35
"llama3","seed_989","trained","all_domains_1_samples",1,"temp_025","zero_shot","structured","answer_first","markdown","test_set_1",0.47,0.53,0,4,99,99,47,0.49,49,0,0,0,0,0,0,0,0,0,47,52
"llama2","seed_206","untrained","all_domains_0_samples",0,"temp_025","few_shot","unstructured","fact_first","markdown","test_set_1",0.26,0.74,0.19,23,34,99,26,0.34,51,19,0.36,0.21,0.23,0.07,0.07,0.23,0.19,46,7,27
"llama2","seed_989","trained","all_domains_1_samples",1,"greedy","zero_shot","unstructured","fact_first","number_list","test_set_1",0.02,0.98,0.02,86,82,99,2,0.14,12,2,0,0,0.15,0,0,0,0,15,0,82
"llama3","seed_989","untrained","all_domains_0_samples",0,"temp_025","few_shot","structured","fact_first","number_list","test_set_1",0.54,0.46,0.29,0,49,99,53,0.53,47,29,0.14,0.07,0.62,0.27,0.36,0.31,0.31,21,24,25
"llama2","seed_206","trained","all_domains_10_samples",10,"temp_025","few_shot","unstructured","answer_first","number_list","test_set_1",0.34,0.66,0.3,0,15,99,34,0.34,66,30,0.21,0.43,0.38,0.07,0.43,0.38,0.25,54,4,11
"llama2","seed_206","untrained","all_domains_0_samples",0,"temp_06","zero_shot","unstructured","answer_first","markdown","test_set_1",0,1,0,99,99,99,0,0,1,0,0,0,0,0,0,0,0,0,0,99
"llama3","seed_989","trained","all_domains_1_samples",1,"temp_06","few_shot","structured","answer_first","number_list","test_set_1",0.52,0.48,0.42,1,20,99,51,0.52,48,42,0.5,0.36,0.54,0.4,0.5,0.38,0.31,37,9,11
"llama2","seed_206","untrained","all_domains_0_samples",0,"temp_025","few_shot","structured","fact_first","markdown","test_set_1",0.42,0.58,0.32,1,30,99,42,0.42,57,32,0.14,0.36,0.54,0.2,0.29,0.62,0.19,37,10,20
"llama2","seed_206","trained","all_domains_1_samples",1,"temp_06","few_shot","unstructured","fact_first","number_list","test_set_1",0.25,0.75,0.2,9,25,99,25,0.27,66,20,0.14,0.36,0.38,0.13,0.14,0.08,0.19,54,5,20
"llama3","seed_989","trained","all_domains_1_samples",1,"temp_025","zero_shot","structured","fact_first","markdown","test_set_1",0.42,0.58,0,14,97,99,42,0.49,44,0,0,0,0,0,0,0,0,2,42,55
"llama3","seed_989","trained","all_domains_1_samples",1,"temp_06","zero_shot","unstructured","answer_first","markdown","test_set_1",0.11,0.89,0,79,99,99,11,0.52,10,0,0,0,0,0,0,0,0,0,11,88
"llama3","seed_989","untrained","all_domains_0_samples",0,"temp_025","few_shot","unstructured","answer_first","markdown","test_set_1",0.52,0.48,0,4,99,99,51,0.53,45,0,0,0,0,0,0,0,0,0,51,48
"llama3","seed_989","untrained","all_domains_0_samples",0,"greedy","zero_shot","unstructured","fact_first","markdown","test_set_1",0.05,0.95,0,85,99,99,5,0.33,10,0,0,0,0,0,0,0,0,0,5,94
"llama3","seed_206","trained","all_domains_1_samples",1,"greedy","zero_shot","unstructured","answer_first","number_list","test_set_2",0.26,0.74,0.14,43,65,100,26,0.46,31,14,0.07,0.13,0.07,0,0.07,0.43,0.23,21,12,53
"llama2","seed_206","untrained","all_domains_0_samples",0,"temp_06","zero_shot","structured","answer_first","markdown","test_set_1",0,1,0,99,99,99,0,0,1,0,0,0,0,0,0,0,0,0,0,99
"llama3","seed_989","trained","all_domains_1_samples",1,"temp_025","few_shot","unstructured","fact_first","markdown","test_set_1",0.41,0.59,0.33,18,26,99,41,0.5,41,33,0.29,0.29,0.69,0.53,0.29,0.23,0.06,40,8,18
"llama3","seed_989","trained","all_domains_1_samples",1,"temp_025","few_shot","structured","answer_first","markdown","test_set_1",0.52,0.48,0.26,0,48,99,51,0.51,49,26,0.36,0,0.38,0.47,0.14,0.46,0.06,25,25,23
"llama3","seed_989","trained","all_domains_1_samples",1,"temp_06","zero_shot","structured","fact_first","number_list","test_set_1",0.56,0.44,0.25,4,56,99,55,0.57,41,25,0.07,0.43,0.38,0.2,0.29,0.46,0,18,30,26
"llama2","seed_206","trained","all_domains_1_samples",1,"temp_06","zero_shot","unstructured","fact_first","markdown","test_set_1",0.05,0.95,0,77,99,99,5,0.22,18,0,0,0,0,0,0,0,0,0,5,94
"llama2","seed_206","trained","all_domains_1_samples",1,"temp_06","few_shot","structured","fact_first","number_list","test_set_1",0.29,0.71,0.19,22,45,99,29,0.37,49,19,0.21,0.21,0.31,0.07,0.21,0.15,0.19,35,10,35
"llama3","seed_206","trained","all_domains_10_samples",10,"temp_025","zero_shot","unstructured","fact_first","number_list","test_set_1",0.55,0.45,0.53,1,9,99,54,0.55,45,52,0.64,0.57,0.69,0.53,0.57,0.46,0.25,38,2,7
"llama2","seed_206","trained","all_domains_1_samples",1,"temp_06","zero_shot","structured","fact_first","markdown","test_set_1",0.1,0.9,0,66,99,99,10,0.29,24,0,0,0,0,0,0,0,0,0,10,89
"llama3","seed_206","trained","all_domains_1_samples",1,"greedy","few_shot","unstructured","fact_first","number_list","test_set_2",0.49,0.51,0.42,14,12,100,49,0.57,37,42,0.43,0.47,0.36,0.2,0.33,0.71,0.46,46,7,5
"llama3","seed_206","trained","all_domains_10_samples",10,"greedy","few_shot","structured","answer_first","markdown","test_set_1",0.45,0.55,0.41,0,7,99,45,0.45,55,41,0.64,0.36,0.46,0.33,0.43,0.31,0.38,51,4,3
"llama3","seed_989","untrained","all_domains_0_samples",0,"temp_06","zero_shot","structured","answer_first","number_list","test_set_1",0.01,0.99,0.01,98,98,99,1,0.5,1,1,0,0,0.08,0,0,0,0,0,0,98
"llama3","seed_206","trained","all_domains_1_samples",1,"greedy","zero_shot","unstructured","fact_first","number_list","test_set_2",0.41,0.59,0.24,34,54,100,41,0.62,25,24,0.5,0.27,0.07,0.07,0.13,0.36,0.31,22,17,37
"llama3","seed_989","untrained","all_domains_0_samples",0,"greedy","few_shot","structured","fact_first","markdown","test_set_1",0.52,0.48,0.01,14,98,99,51,0.59,35,1,0,0,0,0.07,0,0,0,0,50,48
"llama3","seed_206","trained","all_domains_10_samples",10,"temp_025","few_shot","structured","fact_first","number_list","test_set_1",0.53,0.47,0.49,0,10,99,52,0.52,48,49,0.57,0.43,0.62,0.6,0.36,0.62,0.31,40,3,7
"llama2","seed_989","untrained","all_domains_0_samples",0,"greedy","zero_shot","unstructured","answer_first","number_list","test_set_1",0,1,0,99,99,99,0,0,1,0,0,0,0,0,0,0,0,0,0,99
"llama2","seed_206","trained","all_domains_10_samples",10,"greedy","few_shot","unstructured","answer_first","markdown","test_set_1",0.39,0.61,0.38,0,10,99,39,0.39,61,38,0.36,0.43,0.62,0.27,0.36,0.46,0.25,51,1,9
"llama3","seed_206","trained","all_domains_1_samples",1,"greedy","few_shot","unstructured","answer_first","number_list","test_set_2",0.57,0.43,0.46,0,14,100,57,0.57,43,46,0.5,0.27,0.57,0.27,0.47,0.71,0.46,40,11,3
"llama3","seed_206","trained","all_domains_10_samples",10,"temp_06","zero_shot","structured","answer_first","number_list","test_set_1",0.46,0.54,0.41,0,10,99,46,0.46,54,41,0.5,0.29,0.62,0.47,0.36,0.38,0.31,48,5,5
"llama3","seed_206","trained","all_domains_10_samples",10,"temp_06","few_shot","unstructured","answer_first","number_list","test_set_1",0.47,0.53,0.45,15,21,99,47,0.55,38,45,0.57,0.21,0.69,0.47,0.43,0.46,0.38,33,2,19
"llama3","seed_206","trained","all_domains_10_samples",10,"temp_025","zero_shot","structured","fact_first","number_list","test_set_1",0.49,0.51,0.35,0,31,99,49,0.49,51,35,0.57,0.21,0.54,0.33,0.21,0.46,0.19,33,14,17
"llama3","seed_206","trained","all_domains_10_samples",10,"temp_025","few_shot","unstructured","fact_first","number_list","test_set_1",0.46,0.54,0.44,0,4,99,46,0.46,54,44,0.43,0.43,0.54,0.67,0.36,0.54,0.19,51,2,2
"llama2","seed_206","trained","all_domains_1_samples",1,"temp_06","few_shot","unstructured","answer_first","markdown","test_set_1",0.36,0.64,0.16,0,52,99,36,0.36,64,16,0.14,0.21,0.23,0.13,0.14,0.15,0.13,31,20,32
"llama3","seed_989","untrained","all_domains_0_samples",0,"temp_025","zero_shot","structured","answer_first","markdown","test_set_1",0,1,0,99,99,99,0,0,1,0,0,0,0,0,0,0,0,0,0,99
"llama3","seed_206","untrained","all_domains_0_samples",0,"greedy","zero_shot","unstructured","answer_first","number_list","test_set_2",0.46,0.54,0.16,4,59,100,46,0.48,50,16,0.14,0.2,0.14,0.07,0.07,0.43,0.08,25,30,29
"llama2","seed_206","trained","all_domains_10_samples",10,"temp_025","zero_shot","unstructured","fact_first","number_list","test_set_1",0.43,0.57,0.39,0,10,99,43,0.43,57,39,0.21,0.64,0.46,0.2,0.5,0.62,0.19,50,4,6
"llama2","seed_206","untrained","all_domains_0_samples",0,"temp_06","zero_shot","unstructured","fact_first","markdown","test_set_1",0,1,0,99,99,99,0,0,1,0,0,0,0,0,0,0,0,0,0,99
"llama2","seed_206","trained","all_domains_10_samples",10,"temp_025","few_shot","unstructured","fact_first","number_list","test_set_1",0.33,0.67,0.31,3,9,99,33,0.34,64,31,0.21,0.21,0.46,0.2,0.43,0.31,0.38,59,2,7
"llama3","seed_989","untrained","all_domains_0_samples",0,"temp_06","zero_shot","unstructured","answer_first","markdown","test_set_1",0,1,0,99,99,99,0,0,1,0,0,0,0,0,0,0,0,0,0,99
"llama3","seed_989","trained","all_domains_1_samples",1,"temp_06","few_shot","structured","fact_first","number_list","test_set_1",0.52,0.48,0.38,2,33,99,51,0.52,47,38,0.64,0.29,0.62,0.33,0.29,0.38,0.19,28,13,20
"llama3","seed_989","trained","all_domains_1_samples",1,"temp_025","zero_shot","unstructured","fact_first","markdown","test_set_1",0.49,0.51,0.05,11,92,99,49,0.55,40,5,0,0,0.15,0.13,0.07,0,0,2,44,48
"llama2","seed_206","trained","all_domains_1_samples",1,"temp_06","few_shot","structured","answer_first","markdown","test_set_1",0.18,0.82,0.08,27,51,99,18,0.25,55,8,0.07,0.14,0.15,0.07,0.07,0.08,0,40,10,41
"llama3","seed_206","trained","all_domains_10_samples",10,"temp_06","few_shot","structured","answer_first","number_list","test_set_1",0.49,0.51,0.48,0,6,99,49,0.49,51,48,0.64,0.43,0.54,0.33,0.43,0.54,0.5,45,1,5
"llama3","seed_989","untrained","all_domains_0_samples",0,"temp_06","few_shot","structured","answer_first","number_list","test_set_1",0.47,0.53,0.27,0,38,99,47,0.47,53,27,0.21,0.14,0.54,0.33,0.36,0.31,0.06,34,20,18
"llama3","seed_989","untrained","all_domains_0_samples",0,"temp_025","few_shot","unstructured","fact_first","markdown","test_set_1",0.57,0.43,0,1,99,99,56,0.57,43,0,0,0,0,0,0,0,0,0,56,43
"llama2","seed_989","trained","all_domains_1_samples",1,"temp_025","zero_shot","structured","answer_first","number_list","test_set_1",0.33,0.67,0.23,2,31,99,33,0.34,65,23,0.07,0.14,0.46,0.2,0.36,0.23,0.19,45,10,21
"llama3","seed_989","untrained","all_domains_0_samples",0,"temp_025","zero_shot","structured","fact_first","markdown","test_set_1",0.03,0.97,0,96,99,99,3,0.75,1,0,0,0,0,0,0,0,0,0,3,96
"llama3","seed_989","trained","all_domains_1_samples",1,"temp_06","few_shot","unstructured","answer_first","markdown","test_set_1",0.46,0.54,0.32,0,36,99,46,0.46,54,32,0.36,0.36,0.38,0.4,0.5,0.31,0,31,14,22
"llama3","seed_206","untrained","all_domains_0_samples",0,"greedy","few_shot","unstructured","fact_first","number_list","test_set_2",0.56,0.44,0.39,2,27,100,56,0.57,42,39,0.71,0.27,0.43,0.27,0.27,0.36,0.46,34,17,10
"llama3","seed_989","trained","all_domains_10_samples",10,"greedy","zero_shot","unstructured","answer_first","number_list","test_set_1",0.43,0.57,0.37,0,9,99,43,0.43,57,37,0.5,0.21,0.46,0.47,0.36,0.46,0.19,53,6,3
"llama3","seed_206","untrained","all_domains_0_samples",0,"greedy","zero_shot","unstructured","fact_first","number_list","test_set_2",0.29,0.71,0.15,46,72,100,29,0.54,25,15,0,0.27,0.07,0.27,0,0.29,0.15,13,14,58
"llama3","seed_206","untrained","all_domains_0_samples",0,"greedy","few_shot","unstructured","answer_first","number_list","test_set_2",0.49,0.51,0.34,0,31,100,49,0.49,51,34,0.29,0.07,0.36,0.27,0.4,0.57,0.46,35,15,16
"llama2","seed_989","untrained","all_domains_0_samples",0,"greedy","zero_shot","structured","fact_first","number_list","test_set_1",0.03,0.97,0.03,87,88,99,3,0.23,10,3,0,0,0.23,0,0,0,0,8,0,88
"llama3","seed_989","untrained","all_domains_0_samples",0,"temp_06","zero_shot","structured","fact_first","number_list","test_set_1",0.08,0.92,0.01,85,98,99,8,0.53,7,1,0,0,0,0,0,0.08,0,0,7,91
"llama2","seed_206","trained","all_domains_10_samples",10,"temp_025","zero_shot","structured","fact_first","number_list","test_set_1",0.43,0.57,0.41,0,8,99,43,0.43,57,41,0.36,0.43,0.46,0.47,0.43,0.46,0.31,50,2,6
"llama3","seed_206","trained","all_domains_1_samples",1,"greedy","zero_shot","structured","answer_first","number_list","test_set_2",0.48,0.52,0.34,2,27,100,48,0.49,50,34,0.5,0.2,0.21,0.2,0.13,0.71,0.46,39,14,13
"llama3","seed_989","untrained","all_domains_0_samples",0,"temp_025","few_shot","structured","answer_first","markdown","test_set_1",0.35,0.65,0,36,96,99,35,0.55,29,0,0,0,0,0,0,0,0,3,35,61
"llama2","seed_206","untrained","all_domains_0_samples",0,"temp_06","zero_shot","structured","fact_first","markdown","test_set_1",0,1,0,99,99,99,0,0,1,0,0,0,0,0,0,0,0,0,0,99
"llama3","seed_989","trained","all_domains_1_samples",1,"temp_025","few_shot","structured","fact_first","markdown","test_set_1",0.49,0.51,0.27,1,44,99,49,0.49,50,27,0.5,0,0.38,0.4,0.14,0.46,0.06,28,22,22
"llama3","seed_989","trained","all_domains_1_samples",1,"temp_06","zero_shot","structured","answer_first","markdown","test_set_1",0.4,0.6,0,5,96,99,40,0.42,55,0,0,0,0,0,0,0,0,3,40,56
"llama2","seed_206","untrained","all_domains_0_samples",0,"temp_06","few_shot","unstructured","answer_first","number_list","test_set_1",0.18,0.82,0.14,0,28,99,18,0.18,82,14,0.07,0.14,0.31,0,0.07,0.15,0.25,57,4,24
"llama2","seed_989","untrained","all_domains_0_samples",0,"greedy","zero_shot","unstructured","fact_first","number_list","test_set_1",0,1,0,99,99,99,0,0,1,0,0,0,0,0,0,0,0,0,0,99
"llama2","seed_206","trained","all_domains_10_samples",10,"temp_025","few_shot","structured","answer_first","number_list","test_set_1",0.34,0.66,0.29,0,11,99,34,0.34,66,29,0.29,0.21,0.38,0.13,0.29,0.38,0.38,59,5,6
"llama2","seed_206","untrained","all_domains_0_samples",0,"temp_06","few_shot","structured","answer_first","number_list","test_set_1",0.29,0.71,0.23,0,28,99,29,0.29,71,23,0.21,0.29,0.38,0.2,0.14,0.23,0.19,48,6,22
"llama2","seed_989","trained","all_domains_1_samples",1,"greedy","zero_shot","structured","answer_first","markdown","test_set_1",0.15,0.85,0,45,99,99,15,0.27,40,0,0,0,0,0,0,0,0,0,15,84
"llama3","seed_206","trained","all_domains_1_samples",1,"greedy","zero_shot","unstructured","answer_first","markdown","test_set_2",0.16,0.84,0,72,100,100,16,0.57,12,0,0,0,0,0,0,0,0,0,16,84
"llama3","seed_206","trained","all_domains_10_samples",10,"temp_06","zero_shot","unstructured","fact_first","number_list","test_set_1",0.52,0.48,0.46,1,10,99,51,0.52,48,46,0.29,0.5,0.69,0.53,0.57,0.38,0.31,43,5,5
"llama2","seed_989","trained","all_domains_1_samples",1,"greedy","zero_shot","unstructured","answer_first","markdown","test_set_1",0.04,0.96,0,85,99,99,4,0.27,11,0,0,0,0,0,0,0,0,0,4,95
"llama2","seed_206","trained","all_domains_10_samples",10,"temp_06","zero_shot","unstructured","answer_first","number_list","test_set_1",0.36,0.64,0.33,0,12,99,36,0.36,64,33,0.29,0.29,0.62,0.13,0.29,0.15,0.56,54,3,9
"llama3","seed_206","trained","all_domains_1_samples",1,"temp_025","zero_shot","unstructured","answer_first","number_list","test_set_2",0.22,0.78,0.08,44,68,100,22,0.39,34,8,0.07,0,0.07,0,0,0.36,0.08,24,14,54
"llama3","seed_989","untrained","all_domains_0_samples",0,"temp_06","few_shot","unstructured","answer_first","markdown","test_set_1",0.53,0.47,0.04,4,94,99,52,0.54,44,4,0,0,0,0.13,0,0.15,0,1,48,46
"llama2","seed_989","trained","all_domains_1_samples",1,"temp_025","zero_shot","unstructured","answer_first","number_list","test_set_1",0.23,0.77,0.17,41,62,99,23,0.39,36,17,0.14,0.21,0.23,0.07,0.29,0.23,0.06,20,6,56
"llama3","seed_989","untrained","all_domains_0_samples",0,"temp_025","zero_shot","unstructured","fact_first","markdown","test_set_1",0.05,0.95,0,84,99,99,5,0.31,11,0,0,0,0,0,0,0,0,0,5,94
"llama2","seed_206","trained","all_domains_10_samples",10,"temp_06","zero_shot","structured","answer_first","number_list","test_set_1",0.24,0.76,0.22,0,10,99,24,0.24,76,22,0.21,0.21,0.31,0.2,0.29,0.23,0.13,67,2,8
"llama3","seed_989","trained","all_domains_1_samples",1,"temp_06","zero_shot","structured","fact_first","markdown","test_set_1",0.42,0.58,0.01,15,96,99,42,0.49,43,1,0,0,0,0.07,0,0,0,2,41,55
"llama2","seed_206","trained","all_domains_1_samples",1,"temp_06","few_shot","unstructured","fact_first","markdown","test_set_1",0.35,0.65,0.19,14,51,99,35,0.41,51,19,0.07,0.21,0.46,0.13,0.07,0.23,0.19,29,16,35
"llama3","seed_206","trained","all_domains_1_samples",1,"temp_025","few_shot","unstructured","fact_first","number_list","test_set_2",0.45,0.55,0.38,7,13,100,45,0.48,48,38,0.36,0.4,0.43,0.13,0.33,0.57,0.46,49,7,6
"llama3","seed_989","untrained","all_domains_0_samples",0,"temp_06","few_shot","structured","fact_first","number_list","test_set_1",0.48,0.52,0.22,0,65,99,48,0.48,52,22,0.07,0.07,0.54,0.2,0.29,0.31,0.13,12,26,39
"llama3","seed_989","trained","all_domains_1_samples",1,"temp_06","few_shot","unstructured","fact_first","markdown","test_set_1",0.41,0.59,0.34,7,28,99,41,0.44,52,34,0.29,0.36,0.62,0.4,0.29,0.46,0.06,37,7,21
"llama3","seed_206","trained","all_domains_10_samples",10,"temp_06","few_shot","unstructured","fact_first","number_list","test_set_1",0.55,0.45,0.53,1,4,99,54,0.55,45,52,0.71,0.5,0.46,0.47,0.5,0.77,0.31,43,2,2
"llama3","seed_206","trained","all_domains_1_samples",1,"greedy","few_shot","structured","answer_first","number_list","test_set_2",0.56,0.44,0.42,0,21,100,56,0.56,44,42,0.57,0.27,0.43,0.27,0.27,0.71,0.46,37,14,7
"llama3","seed_206","trained","all_domains_1_samples",1,"temp_025","zero_shot","unstructured","fact_first","number_list","test_set_2",0.37,0.63,0.23,34,54,100,37,0.56,29,23,0.36,0.33,0.14,0.07,0.13,0.36,0.23,23,14,40
"llama2","seed_206","untrained","all_domains_0_samples",0,"temp_06","few_shot","unstructured","fact_first","number_list","test_set_1",0.31,0.69,0.23,11,28,99,31,0.35,58,23,0.21,0.07,0.46,0.13,0.07,0.23,0.44,48,8,20
"llama3","seed_989","trained","all_domains_10_samples",10,"greedy","few_shot","unstructured","answer_first","number_list","test_set_1",0.47,0.53,0.45,14,19,99,47,0.55,39,45,0.57,0.29,0.62,0.47,0.36,0.38,0.5,35,2,17
"llama3","seed_206","trained","all_domains_1_samples",1,"greedy","zero_shot","structured","fact_first","number_list","test_set_2",0.58,0.42,0.18,0,58,100,58,0.58,42,18,0,0.4,0.29,0.07,0.07,0.36,0.08,24,40,18
"llama2","seed_206","trained","all_domains_1_samples",1,"temp_06","few_shot","structured","fact_first","markdown","test_set_1",0.29,0.71,0.18,27,57,99,29,0.4,44,18,0.21,0.07,0.38,0.07,0,0.23,0.31,24,11,46
"llama3","seed_206","trained","all_domains_1_samples",1,"temp_025","few_shot","unstructured","answer_first","number_list","test_set_2",0.59,0.41,0.5,0,12,100,59,0.59,41,50,0.57,0.33,0.64,0.27,0.47,0.79,0.46,38,9,3
"llama2","seed_989","untrained","all_domains_0_samples",0,"temp_025","zero_shot","structured","answer_first","number_list","test_set_1",0.09,0.91,0.07,81,87,99,9,0.47,10,7,0,0.14,0.38,0,0,0,0,5,2,85
"llama3","seed_206","untrained","all_domains_0_samples",0,"greedy","zero_shot","structured","answer_first","number_list","test_set_2",0,1,0,100,100,100,0,"#DIV/0!",0,0,0,0,0,0,0,0,0,0,0,100
"llama2","seed_206","untrained","all_domains_0_samples",0,"temp_06","few_shot","structured","fact_first","number_list","test_set_1",0.39,0.61,0.25,0,35,99,39,0.39,61,25,0.07,0.36,0.31,0.13,0.21,0.23,0.44,39,14,21
"llama3","seed_206","untrained","all_domains_0_samples",0,"temp_025","zero_shot","unstructured","answer_first","number_list","test_set_2",0.49,0.51,0.19,3,58,100,49,0.51,48,19,0.14,0.27,0.14,0.07,0.13,0.43,0.15,23,30,28
"llama3","seed_989","trained","all_domains_1_samples",1,"temp_06","few_shot","structured","answer_first","markdown","test_set_1",0.51,0.49,0.27,0,48,99,50,0.5,50,27,0.43,0,0.38,0.47,0.14,0.38,0.13,24,23,25
"llama3","seed_989","trained","all_domains_10_samples",10,"greedy","zero_shot","structured","answer_first","number_list","test_set_1",0.46,0.54,0.42,0,10,99,46,0.46,54,42,0.5,0.36,0.62,0.47,0.36,0.38,0.31,47,4,6
"llama3","seed_206","trained","all_domains_10_samples",10,"temp_06","few_shot","structured","fact_first","number_list","test_set_1",0.48,0.52,0.44,0,10,99,48,0.48,52,44,0.57,0.29,0.62,0.47,0.5,0.46,0.25,45,4,6
"llama3","seed_206","trained","all_domains_10_samples",10,"temp_06","zero_shot","structured","fact_first","number_list","test_set_1",0.56,0.44,0.41,0,31,99,55,0.55,45,41,0.43,0.43,0.54,0.47,0.36,0.62,0.13,27,14,17
"llama3","seed_989","untrained","all_domains_0_samples",0,"temp_06","zero_shot","structured","answer_first","markdown","test_set_1",0.01,0.99,0,98,99,99,1,0.5,1,0,0,0,0,0,0,0,0,0,1,98
"llama3","seed_989","trained","all_domains_10_samples",10,"temp_025","zero_shot","unstructured","answer_first","number_list","test_set_1",0.43,0.57,0.37,1,10,99,43,0.43,56,37,0.5,0.21,0.46,0.47,0.36,0.46,0.19,52,6,4
"llama3","seed_206","trained","all_domains_10_samples",10,"temp_025","few_shot","structured","answer_first","markdown","test_set_1",0.49,0.51,0.45,0,7,99,49,0.49,51,45,0.64,0.5,0.54,0.33,0.43,0.38,0.38,47,4,3
"llama3","seed_206","untrained","all_domains_0_samples",0,"greedy","zero_shot","unstructured","answer_first","markdown","test_set_2",0,1,0,100,100,100,0,"#DIV/0!",0,0,0,0,0,0,0,0,0,0,0,100
"llama2","seed_206","untrained","all_domains_0_samples",0,"temp_06","few_shot","unstructured","answer_first","markdown","test_set_1",0.39,0.61,0.18,0,45,99,39,0.39,61,18,0.21,0.21,0.23,0,0.29,0.08,0.25,36,21,24
"llama2","seed_989","trained","all_domains_1_samples",1,"greedy","zero_shot","unstructured","fact_first","markdown","test_set_1",0.03,0.97,0,86,99,99,3,0.21,11,0,0,0,0,0,0,0,0,0,3,96
"llama3","seed_989","trained","all_domains_1_samples",1,"temp_06","zero_shot","unstructured","fact_first","markdown","test_set_1",0.45,0.55,0.07,5,82,99,45,0.47,50,7,0.07,0,0.23,0.07,0.14,0,0,10,38,44
"llama3","seed_206","untrained","all_domains_0_samples",0,"temp_025","zero_shot","unstructured","fact_first","number_list","test_set_2",0.3,0.7,0.08,47,86,100,30,0.57,23,8,0,0.2,0,0.2,0,0.14,0,6,22,64
"llama3","seed_206","untrained","all_domains_0_samples",0,"temp_025","few_shot","unstructured","fact_first","number_list","test_set_2",0.48,0.52,0.35,2,30,100,48,0.49,50,35,0.64,0.27,0.43,0.33,0.27,0.29,0.23,35,13,17
"llama2","seed_989","trained","all_domains_1_samples",1,"temp_025","zero_shot","structured","fact_first","number_list","test_set_1",0.11,0.89,0.08,69,42,99,11,0.35,20,8,0.07,0,0.15,0,0.07,0.23,0.06,49,3,39
"llama3","seed_989","untrained","all_domains_0_samples",0,"temp_025","few_shot","structured","fact_first","markdown","test_set_1",0.43,0.57,0,17,99,99,43,0.52,40,0,0,0,0,0,0,0,0,0,43,56
"llama2","seed_206","trained","all_domains_10_samples",10,"temp_06","few_shot","unstructured","answer_first","number_list","test_set_1",0.32,0.68,0.28,0,15,99,32,0.32,68,28,0.07,0.43,0.38,0.13,0.36,0.38,0.25,56,4,11
"llama3","seed_989","untrained","all_domains_0_samples",0,"temp_06","few_shot","unstructured","fact_first","markdown","test_set_1",0.51,0.49,0.02,2,97,99,50,0.51,48,2,0,0,0.08,0,0.07,0,0,0,48,49
"llama3","seed_989","untrained","all_domains_0_samples",0,"temp_06","zero_shot","structured","fact_first","markdown","test_set_1",0.02,0.98,0,96,99,99,2,0.5,2,0,0,0,0,0,0,0,0,0,2,97
"llama3","seed_206","untrained","all_domains_0_samples",0,"greedy","few_shot","structured","answer_first","number_list","test_set_2",0.49,0.51,0.29,0,40,100,49,0.49,51,29,0.29,0.07,0.29,0.2,0.4,0.5,0.31,31,20,20
"llama3","seed_206","untrained","all_domains_0_samples",0,"temp_025","few_shot","unstructured","answer_first","number_list","test_set_2",0.48,0.52,0.32,0,33,100,48,0.48,52,32,0.29,0.07,0.36,0.2,0.4,0.5,0.46,35,16,17
"llama3","seed_206","trained","all_domains_1_samples",1,"greedy","few_shot","structured","fact_first","number_list","test_set_2",0.61,0.39,0.38,0,35,100,61,0.61,39,38,0.71,0.13,0.5,0.27,0.27,0.36,0.46,27,23,12
"llama3","seed_989","trained","all_domains_10_samples",10,"greedy","few_shot","structured","answer_first","number_list","test_set_1",0.49,0.51,0.47,0,6,99,49,0.49,51,47,0.64,0.36,0.54,0.33,0.43,0.54,0.5,46,2,4
"llama2","seed_206","untrained","all_domains_0_samples",0,"temp_06","few_shot","structured","answer_first","markdown","test_set_1",0.34,0.66,0.2,0,41,99,34,0.34,66,20,0.14,0.29,0.31,0.07,0.21,0.08,0.31,38,14,27
"llama2","seed_989","trained","all_domains_1_samples",1,"temp_025","zero_shot","unstructured","fact_first","number_list","test_set_1",0.06,0.94,0.05,83,77,99,6,0.35,11,5,0.14,0.07,0,0,0.14,0,0,17,1,76
"llama3","seed_206","untrained","all_domains_0_samples",0,"greedy","zero_shot","structured","fact_first","number_list","test_set_2",0.06,0.94,0,92,100,100,6,0.75,2,0,0,0,0,0,0,0,0,0,6,94
"llama3","seed_206","trained","all_domains_1_samples",1,"greedy","few_shot","unstructured","answer_first","markdown","test_set_2",0.6,0.4,0.37,0,40,100,60,0.6,40,37,0.64,0.07,0.43,0.27,0.4,0.79,0,23,23,17
"llama3","seed_206","trained","all_domains_1_samples",1,"temp_025","zero_shot","structured","answer_first","number_list","test_set_2",0.47,0.53,0.35,4,26,100,47,0.49,49,35,0.5,0.27,0.29,0.2,0.2,0.57,0.46,39,12,14
"llama3","seed_989","trained","all_domains_10_samples",10,"greedy","zero_shot","unstructured","fact_first","number_list","test_set_1",0.48,0.52,0.46,0,8,99,48,0.48,52,46,0.79,0.36,0.62,0.53,0.43,0.46,0.13,45,2,6
"llama2","seed_206","trained","all_domains_10_samples",10,"temp_06","zero_shot","unstructured","fact_first","number_list","test_set_1",0.37,0.63,0.33,1,9,99,37,0.37,62,33,0.29,0.21,0.54,0.2,0.43,0.31,0.38,57,4,5
"llama2","seed_206","trained","all_domains_10_samples",10,"temp_025","few_shot","structured","fact_first","number_list","test_set_1",0.34,0.66,0.31,2,13,99,34,0.35,64,31,0.21,0.29,0.46,0.13,0.29,0.31,0.5,55,3,10
"llama2","seed_989","trained","all_domains_1_samples",1,"greedy","zero_shot","structured","fact_first","markdown","test_set_1",0.07,0.93,0,78,99,99,7,0.32,15,0,0,0,0,0,0,0,0,0,7,92
"llama3","seed_206","trained","all_domains_1_samples",1,"temp_025","zero_shot","unstructured","answer_first","markdown","test_set_2",0.15,0.85,0,72,100,100,15,0.54,13,0,0,0,0,0,0,0,0,0,15,85
"llama3","seed_206","trained","all_domains_1_samples",1,"temp_06","zero_shot","unstructured","answer_first","number_list","test_set_2",0.26,0.74,0.16,47,64,100,26,0.49,27,16,0.21,0.4,0.29,0,0.13,0.07,0,20,10,54
"llama3","seed_989","trained","all_domains_10_samples",10,"greedy","few_shot","unstructured","fact_first","number_list","test_set_1",0.57,0.43,0.56,0,4,99,56,0.56,44,55,0.71,0.5,0.62,0.73,0.57,0.46,0.31,40,1,3
"llama2","seed_989","untrained","all_domains_0_samples",0,"greedy","zero_shot","unstructured","answer_first","markdown","test_set_1",0,1,0,99,99,99,0,0,1,0,0,0,0,0,0,0,0,0,0,99
"llama3","seed_206","trained","all_domains_1_samples",1,"greedy","zero_shot","structured","answer_first","markdown","test_set_2",0.52,0.48,0,2,100,100,52,0.53,46,0,0,0,0,0,0,0,0,0,52,48
"llama2","seed_989","trained","all_domains_1_samples",1,"temp_06","zero_shot","structured","answer_first","number_list","test_set_1",0.26,0.74,0.24,18,35,99,26,0.32,56,24,0.21,0.29,0.23,0.13,0.43,0.23,0.19,40,2,33
"llama3","seed_989","trained","all_domains_10_samples",10,"greedy","few_shot","structured","fact_first","number_list","test_set_1",0.51,0.49,0.46,0,10,99,50,0.5,50,46,0.5,0.43,0.62,0.6,0.36,0.46,0.31,43,4,6
"llama3","seed_206","trained","all_domains_1_samples",1,"temp_06","few_shot","unstructured","fact_first","number_list","test_set_2",0.55,0.45,0.39,0,25,100,55,0.55,45,39,0.79,0.2,0.64,0.2,0.2,0.29,0.46,36,16,9
"llama2","seed_989","untrained","all_domains_0_samples",0,"greedy","zero_shot","structured","answer_first","markdown","test_set_1",0,1,0,99,99,99,0,0,1,0,0,0,0,0,0,0,0,0,0,99
"llama3","seed_989","untrained","all_domains_0_samples",0,"temp_06","zero_shot","unstructured","fact_first","markdown","test_set_1",0.07,0.93,0,83,99,99,7,0.41,10,0,0,0,0,0,0,0,0,0,7,92
"llama2","seed_989","untrained","all_domains_0_samples",0,"temp_025","zero_shot","unstructured","answer_first","number_list","test_set_1",0,1,0,99,99,99,0,0,1,0,0,0,0,0,0,0,0,0,0,99
"llama2","seed_206","trained","all_domains_10_samples",10,"temp_06","zero_shot","structured","fact_first","number_list","test_set_1",0.36,0.64,0.32,0,9,99,36,0.36,64,32,0.29,0.21,0.15,0.27,0.64,0.54,0.19,58,4,5
"llama3","seed_206","untrained","all_domains_0_samples",0,"greedy","few_shot","unstructured","fact_first","markdown","test_set_2",0.55,0.45,0,0,100,100,55,0.55,45,0,0,0,0,0,0,0,0,0,55,45
"llama2","seed_206","trained","all_domains_10_samples",10,"temp_025","few_shot","unstructured","answer_first","markdown","test_set_1",0.39,0.61,0.38,0,10,99,39,0.39,61,38,0.36,0.5,0.62,0.27,0.36,0.46,0.19,51,1,9
"llama3","seed_989","trained","all_domains_10_samples",10,"temp_025","few_shot","unstructured","answer_first","number_list","test_set_1",0.47,0.53,0.44,15,20,99,47,0.55,38,44,0.57,0.29,0.62,0.47,0.36,0.38,0.44,35,3,17
"llama3","seed_989","untrained","all_domains_0_samples",0,"temp_06","few_shot","structured","answer_first","markdown","test_set_1",0.33,0.67,0,27,95,99,33,0.45,40,0,0,0,0,0,0,0,0,4,33,62
"llama3","seed_206","trained","all_domains_1_samples",1,"temp_06","zero_shot","unstructured","fact_first","number_list","test_set_2",0.39,0.61,0.21,38,62,100,39,0.63,23,21,0.21,0.27,0.14,0.13,0.2,0.43,0.08,17,18,44
"llama2","seed_989","trained","all_domains_10_samples",10,"greedy","zero_shot","unstructured","answer_first","number_list","test_set_1",0.39,0.61,0.35,0,12,99,39,0.39,61,35,0.14,0.5,0.46,0.2,0.36,0.38,0.44,52,4,8
"llama2","seed_989","trained","all_domains_1_samples",1,"greedy","few_shot","unstructured","answer_first","number_list","test_set_1",0.4,0.6,0.31,0,23,99,40,0.4,60,31,0.21,0.57,0.38,0.07,0.21,0.31,0.44,45,9,14
"llama2","seed_206","trained","all_domains_10_samples",10,"temp_06","few_shot","unstructured","fact_first","number_list","test_set_1",0.35,0.65,0.34,6,10,99,35,0.37,59,34,0.36,0.36,0.38,0.33,0.43,0.23,0.31,55,1,9
"llama3","seed_206","trained","all_domains_1_samples",1,"greedy","zero_shot","structured","fact_first","markdown","test_set_2",0.52,0.48,0,16,100,100,52,0.62,32,0,0,0,0,0,0,0,0,0,52,48
"llama3","seed_989","trained","all_domains_1_samples",1,"temp_06","few_shot","structured","fact_first","markdown","test_set_1",0.56,0.44,0.35,1,43,99,55,0.56,44,35,0.57,0.07,0.62,0.67,0.29,0.31,0,21,20,23
"llama2","seed_989","trained","all_domains_1_samples",1,"greedy","few_shot","structured","answer_first","number_list","test_set_1",0.39,0.61,0.28,0,29,99,39,0.39,61,28,0.21,0.43,0.38,0.07,0.21,0.31,0.38,42,11,18
"llama2","seed_989","trained","all_domains_10_samples",10,"greedy","zero_shot","structured","answer_first","number_list","test_set_1",0.24,0.76,0.22,0,9,99,24,0.24,76,22,0.14,0.29,0.23,0.27,0.29,0.23,0.13,68,2,7
"llama3","seed_206","trained","all_domains_1_samples",1,"temp_06","few_shot","unstructured","answer_first","number_list","test_set_2",0.58,0.42,0.48,0,16,100,58,0.58,42,48,0.57,0.47,0.64,0.33,0.27,0.64,0.46,36,10,6
"llama3","seed_206","untrained","all_domains_0_samples",0,"greedy","few_shot","unstructured","answer_first","markdown","test_set_2",0.48,0.52,0,2,100,100,48,0.49,50,0,0,0,0,0,0,0,0,0,48,52
"llama3","seed_206","trained","all_domains_1_samples",1,"temp_025","zero_shot","structured","fact_first","number_list","test_set_2",0.59,0.41,0.19,0,57,100,59,0.59,41,19,0.07,0.2,0.29,0.13,0.13,0.43,0.08,24,40,17
"llama3","seed_206","untrained","all_domains_0_samples",0,"greedy","few_shot","structured","fact_first","number_list","test_set_2",0.54,0.46,0.26,0,53,100,54,0.54,46,26,0.29,0.07,0.29,0.2,0.27,0.43,0.31,21,28,25
"llama2","seed_206","untrained","all_domains_0_samples",0,"temp_06","few_shot","unstructured","fact_first","markdown","test_set_1",0.26,0.74,0.17,6,41,99,26,0.28,68,17,0.36,0.14,0.31,0,0.07,0.15,0.19,41,9,32
"llama3","seed_206","trained","all_domains_1_samples",1,"temp_025","few_shot","structured","answer_first","number_list","test_set_2",0.58,0.42,0.43,0,20,100,58,0.58,42,43,0.5,0.33,0.43,0.27,0.33,0.64,0.54,37,15,5
"llama3","seed_989","trained","all_domains_10_samples",10,"temp_06","zero_shot","unstructured","answer_first","number_list","test_set_1",0.4,0.6,0.34,2,11,99,40,0.41,58,34,0.43,0.21,0.46,0.47,0.29,0.38,0.19,54,6,5
"llama3","seed_206","untrained","all_domains_0_samples",0,"temp_06","zero_shot","unstructured","answer_first","number_list","test_set_2",0.45,0.55,0.17,14,67,100,45,0.52,41,17,0.21,0.13,0.14,0.2,0.13,0.36,0,16,28,39
"llama2","seed_989","trained","all_domains_1_samples",1,"greedy","few_shot","unstructured","fact_first","number_list","test_set_1",0.22,0.78,0.19,54,19,99,22,0.48,24,19,0.14,0.29,0.15,0.07,0.14,0.23,0.31,61,3,16
"llama3","seed_206","untrained","all_domains_0_samples",0,"temp_025","zero_shot","structured","answer_first","number_list","test_set_2",0,1,0,100,100,100,0,"#DIV/0!",0,0,0,0,0,0,0,0,0,0,0,100
"llama2","seed_989","untrained","all_domains_0_samples",0,"temp_025","zero_shot","structured","fact_first","number_list","test_set_1",0.04,0.96,0.04,90,91,99,4,0.4,6,4,0,0,0.23,0,0.07,0,0,4,0,91
"llama3","seed_206","untrained","all_domains_0_samples",0,"temp_06","few_shot","unstructured","fact_first","number_list","test_set_2",0.53,0.47,0.27,1,44,100,53,0.54,46,27,0.29,0.27,0.29,0.13,0.2,0.29,0.46,29,26,18
"llama3","seed_206","untrained","all_domains_0_samples",0,"temp_025","zero_shot","unstructured","answer_first","markdown","test_set_2",0,1,0,100,100,100,0,"#DIV/0!",0,0,0,0,0,0,0,0,0,0,0,100
"llama2","seed_206","untrained","all_domains_0_samples",0,"temp_06","few_shot","structured","fact_first","markdown","test_set_1",0.33,0.67,0.26,3,38,99,33,0.34,64,26,0.14,0.29,0.46,0.27,0.14,0.38,0.19,35,7,31
"llama3","seed_989","trained","all_domains_10_samples",10,"temp_025","zero_shot","structured","answer_first","number_list","test_set_1",0.47,0.53,0.43,0,9,99,47,0.47,53,43,0.5,0.36,0.62,0.47,0.43,0.38,0.31,47,4,5
"llama3","seed_206","untrained","all_domains_0_samples",0,"temp_06","zero_shot","unstructured","fact_first","number_list","test_set_2",0.21,0.79,0.1,61,85,100,21,0.54,18,10,0,0.07,0.07,0.13,0,0.29,0.15,5,11,74
"llama3","seed_206","untrained","all_domains_0_samples",0,"greedy","zero_shot","structured","answer_first","markdown","test_set_2",0,1,0,99,100,100,0,0,1,0,0,0,0,0,0,0,0,0,0,100
"llama3","seed_989","trained","all_domains_10_samples",10,"greedy","zero_shot","structured","fact_first","number_list","test_set_1",0.49,0.51,0.32,0,33,99,49,0.49,51,32,0.5,0.36,0.38,0.4,0.21,0.31,0.13,34,17,16
"llama2","seed_989","untrained","all_domains_0_samples",0,"greedy","zero_shot","unstructured","fact_first","markdown","test_set_1",0,1,0,99,99,99,0,0,1,0,0,0,0,0,0,0,0,0,0,99
"llama3","seed_206","trained","all_domains_1_samples",1,"greedy","zero_shot","unstructured","fact_first","markdown","test_set_2",0.49,0.51,0.01,17,96,100,49,0.59,34,1,0,0,0,0.07,0,0,0,3,48,48
"llama2","seed_989","trained","all_domains_1_samples",1,"temp_06","zero_shot","unstructured","answer_first","number_list","test_set_1",0.15,0.85,0.07,53,74,99,15,0.32,32,7,0.14,0.07,0.15,0,0.07,0.08,0,18,8,66
"llama2","seed_989","trained","all_domains_1_samples",1,"greedy","few_shot","structured","fact_first","number_list","test_set_1",0.35,0.65,0.27,6,33,99,35,0.37,59,27,0.14,0.43,0.46,0.07,0.29,0.31,0.25,39,8,25
"llama3","seed_206","untrained","all_domains_0_samples",0,"temp_06","few_shot","unstructured","answer_first","number_list","test_set_2",0.52,0.48,0.34,0,31,100,52,0.52,48,34,0.43,0.13,0.36,0.2,0.33,0.5,0.46,35,18,13
"llama3","seed_206","trained","all_domains_1_samples",1,"greedy","few_shot","structured","answer_first","markdown","test_set_2",0.59,0.41,0.27,0,55,100,59,0.59,41,27,0.5,0,0.36,0.27,0.07,0.64,0.08,18,32,23
"llama3","seed_989","trained","all_domains_10_samples",10,"temp_025","zero_shot","unstructured","fact_first","number_list","test_set_1",0.52,0.48,0.51,0,7,99,51,0.51,49,50,0.64,0.5,0.54,0.6,0.57,0.46,0.25,42,1,6
"llama2","seed_989","untrained","all_domains_0_samples",0,"temp_06","zero_shot","structured","answer_first","number_list","test_set_1",0,1,0,95,98,99,0,0,5,0,0,0,0,0,0,0,0,1,0,98
"llama3","seed_206","trained","all_domains_1_samples",1,"temp_025","few_shot","unstructured","fact_first","markdown","test_set_2",0.43,0.57,0.3,22,24,100,43,0.55,35,30,0.5,0.27,0.43,0.13,0.27,0.43,0.08,46,13,11
"llama2","seed_989","trained","all_domains_1_samples",1,"greedy","few_shot","unstructured","answer_first","markdown","test_set_1",0.4,0.6,0.28,0,29,99,40,0.4,60,28,0.14,0.5,0.38,0.13,0.14,0.38,0.31,42,12,17
"llama3","seed_206","untrained","all_domains_0_samples",0,"greedy","zero_shot","structured","fact_first","markdown","test_set_2",0,1,0,98,100,100,0,0,2,0,0,0,0,0,0,0,0,0,0,100
"llama3","seed_989","trained","all_domains_10_samples",10,"temp_025","few_shot","unstructured","fact_first","number_list","test_set_1",0.59,0.41,0.59,0,4,99,58,0.58,42,58,0.71,0.57,0.77,0.67,0.57,0.54,0.31,37,0,4
"llama3","seed_206","trained","all_domains_10_samples",10,"temp_06","few_shot","structured","answer_first","markdown","test_set_1",0.46,0.54,0.42,0,7,99,46,0.46,54,42,0.64,0.43,0.46,0.33,0.43,0.38,0.31,50,4,3
"llama2","seed_989","untrained","all_domains_0_samples",0,"temp_025","zero_shot","unstructured","fact_first","number_list","test_set_1",0,1,0,99,99,99,0,0,1,0,0,0,0,0,0,0,0,0,0,99
"llama3","seed_206","untrained","all_domains_0_samples",0,"temp_025","few_shot","structured","answer_first","number_list","test_set_2",0.5,0.5,0.3,0,41,100,50,0.5,50,30,0.29,0.13,0.29,0.2,0.33,0.5,0.38,29,20,21
"llama3","seed_206","untrained","all_domains_0_samples",0,"temp_025","zero_shot","structured","fact_first","number_list","test_set_2",0.04,0.96,0,92,99,100,4,0.5,4,0,0,0,0,0,0,0,0,1,4,95
"llama3","seed_989","trained","all_domains_10_samples",10,"temp_025","few_shot","structured","answer_first","number_list","test_set_1",0.49,0.51,0.48,0,6,99,49,0.49,51,48,0.64,0.43,0.54,0.33,0.43,0.54,0.5,45,1,5
"llama3","seed_206","trained","all_domains_1_samples",1,"temp_06","zero_shot","unstructured","answer_first","markdown","test_set_2",0.15,0.85,0,72,100,100,15,0.54,13,0,0,0,0,0,0,0,0,0,15,85
"llama2","seed_989","trained","all_domains_10_samples",10,"greedy","zero_shot","unstructured","fact_first","number_list","test_set_1",0.36,0.64,0.32,1,10,99,36,0.36,63,32,0.21,0.43,0.38,0.13,0.29,0.54,0.31,57,4,6
"llama3","seed_989","untrained","all_domains_0_samples",0,"temp_06","few_shot","structured","fact_first","markdown","test_set_1",0.43,0.57,0,19,98,99,43,0.53,38,0,0,0,0,0,0,0,0,1,43,55
"llama3","seed_206","trained","all_domains_1_samples",1,"temp_025","few_shot","structured","fact_first","number_list","test_set_2",0.56,0.44,0.34,0,37,100,56,0.56,44,34,0.79,0.13,0.36,0.2,0.2,0.5,0.23,29,22,15
"llama3","seed_206","trained","all_domains_1_samples",1,"temp_06","zero_shot","structured","answer_first","number_list","test_set_2",0.47,0.53,0.31,8,34,100,47,0.51,45,31,0.36,0.27,0.14,0.27,0.33,0.5,0.31,35,16,18
"llama2","seed_989","untrained","all_domains_0_samples",0,"greedy","zero_shot","structured","fact_first","markdown","test_set_1",0,1,0,99,99,99,0,0,1,0,0,0,0,0,0,0,0,0,0,99
"llama3","seed_989","trained","all_domains_10_samples",10,"temp_06","few_shot","unstructured","answer_first","number_list","test_set_1",0.41,0.59,0.39,19,29,99,41,0.51,40,39,0.5,0.29,0.54,0.4,0.29,0.31,0.44,31,2,27
"llama2","seed_989","trained","all_domains_1_samples",1,"temp_025","zero_shot","structured","answer_first","markdown","test_set_1",0.14,0.86,0,48,99,99,14,0.27,38,0,0,0,0,0,0,0,0,0,14,85
"llama3","seed_989","trained","all_domains_1_samples",1,"greedy","zero_shot","unstructured","answer_first","number_list","test_set_2",0.26,0.74,0.14,43,65,100,26,0.46,31,14,0.07,0.13,0.07,0,0.07,0.43,0.23,21,12,53
"llama2","seed_989","trained","all_domains_1_samples",1,"greedy","few_shot","structured","answer_first","markdown","test_set_1",0.33,0.67,0.25,1,33,99,33,0.33,66,25,0.14,0.57,0.38,0,0.14,0.31,0.25,41,8,25
"llama2","seed_989","trained","all_domains_1_samples",1,"temp_025","zero_shot","unstructured","answer_first","markdown","test_set_1",0.05,0.95,0,82,99,99,5,0.28,13,0,0,0,0,0,0,0,0,0,5,94
"llama3","seed_206","trained","all_domains_1_samples",1,"temp_025","few_shot","unstructured","answer_first","markdown","test_set_2",0.6,0.4,0.37,0,42,100,60,0.6,40,37,0.64,0.07,0.5,0.27,0.33,0.79,0,21,23,19
"llama3","seed_989","trained","all_domains_1_samples",1,"greedy","few_shot","unstructured","fact_first","number_list","test_set_2",0.49,0.51,0.42,14,12,100,49,0.57,37,42,0.43,0.47,0.36,0.2,0.33,0.71,0.46,46,7,5
"llama3","seed_989","trained","all_domains_1_samples",1,"greedy","zero_shot","unstructured","fact_first","number_list","test_set_2",0.41,0.59,0.24,34,54,100,41,0.62,25,24,0.5,0.27,0.07,0.07,0.13,0.36,0.31,22,17,37
"llama3","seed_206","trained","all_domains_1_samples",1,"temp_025","zero_shot","structured","answer_first","markdown","test_set_2",0.51,0.49,0.01,4,99,100,51,0.53,45,1,0,0,0,0,0.07,0,0,0,50,49
"llama3","seed_206","untrained","all_domains_0_samples",0,"greedy","zero_shot","unstructured","fact_first","markdown","test_set_2",0.07,0.93,0,86,100,100,7,0.5,7,0,0,0,0,0,0,0,0,0,7,93
"llama3","seed_989","trained","all_domains_10_samples",10,"temp_025","few_shot","structured","fact_first","number_list","test_set_1",0.51,0.49,0.46,0,10,99,50,0.5,50,46,0.64,0.43,0.54,0.47,0.5,0.54,0.19,43,4,6
"llama3","seed_206","untrained","all_domains_0_samples",0,"temp_025","few_shot","unstructured","fact_first","markdown","test_set_2",0.56,0.44,0,0,100,100,56,0.56,44,0,0,0,0,0,0,0,0,0,56,44
"llama2","seed_989","trained","all_domains_1_samples",1,"temp_06","zero_shot","structured","fact_first","number_list","test_set_1",0.05,0.95,0.04,74,61,99,5,0.19,21,4,0,0,0.15,0,0.14,0,0,34,1,60
"llama3","seed_206","trained","all_domains_10_samples",10,"greedy","zero_shot","unstructured","answer_first","number_list","test_set_2",0.55,0.45,0.46,1,13,100,55,0.56,44,46,0.5,0.27,0.57,0.33,0.4,0.64,0.54,41,9,4
"llama2","seed_989","trained","all_domains_10_samples",10,"greedy","zero_shot","structured","fact_first","number_list","test_set_1",0.4,0.6,0.36,0,10,99,40,0.4,60,36,0.43,0.29,0.23,0.47,0.5,0.31,0.31,53,4,6
"llama3","seed_989","trained","all_domains_1_samples",1,"greedy","few_shot","unstructured","answer_first","number_list","test_set_2",0.57,0.43,0.46,0,14,100,57,0.57,43,46,0.5,0.27,0.57,0.27,0.47,0.71,0.46,40,11,3
"llama2","seed_989","trained","all_domains_10_samples",10,"greedy","few_shot","unstructured","answer_first","number_list","test_set_1",0.34,0.66,0.31,0,15,99,34,0.34,66,31,0.21,0.43,0.38,0.13,0.36,0.38,0.31,53,3,12
"llama2","seed_989","untrained","all_domains_0_samples",0,"temp_06","zero_shot","unstructured","answer_first","number_list","test_set_1",0,1,0,99,99,99,0,0,1,0,0,0,0,0,0,0,0,0,0,99
"llama3","seed_206","trained","all_domains_1_samples",1,"temp_025","zero_shot","structured","fact_first","markdown","test_set_2",0.51,0.49,0,15,97,100,51,0.6,34,0,0,0,0,0,0,0,0,3,51,46
"llama2","seed_989","untrained","all_domains_0_samples",0,"greedy","few_shot","unstructured","answer_first","number_list","test_set_1",0.36,0.64,0.27,0,23,99,36,0.36,64,27,0.14,0.5,0.46,0.13,0.07,0.23,0.38,49,9,14
"llama3","seed_206","trained","all_domains_1_samples",1,"temp_06","zero_shot","structured","fact_first","number_list","test_set_2",0.55,0.45,0.22,3,58,100,55,0.57,42,22,0.07,0.4,0.29,0.2,0.13,0.36,0.08,20,33,25
"llama3","seed_206","untrained","all_domains_0_samples",0,"greedy","few_shot","structured","answer_first","markdown","test_set_2",0.34,0.66,0,35,99,100,34,0.52,31,0,0,0,0,0,0,0,0,1,34,65
"llama3","seed_206","untrained","all_domains_0_samples",0,"temp_06","zero_shot","unstructured","answer_first","markdown","test_set_2",0,1,0,100,100,100,0,"#DIV/0!",0,0,0,0,0,0,0,0,0,0,0,100
"llama2","seed_989","trained","all_domains_1_samples",1,"temp_06","zero_shot","unstructured","fact_first","number_list","test_set_1",0.09,0.91,0.05,75,76,99,9,0.36,16,5,0.14,0.07,0.08,0,0,0.08,0,18,4,72
"llama3","seed_989","untrained","all_domains_0_samples",0,"greedy","zero_shot","unstructured","fact_first","number_list","test_set_2",0.29,0.71,0.15,46,72,100,29,0.54,25,15,0,0.27,0.07,0.27,0,0.29,0.15,13,14,58
"llama3","seed_989","untrained","all_domains_0_samples",0,"greedy","few_shot","unstructured","fact_first","number_list","test_set_2",0.56,0.44,0.39,2,27,100,56,0.57,42,39,0.71,0.27,0.43,0.27,0.27,0.36,0.46,34,17,10
"llama2","seed_206","trained","all_domains_10_samples",10,"temp_06","few_shot","structured","answer_first","number_list","test_set_1",0.28,0.72,0.23,0,11,99,28,0.28,72,23,0.07,0.21,0.38,0.27,0.14,0.23,0.31,65,5,6
"llama2","seed_989","untrained","all_domains_0_samples",0,"greedy","few_shot","structured","answer_first","number_list","test_set_1",0.4,0.6,0.32,0,21,99,40,0.4,60,32,0.14,0.57,0.38,0.13,0.21,0.31,0.5,46,8,13
"llama3","seed_206","trained","all_domains_1_samples",1,"temp_06","few_shot","structured","answer_first","number_list","test_set_2",0.52,0.48,0.36,0,25,100,52,0.52,48,36,0.43,0.33,0.29,0.27,0.07,0.71,0.46,39,16,9
"llama3","seed_206","untrained","all_domains_0_samples",0,"temp_025","few_shot","structured","fact_first","number_list","test_set_2",0.52,0.48,0.24,0,50,100,52,0.52,48,24,0.14,0.13,0.14,0.27,0.27,0.36,0.38,26,28,22
"llama3","seed_206","untrained","all_domains_0_samples",0,"temp_025","few_shot","unstructured","answer_first","markdown","test_set_2",0.5,0.5,0,1,99,100,50,0.51,49,0,0,0,0,0,0,0,0,1,50,49
"llama2","seed_206","trained","all_domains_1_samples",1,"greedy","zero_shot","structured","answer_first","number_list","test_set_2",0.21,0.79,0.12,3,31,100,21,0.22,76,12,0.29,0.07,0.07,0.07,0.13,0.21,0,57,9,22
"llama3","seed_206","untrained","all_domains_0_samples",0,"temp_06","zero_shot","structured","answer_first","number_list","test_set_2",0.03,0.97,0.02,94,98,100,3,0.5,3,2,0,0,0,0,0,0.14,0,0,1,97
"llama3","seed_989","trained","all_domains_1_samples",1,"temp_025","zero_shot","unstructured","answer_first","number_list","test_set_2",0.22,0.78,0.12,44,62,100,22,0.39,34,12,0,0.07,0.07,0,0.07,0.43,0.23,26,10,52
"llama2","seed_989","trained","all_domains_1_samples",1,"greedy","few_shot","unstructured","fact_first","markdown","test_set_1",0.26,0.74,0.17,44,33,99,26,0.46,30,17,0.21,0.36,0.23,0,0.07,0.08,0.25,49,9,24
"llama3","seed_206","trained","all_domains_1_samples",1,"greedy","few_shot","structured","fact_first","markdown","test_set_2",0.61,0.39,0.28,0,53,100,61,0.61,39,28,0.71,0,0.29,0.4,0.07,0.43,0.08,19,33,20
"llama3","seed_989","trained","all_domains_10_samples",10,"temp_06","zero_shot","unstructured","fact_first","number_list","test_set_1",0.52,0.48,0.48,2,9,99,51,0.52,47,48,0.57,0.57,0.62,0.47,0.57,0.46,0.19,42,3,6
"llama3","seed_989","trained","all_domains_10_samples",10,"temp_06","zero_shot","structured","answer_first","number_list","test_set_1",0.47,0.53,0.43,0,9,99,47,0.47,53,43,0.5,0.36,0.62,0.47,0.43,0.38,0.31,47,4,5
"llama2","seed_989","untrained","all_domains_0_samples",0,"greedy","few_shot","unstructured","fact_first","number_list","test_set_1",0.22,0.78,0.17,44,25,99,22,0.39,34,17,0.14,0.21,0.15,0.07,0.07,0.23,0.31,57,5,20
"llama3","seed_206","trained","all_domains_1_samples",1,"temp_025","zero_shot","unstructured","fact_first","markdown","test_set_2",0.52,0.48,0.05,13,93,100,52,0.6,35,5,0.14,0,0.07,0.13,0,0,0,2,47,46
"llama2","seed_989","trained","all_domains_1_samples",1,"temp_025","zero_shot","unstructured","fact_first","markdown","test_set_1",0.09,0.91,0,83,99,99,9,0.53,8,0,0,0,0,0,0,0,0,0,9,90
"llama3","seed_989","trained","all_domains_10_samples",10,"temp_06","few_shot","unstructured","fact_first","number_list","test_set_1",0.56,0.44,0.54,0,5,99,55,0.55,45,53,0.71,0.71,0.62,0.47,0.5,0.46,0.31,41,2,3
"llama2","seed_989","trained","all_domains_10_samples",10,"temp_025","zero_shot","unstructured","answer_first","number_list","test_set_1",0.38,0.62,0.34,0,12,99,38,0.38,62,34,0.14,0.43,0.54,0.2,0.36,0.38,0.38,53,4,8
"llama3","seed_206","untrained","all_domains_0_samples",0,"temp_025","zero_shot","structured","answer_first","markdown","test_set_2",0.01,0.99,0,98,100,100,1,0.5,1,0,0,0,0,0,0,0,0,0,1,99
"llama3","seed_989","untrained","all_domains_0_samples",0,"greedy","few_shot","unstructured","answer_first","number_list","test_set_2",0.49,0.51,0.34,0,31,100,49,0.49,51,34,0.29,0.07,0.36,0.27,0.4,0.57,0.46,35,15,16
"llama3","seed_989","trained","all_domains_10_samples",10,"temp_025","zero_shot","structured","fact_first","number_list","test_set_1",0.56,0.44,0.34,0,34,99,55,0.55,45,34,0.5,0.36,0.46,0.47,0.14,0.31,0.19,31,21,13
"llama2","seed_989","trained","all_domains_10_samples",10,"temp_025","zero_shot","structured","answer_first","number_list","test_set_1",0.24,0.76,0.22,0,9,99,24,0.24,76,22,0.14,0.29,0.23,0.27,0.29,0.23,0.13,68,2,7
"llama2","seed_989","untrained","all_domains_0_samples",0,"temp_025","zero_shot","unstructured","answer_first","markdown","test_set_1",0,1,0,99,99,99,0,0,1,0,0,0,0,0,0,0,0,0,0,99
"llama2","seed_989","trained","all_domains_1_samples",1,"greedy","few_shot","structured","fact_first","markdown","test_set_1",0.32,0.68,0.22,2,31,99,32,0.33,66,22,0.29,0.21,0.38,0.13,0.07,0.23,0.25,46,10,21
"llama2","seed_989","untrained","all_domains_0_samples",0,"temp_06","zero_shot","structured","fact_first","number_list","test_set_1",0.02,0.98,0.01,89,91,99,2,0.18,9,1,0,0.07,0,0,0,0,0,7,1,90
"llama2","seed_989","trained","all_domains_10_samples",10,"greedy","few_shot","unstructured","fact_first","number_list","test_set_1",0.31,0.69,0.29,1,9,99,31,0.31,68,29,0.07,0.29,0.54,0.2,0.43,0.23,0.31,61,2,7
"llama2","seed_989","untrained","all_domains_0_samples",0,"greedy","few_shot","structured","fact_first","number_list","test_set_1",0.4,0.6,0.32,3,23,99,40,0.41,57,32,0.21,0.43,0.38,0.2,0.21,0.38,0.44,44,8,15
"llama3","seed_206","trained","all_domains_1_samples",1,"temp_06","few_shot","unstructured","fact_first","markdown","test_set_2",0.5,0.5,0.34,14,31,100,50,0.58,36,34,0.79,0.4,0.36,0.07,0.33,0.36,0.08,35,16,15
"llama3","seed_206","trained","all_domains_10_samples",10,"greedy","few_shot","unstructured","answer_first","number_list","test_set_2",0.45,0.55,0.41,24,30,100,45,0.59,31,41,0.5,0.27,0.64,0.47,0.2,0.43,0.38,29,4,26
"llama2","seed_989","untrained","all_domains_0_samples",0,"temp_025","zero_shot","structured","answer_first","markdown","test_set_1",0,1,0,99,99,99,0,0,1,0,0,0,0,0,0,0,0,0,0,99
"llama2","seed_206","trained","all_domains_10_samples",10,"temp_06","few_shot","unstructured","answer_first","markdown","test_set_1",0.38,0.62,0.37,0,9,99,38,0.38,62,37,0.29,0.5,0.46,0.27,0.57,0.38,0.19,53,1,8
"llama3","seed_206","untrained","all_domains_0_samples",0,"temp_025","zero_shot","structured","fact_first","markdown","test_set_2",0,1,0,96,100,100,0,0,4,0,0,0,0,0,0,0,0,0,0,100
"llama3","seed_989","untrained","all_domains_0_samples",0,"temp_025","zero_shot","unstructured","answer_first","number_list","test_set_2",0.43,0.57,0.14,6,59,100,43,0.46,51,14,0.14,0.2,0.07,0,0.07,0.43,0.08,27,29,30
"llama3","seed_989","trained","all_domains_1_samples",1,"greedy","zero_shot","unstructured","answer_first","markdown","test_set_2",0.16,0.84,0,72,100,100,16,0.57,12,0,0,0,0,0,0,0,0,0,16,84
"llama2","seed_989","untrained","all_domains_0_samples",0,"greedy","few_shot","unstructured","answer_first","markdown","test_set_1",0.36,0.64,0.24,0,34,99,36,0.36,64,24,0.14,0.43,0.38,0,0.14,0.23,0.38,41,12,22
"llama3","seed_989","trained","all_domains_1_samples",1,"temp_025","zero_shot","unstructured","fact_first","number_list","test_set_2",0.4,0.6,0.24,29,52,100,40,0.56,31,24,0.5,0.2,0.07,0.13,0.13,0.43,0.23,24,16,36
"llama3","seed_206","untrained","all_domains_0_samples",0,"temp_06","zero_shot","structured","fact_first","number_list","test_set_2",0.07,0.93,0.01,83,98,100,7,0.41,10,1,0,0,0.07,0,0,0,0,1,6,92
"llama3","seed_206","trained","all_domains_1_samples",1,"temp_025","few_shot","structured","answer_first","markdown","test_set_2",0.58,0.42,0.29,0,54,100,58,0.58,42,29,0.5,0,0.36,0.4,0.07,0.64,0.08,17,29,25
"llama3","seed_989","trained","all_domains_1_samples",1,"temp_025","few_shot","unstructured","fact_first","number_list","test_set_2",0.47,0.53,0.38,11,13,100,47,0.53,42,38,0.5,0.33,0.57,0.2,0.2,0.43,0.46,49,9,4
"llama2","seed_206","trained","all_domains_1_samples",1,"greedy","zero_shot","unstructured","answer_first","number_list","test_set_2",0.24,0.76,0.17,28,51,100,24,0.33,48,17,0.21,0.2,0.21,0,0.2,0.36,0,32,7,44
"llama3","seed_989","trained","all_domains_1_samples",1,"greedy","zero_shot","structured","answer_first","number_list","test_set_2",0.48,0.52,0.34,2,27,100,48,0.49,50,34,0.5,0.2,0.21,0.2,0.13,0.71,0.46,39,14,13
"llama2","seed_989","trained","all_domains_1_samples",1,"temp_025","zero_shot","structured","fact_first","markdown","test_set_1",0.04,0.96,0,83,99,99,4,0.24,13,0,0,0,0,0,0,0,0,0,4,95
"llama3","seed_206","untrained","all_domains_0_samples",0,"temp_06","few_shot","structured","answer_first","number_list","test_set_2",0.53,0.47,0.27,0,49,100,53,0.53,47,27,0.21,0.13,0.29,0.27,0.33,0.43,0.23,24,26,23
"llama3","seed_989","trained","all_domains_10_samples",10,"temp_06","few_shot","structured","answer_first","number_list","test_set_1",0.52,0.48,0.47,0,7,99,51,0.51,49,47,0.64,0.36,0.54,0.33,0.43,0.54,0.5,45,4,3
"llama3","seed_206","trained","all_domains_1_samples",1,"temp_06","few_shot","unstructured","answer_first","markdown","test_set_2",0.63,0.37,0.43,0,34,100,63,0.63,37,43,0.71,0.27,0.5,0.33,0.33,0.79,0.08,23,20,14
"llama3","seed_989","trained","all_domains_10_samples",10,"greedy","few_shot","structured","answer_first","markdown","test_set_1",0.45,0.55,0.41,0,7,99,45,0.45,55,41,0.64,0.36,0.46,0.33,0.43,0.31,0.38,51,4,3
"llama3","seed_206","untrained","all_domains_0_samples",0,"temp_025","zero_shot","unstructured","fact_first","markdown","test_set_2",0.05,0.95,0,89,100,100,5,0.45,6,0,0,0,0,0,0,0,0,0,5,95
"llama3","seed_206","trained","all_domains_1_samples",1,"temp_06","few_shot","structured","fact_first","number_list","test_set_2",0.6,0.4,0.37,0,37,100,60,0.6,40,37,0.86,0.07,0.43,0.2,0.2,0.5,0.38,26,23,14
"llama3","seed_206","trained","all_domains_10_samples",10,"temp_025","zero_shot","unstructured","answer_first","number_list","test_set_2",0.55,0.45,0.46,1,13,100,55,0.56,44,46,0.5,0.27,0.57,0.33,0.47,0.64,0.46,41,9,4
"llama3","seed_206","trained","all_domains_1_samples",1,"temp_06","zero_shot","structured","answer_first","markdown","test_set_2",0.43,0.57,0,11,96,100,43,0.48,46,0,0,0,0,0,0,0,0,4,43,53
"llama3","seed_206","untrained","all_domains_0_samples",0,"greedy","few_shot","structured","fact_first","markdown","test_set_2",0.47,0.53,0.01,16,99,100,47,0.56,37,1,0,0,0,0,0,0.07,0,0,46,53
"llama2","seed_989","untrained","all_domains_0_samples",0,"greedy","few_shot","structured","answer_first","markdown","test_set_1",0.35,0.65,0.26,0,31,99,35,0.35,65,26,0.14,0.57,0.31,0.07,0.14,0.23,0.38,42,9,22
"llama2","seed_989","untrained","all_domains_0_samples",0,"temp_06","zero_shot","unstructured","fact_first","number_list","test_set_1",0,1,0,99,99,99,0,0,1,0,0,0,0,0,0,0,0,0,0,99
"llama3","seed_989","trained","all_domains_1_samples",1,"temp_025","few_shot","unstructured","answer_first","number_list","test_set_2",0.58,0.42,0.45,0,16,100,58,0.58,42,45,0.5,0.27,0.5,0.27,0.33,0.79,0.54,39,13,3
"llama2","seed_989","trained","all_domains_10_samples",10,"temp_025","zero_shot","unstructured","fact_first","number_list","test_set_1",0.38,0.62,0.36,0,11,99,38,0.38,62,36,0.21,0.43,0.38,0.2,0.36,0.62,0.38,52,2,9
"llama3","seed_989","untrained","all_domains_0_samples",0,"temp_025","zero_shot","unstructured","fact_first","number_list","test_set_2",0.24,0.76,0.1,52,79,100,24,0.5,24,10,0,0.2,0.14,0.13,0,0.07,0.15,11,14,65
"llama3","seed_206","untrained","all_domains_0_samples",0,"temp_06","few_shot","unstructured","fact_first","markdown","test_set_2",0.52,0.48,0.02,1,96,100,52,0.53,47,2,0,0,0,0.07,0,0,0.08,2,50,46
"llama2","seed_206","trained","all_domains_10_samples",10,"temp_06","few_shot","structured","fact_first","number_list","test_set_1",0.34,0.66,0.28,2,14,99,34,0.35,64,28,0.21,0.29,0.23,0.27,0.43,0.23,0.31,57,6,8
"llama2","seed_206","untrained","all_domains_0_samples",0,"greedy","zero_shot","structured","answer_first","number_list","test_set_2",0.01,0.99,0,86,92,100,1,0.07,13,0,0,0,0,0,0,0,0,8,1,91
"llama3","seed_206","trained","all_domains_10_samples",10,"greedy","zero_shot","unstructured","fact_first","number_list","test_set_2",0.47,0.53,0.41,0,8,100,47,0.47,53,41,0.29,0.27,0.71,0.27,0.53,0.43,0.38,51,6,2
"llama3","seed_989","trained","all_domains_10_samples",10,"temp_06","few_shot","structured","fact_first","number_list","test_set_1",0.51,0.49,0.46,0,10,99,50,0.5,50,46,0.64,0.57,0.62,0.6,0.43,0.31,0.13,43,4,6
"llama3","seed_206","trained","all_domains_1_samples",1,"temp_06","zero_shot","structured","fact_first","markdown","test_set_2",0.39,0.61,0,16,98,100,39,0.46,45,0,0,0,0,0,0,0,0,2,39,59
"llama3","seed_989","untrained","all_domains_0_samples",0,"greedy","zero_shot","unstructured","answer_first","markdown","test_set_2",0,1,0,100,100,100,0,"#DIV/0!",0,0,0,0,0,0,0,0,0,0,0,100
"llama3","seed_206","trained","all_domains_10_samples",10,"greedy","few_shot","unstructured","fact_first","number_list","test_set_2",0.5,0.5,0.45,1,9,100,50,0.51,49,45,0.57,0.4,0.5,0.33,0.33,0.64,0.38,46,5,4
"llama3","seed_989","untrained","all_domains_0_samples",0,"temp_025","few_shot","unstructured","fact_first","number_list","test_set_2",0.53,0.47,0.35,2,32,100,53,0.54,45,35,0.64,0.4,0.29,0.13,0.2,0.36,0.46,33,18,14
"llama3","seed_989","trained","all_domains_1_samples",1,"greedy","zero_shot","structured","fact_first","number_list","test_set_2",0.58,0.42,0.18,0,58,100,58,0.58,42,18,0,0.4,0.29,0.07,0.07,0.36,0.08,24,40,18
"llama3","seed_989","trained","all_domains_1_samples",1,"temp_06","zero_shot","unstructured","answer_first","number_list","test_set_2",0.24,0.76,0.17,45,61,100,24,0.44,31,17,0.07,0.27,0.07,0.07,0,0.43,0.31,22,7,54
"llama2","seed_989","untrained","all_domains_0_samples",0,"temp_025","zero_shot","unstructured","fact_first","markdown","test_set_1",0,1,0,99,99,99,0,0,1,0,0,0,0,0,0,0,0,0,0,99
"llama3","seed_206","untrained","all_domains_0_samples",0,"temp_06","few_shot","unstructured","answer_first","markdown","test_set_2",0.51,0.49,0.02,6,96,100,51,0.54,43,2,0,0,0.07,0.07,0,0,0,2,49,47
"llama3","seed_206","trained","all_domains_1_samples",1,"temp_06","zero_shot","unstructured","fact_first","markdown","test_set_2",0.49,0.51,0.08,13,88,100,49,0.56,38,8,0.14,0,0.07,0.13,0.13,0.07,0,4,41,47
"llama2","seed_989","trained","all_domains_1_samples",1,"temp_025","few_shot","unstructured","answer_first","number_list","test_set_1",0.36,0.64,0.27,0,27,99,36,0.36,64,27,0.36,0.43,0.31,0.13,0.07,0.23,0.38,45,9,18
"llama3","seed_989","untrained","all_domains_0_samples",0,"greedy","zero_shot","structured","answer_first","number_list","test_set_2",0,1,0,100,100,100,0,"#DIV/0!",0,0,0,0,0,0,0,0,0,0,0,100
"llama2","seed_989","trained","all_domains_1_samples",1,"temp_06","zero_shot","unstructured","answer_first","markdown","test_set_1",0.09,0.91,0,56,99,99,9,0.2,35,0,0,0,0,0,0,0,0,0,9,90
"llama3","seed_989","trained","all_domains_1_samples",1,"greedy","few_shot","structured","answer_first","number_list","test_set_2",0.56,0.44,0.42,0,21,100,56,0.56,44,42,0.57,0.27,0.43,0.27,0.27,0.71,0.46,37,14,7
"llama3","seed_206","trained","all_domains_10_samples",10,"greedy","zero_shot","structured","answer_first","number_list","test_set_2",0.52,0.48,0.42,0,15,100,52,0.52,48,42,0.29,0.33,0.21,0.33,0.47,0.71,0.62,43,10,5
"llama3","seed_989","untrained","all_domains_0_samples",0,"temp_025","few_shot","unstructured","answer_first","number_list","test_set_2",0.49,0.51,0.33,0,31,100,49,0.49,51,33,0.36,0.13,0.36,0.2,0.4,0.5,0.38,36,16,15
"llama3","seed_206","untrained","all_domains_0_samples",0,"temp_06","zero_shot","structured","answer_first","markdown","test_set_2",0.02,0.98,0,96,100,100,2,0.5,2,0,0,0,0,0,0,0,0,0,2,98
"llama3","seed_206","untrained","all_domains_0_samples",0,"temp_06","few_shot","structured","fact_first","number_list","test_set_2",0.58,0.42,0.19,0,59,100,58,0.58,42,19,0.21,0.13,0.21,0.07,0.2,0.21,0.31,22,39,20
"llama2","seed_989","trained","all_domains_10_samples",10,"temp_025","zero_shot","structured","fact_first","number_list","test_set_1",0.39,0.61,0.36,0,8,99,39,0.39,61,36,0.29,0.29,0.46,0.27,0.5,0.38,0.38,55,3,5
"llama2","seed_206","trained","all_domains_1_samples",1,"greedy","zero_shot","structured","fact_first","number_list","test_set_2",0.09,0.91,0.06,72,50,100,9,0.32,19,6,0,0.07,0.07,0,0.13,0.14,0,44,3,47
"llama2","seed_989","untrained","all_domains_0_samples",0,"greedy","few_shot","unstructured","fact_first","markdown","test_set_1",0.3,0.7,0.19,29,34,99,30,0.42,41,19,0.21,0.21,0.23,0.07,0.14,0.23,0.25,46,11,23
"llama3","seed_206","untrained","all_domains_0_samples",0,"temp_025","few_shot","structured","answer_first","markdown","test_set_2",0.29,0.71,0,41,98,100,29,0.49,30,0,0,0,0,0,0,0,0,2,29,69
"llama2","seed_989","trained","all_domains_1_samples",1,"temp_025","few_shot","structured","answer_first","number_list","test_set_1",0.26,0.74,0.15,7,39,99,26,0.28,67,15,0.07,0.14,0.23,0,0.14,0.23,0.25,45,11,28
"llama2","seed_989","trained","all_domains_1_samples",1,"temp_06","zero_shot","structured","answer_first","markdown","test_set_1",0.24,0.76,0,25,99,99,24,0.32,51,0,0,0,0,0,0,0,0,0,24,75
"llama3","seed_206","trained","all_domains_10_samples",10,"temp_025","few_shot","unstructured","answer_first","number_list","test_set_2",0.48,0.52,0.43,20,26,100,48,0.6,32,43,0.57,0.27,0.64,0.4,0.2,0.5,0.46,31,5,21
"llama3","seed_989","trained","all_domains_10_samples",10,"temp_06","zero_shot","structured","fact_first","number_list","test_set_1",0.52,0.48,0.34,1,34,99,51,0.52,48,34,0.5,0.21,0.46,0.47,0.29,0.38,0.13,31,17,17
"llama2","seed_989","trained","all_domains_1_samples",1,"temp_025","few_shot","unstructured","fact_first","number_list","test_set_1",0.2,0.8,0.17,44,23,99,20,0.36,36,17,0.14,0.29,0.31,0.13,0,0.08,0.25,59,3,20
"llama3","seed_206","trained","all_domains_1_samples",1,"temp_025","few_shot","structured","fact_first","markdown","test_set_2",0.58,0.42,0.3,1,50,100,58,0.59,41,30,0.71,0,0.43,0.4,0.07,0.36,0.15,20,28,22
"llama3","seed_989","trained","all_domains_1_samples",1,"temp_025","zero_shot","unstructured","answer_first","markdown","test_set_2",0.13,0.87,0,75,100,100,13,0.52,12,0,0,0,0,0,0,0,0,0,13,87
"llama3","seed_989","trained","all_domains_1_samples",1,"temp_06","zero_shot","unstructured","fact_first","number_list","test_set_2",0.35,0.65,0.19,36,60,100,35,0.55,29,19,0.29,0.2,0.14,0,0.07,0.5,0.15,21,16,44
"llama3","seed_989","untrained","all_domains_0_samples",0,"temp_06","zero_shot","unstructured","answer_first","number_list","test_set_2",0.45,0.55,0.14,13,67,100,45,0.52,42,14,0.21,0.07,0,0.2,0.07,0.43,0,19,31,36
"llama3","seed_989","trained","all_domains_1_samples",1,"temp_06","few_shot","unstructured","fact_first","number_list","test_set_2",0.54,0.46,0.41,1,20,100,54,0.55,45,41,0.57,0.27,0.57,0.33,0.33,0.5,0.31,39,13,7
"llama2","seed_989","untrained","all_domains_0_samples",0,"temp_025","zero_shot","structured","fact_first","markdown","test_set_1",0,1,0,99,99,99,0,0,1,0,0,0,0,0,0,0,0,0,0,99
"llama2","seed_989","trained","all_domains_10_samples",10,"temp_025","few_shot","unstructured","answer_first","number_list","test_set_1",0.32,0.68,0.28,0,16,99,32,0.32,68,28,0.14,0.43,0.38,0.13,0.36,0.38,0.19,55,4,12
"llama3","seed_989","trained","all_domains_1_samples",1,"greedy","few_shot","unstructured","fact_first","markdown","test_set_2",0.37,0.63,0.24,19,26,100,37,0.46,44,24,0.36,0.2,0.21,0.2,0.2,0.43,0.08,50,13,13
"llama2","seed_989","untrained","all_domains_0_samples",0,"greedy","few_shot","structured","fact_first","markdown","test_set_1",0.35,0.65,0.22,1,31,99,35,0.35,64,22,0.14,0.29,0.46,0.07,0.07,0.38,0.19,46,13,18
"llama3","seed_206","untrained","all_domains_0_samples",0,"temp_06","zero_shot","structured","fact_first","markdown","test_set_2",0.03,0.97,0,97,100,100,3,1,0,0,0,0,0,0,0,0,0,0,3,97
"llama2","seed_989","untrained","all_domains_0_samples",0,"temp_06","zero_shot","unstructured","answer_first","markdown","test_set_1",0,1,0,99,99,99,0,0,1,0,0,0,0,0,0,0,0,0,0,99
"llama2","seed_206","untrained","all_domains_0_samples",0,"greedy","zero_shot","unstructured","answer_first","number_list","test_set_2",0,1,0,100,100,100,0,"#DIV/0!",0,0,0,0,0,0,0,0,0,0,0,100
"llama2","seed_989","trained","all_domains_10_samples",10,"temp_06","zero_shot","structured","answer_first","number_list","test_set_1",0.24,0.76,0.22,0,10,99,24,0.24,76,22,0.14,0.29,0.15,0.27,0.29,0.23,0.19,67,2,8
"llama3","seed_206","trained","all_domains_10_samples",10,"temp_06","zero_shot","unstructured","answer_first","number_list","test_set_2",0.53,0.47,0.44,6,18,100,53,0.56,41,44,0.57,0.27,0.57,0.33,0.33,0.57,0.46,38,9,9
"llama3","seed_989","untrained","all_domains_0_samples",0,"greedy","zero_shot","structured","fact_first","number_list","test_set_2",0.06,0.94,0,92,100,100,6,0.75,2,0,0,0,0,0,0,0,0,0,6,94
"llama2","seed_989","trained","all_domains_10_samples",10,"temp_06","zero_shot","unstructured","answer_first","number_list","test_set_1",0.39,0.61,0.34,0,13,99,39,0.39,61,34,0.21,0.5,0.46,0.13,0.43,0.31,0.38,52,5,8
"llama3","seed_206","untrained","all_domains_0_samples",0,"temp_06","zero_shot","unstructured","fact_first","markdown","test_set_2",0.08,0.92,0,81,100,100,8,0.42,11,0,0,0,0,0,0,0,0,0,8,92
"llama3","seed_989","trained","all_domains_1_samples",1,"temp_025","zero_shot","structured","answer_first","number_list","test_set_2",0.49,0.51,0.34,2,28,100,49,0.5,49,34,0.5,0.2,0.29,0.13,0.27,0.71,0.31,38,15,13
"llama2","seed_989","trained","all_domains_1_samples",1,"temp_025","few_shot","structured","fact_first","number_list","test_set_1",0.33,0.67,0.23,9,39,99,33,0.36,58,23,0.21,0.14,0.38,0,0.29,0.38,0.25,37,10,29
"llama2","seed_206","trained","all_domains_1_samples",1,"temp_025","zero_shot","structured","answer_first","number_list","test_set_2",0.21,0.79,0.13,3,36,100,21,0.22,76,13,0.14,0.13,0.07,0.13,0.2,0.21,0,51,8,28
"llama2","seed_989","trained","all_domains_1_samples",1,"temp_025","few_shot","unstructured","answer_first","markdown","test_set_1",0.34,0.66,0.2,0,32,99,34,0.34,66,20,0.21,0.5,0.31,0.13,0,0.08,0.19,47,14,18
"llama2","seed_206","trained","all_domains_1_samples",1,"greedy","zero_shot","unstructured","fact_first","number_list","test_set_2",0.03,0.97,0.01,89,88,100,3,0.27,8,1,0,0,0,0,0.07,0,0,11,2,86
"llama3","seed_989","untrained","all_domains_0_samples",0,"greedy","few_shot","structured","answer_first","number_list","test_set_2",0.49,0.51,0.29,0,40,100,49,0.49,51,29,0.29,0.07,0.29,0.2,0.4,0.5,0.31,31,20,20
"llama3","seed_206","trained","all_domains_10_samples",10,"temp_025","zero_shot","unstructured","fact_first","number_list","test_set_2",0.41,0.59,0.37,0,8,100,41,0.41,59,37,0.21,0.2,0.57,0.33,0.53,0.43,0.31,55,4,4
"llama3","seed_206","trained","all_domains_10_samples",10,"greedy","few_shot","structured","answer_first","number_list","test_set_2",0.65,0.35,0.56,0,12,100,65,0.65,35,56,0.79,0.33,0.43,0.53,0.47,0.86,0.54,32,9,3
"llama3","seed_989","trained","all_domains_1_samples",1,"greedy","zero_shot","structured","answer_first","markdown","test_set_2",0.52,0.48,0,2,100,100,52,0.53,46,0,0,0,0,0,0,0,0,0,52,48
"llama3","seed_989","trained","all_domains_1_samples",1,"temp_06","few_shot","unstructured","answer_first","number_list","test_set_2",0.58,0.42,0.48,0,15,100,58,0.58,42,48,0.57,0.27,0.57,0.33,0.33,0.79,0.54,37,10,5
"llama3","seed_206","trained","all_domains_10_samples",10,"temp_025","few_shot","unstructured","fact_first","number_list","test_set_2",0.5,0.5,0.45,0,9,100,50,0.5,50,45,0.64,0.27,0.5,0.33,0.33,0.64,0.46,46,5,4
"llama3","seed_989","untrained","all_domains_0_samples",0,"temp_06","zero_shot","unstructured","fact_first","number_list","test_set_2",0.13,0.87,0.04,69,84,100,13,0.42,18,4,0,0,0,0.13,0,0,0.15,12,9,75
"llama2","seed_989","untrained","all_domains_0_samples",0,"temp_06","zero_shot","structured","answer_first","markdown","test_set_1",0,1,0,99,99,99,0,0,1,0,0,0,0,0,0,0,0,0,0,99
"llama3","seed_989","trained","all_domains_1_samples",1,"greedy","few_shot","structured","fact_first","number_list","test_set_2",0.61,0.39,0.38,0,35,100,61,0.61,39,38,0.71,0.13,0.5,0.27,0.27,0.36,0.46,27,23,12
"llama3","seed_989","trained","all_domains_1_samples",1,"greedy","few_shot","unstructured","answer_first","markdown","test_set_2",0.6,0.4,0.37,0,40,100,60,0.6,40,37,0.64,0.07,0.43,0.27,0.4,0.79,0,23,23,17
"llama3","seed_206","trained","all_domains_1_samples",1,"temp_06","few_shot","structured","answer_first","markdown","test_set_2",0.6,0.4,0.29,0,56,100,60,0.6,40,29,0.64,0,0.36,0.4,0,0.64,0,15,31,25
"llama3","seed_989","untrained","all_domains_0_samples",0,"temp_06","few_shot","unstructured","fact_first","number_list","test_set_2",0.52,0.48,0.33,0,34,100,52,0.52,48,33,0.5,0.2,0.29,0.2,0.27,0.43,0.46,33,19,15
"llama3","seed_989","untrained","all_domains_0_samples",0,"temp_025","zero_shot","unstructured","answer_first","markdown","test_set_2",0,1,0,100,100,100,0,"#DIV/0!",0,0,0,0,0,0,0,0,0,0,0,100
"llama3","seed_989","trained","all_domains_10_samples",10,"temp_025","few_shot","structured","answer_first","markdown","test_set_1",0.46,0.54,0.42,0,7,99,46,0.46,54,42,0.64,0.43,0.46,0.33,0.43,0.31,0.38,50,4,3
"llama3","seed_989","untrained","all_domains_0_samples",0,"greedy","few_shot","unstructured","fact_first","markdown","test_set_2",0.55,0.45,0,0,100,100,55,0.55,45,0,0,0,0,0,0,0,0,0,55,45
"llama2","seed_989","trained","all_domains_1_samples",1,"temp_025","few_shot","structured","answer_first","markdown","test_set_1",0.27,0.73,0.17,9,32,99,27,0.3,64,17,0.21,0.36,0.23,0.07,0.07,0.23,0.06,50,10,22
"llama2","seed_989","trained","all_domains_1_samples",1,"temp_06","zero_shot","unstructured","fact_first","markdown","test_set_1",0.05,0.95,0,76,99,99,5,0.21,19,0,0,0,0,0,0,0,0,0,5,94
"llama2","seed_989","trained","all_domains_10_samples",10,"temp_025","few_shot","unstructured","fact_first","number_list","test_set_1",0.33,0.67,0.33,1,10,99,33,0.33,66,33,0.36,0.14,0.62,0.13,0.43,0.38,0.31,56,0,10
"llama3","seed_989","trained","all_domains_1_samples",1,"greedy","zero_shot","structured","fact_first","markdown","test_set_2",0.52,0.48,0,16,100,100,52,0.62,32,0,0,0,0,0,0,0,0,0,52,48
"llama3","seed_206","untrained","all_domains_0_samples",0,"temp_025","few_shot","structured","fact_first","markdown","test_set_2",0.41,0.59,0.01,17,99,100,41,0.49,42,1,0,0,0,0,0,0.07,0,0,40,59
"llama3","seed_989","trained","all_domains_1_samples",1,"temp_025","zero_shot","structured","fact_first","number_list","test_set_2",0.58,0.42,0.19,0,57,100,58,0.58,42,19,0,0.2,0.21,0.2,0.07,0.5,0.15,24,39,18
"llama3","seed_206","trained","all_domains_10_samples",10,"greedy","few_shot","structured","fact_first","number_list","test_set_2",0.55,0.45,0.46,0,14,100,55,0.55,45,46,0.79,0.33,0.14,0.4,0.4,0.64,0.54,40,9,5
"llama2","seed_206","untrained","all_domains_0_samples",0,"greedy","zero_shot","structured","fact_first","number_list","test_set_2",0.01,0.99,0.01,96,95,100,1,0.25,3,1,0,0,0.07,0,0,0,0,4,0,95
"llama3","seed_989","trained","all_domains_1_samples",1,"greedy","zero_shot","unstructured","fact_first","markdown","test_set_2",0.49,0.51,0.01,17,96,100,49,0.59,34,1,0,0,0,0.07,0,0,0,3,48,48
"llama3","seed_989","untrained","all_domains_0_samples",0,"temp_06","few_shot","unstructured","answer_first","number_list","test_set_2",0.5,0.5,0.31,0,34,100,50,0.5,50,31,0.21,0.07,0.36,0.33,0.4,0.5,0.31,35,19,15
"llama2","seed_989","trained","all_domains_10_samples",10,"greedy","few_shot","unstructured","answer_first","markdown","test_set_1",0.39,0.61,0.38,0,10,99,39,0.39,61,38,0.36,0.43,0.62,0.27,0.36,0.46,0.25,51,1,9
"llama3","seed_206","trained","all_domains_10_samples",10,"temp_06","few_shot","unstructured","answer_first","number_list","test_set_2",0.46,0.54,0.39,24,33,100,46,0.61,30,39,0.64,0.27,0.5,0.33,0.13,0.43,0.46,28,7,26
"llama3","seed_989","untrained","all_domains_0_samples",0,"temp_025","zero_shot","structured","answer_first","number_list","test_set_2",0,1,0,100,100,100,0,"#DIV/0!",0,0,0,0,0,0,0,0,0,0,0,100
"llama2","seed_989","trained","all_domains_10_samples",10,"temp_06","zero_shot","unstructured","fact_first","number_list","test_set_1",0.34,0.66,0.32,2,8,99,34,0.35,64,32,0.14,0.36,0.46,0.13,0.43,0.46,0.31,59,2,6
"llama2","seed_206","trained","all_domains_1_samples",1,"temp_025","zero_shot","unstructured","answer_first","number_list","test_set_2",0.14,0.86,0.09,34,55,100,14,0.21,52,9,0,0.07,0.14,0,0.13,0.29,0,36,5,50
"llama3","seed_989","untrained","all_domains_0_samples",0,"greedy","zero_shot","structured","answer_first","markdown","test_set_2",0,1,0,99,100,100,0,0,1,0,0,0,0,0,0,0,0,0,0,100
"llama3","seed_989","trained","all_domains_1_samples",1,"temp_025","few_shot","structured","answer_first","number_list","test_set_2",0.55,0.45,0.39,0,22,100,55,0.55,45,39,0.43,0.27,0.43,0.27,0.2,0.71,0.46,39,16,6
"llama3","seed_206","trained","all_domains_10_samples",10,"temp_025","zero_shot","structured","answer_first","number_list","test_set_2",0.52,0.48,0.42,0,15,100,52,0.52,48,42,0.29,0.33,0.21,0.33,0.47,0.71,0.62,43,10,5
"llama3","seed_989","untrained","all_domains_0_samples",0,"greedy","few_shot","unstructured","answer_first","markdown","test_set_2",0.48,0.52,0,2,100,100,48,0.49,50,0,0,0,0,0,0,0,0,0,48,52
"llama2","seed_989","untrained","all_domains_0_samples",0,"temp_025","few_shot","unstructured","answer_first","number_list","test_set_1",0.42,0.58,0.32,0,25,99,42,0.42,58,32,0.21,0.5,0.46,0.2,0.21,0.23,0.44,42,10,15
"llama3","seed_989","trained","all_domains_1_samples",1,"temp_06","zero_shot","unstructured","answer_first","markdown","test_set_2",0.16,0.84,0,71,100,100,16,0.55,13,0,0,0,0,0,0,0,0,0,16,84
"llama3","seed_989","untrained","all_domains_0_samples",0,"greedy","few_shot","structured","fact_first","number_list","test_set_2",0.54,0.46,0.26,0,53,100,54,0.54,46,26,0.29,0.07,0.29,0.2,0.27,0.43,0.31,21,28,25
"llama2","seed_989","trained","all_domains_1_samples",1,"temp_06","zero_shot","structured","fact_first","markdown","test_set_1",0.08,0.92,0,68,99,99,8,0.25,24,0,0,0,0,0,0,0,0,0,8,91
"llama2","seed_989","untrained","all_domains_0_samples",0,"temp_06","zero_shot","unstructured","fact_first","markdown","test_set_1",0,1,0,99,99,99,0,0,1,0,0,0,0,0,0,0,0,0,0,99
"llama3","seed_206","trained","all_domains_10_samples",10,"greedy","zero_shot","structured","fact_first","number_list","test_set_2",0.57,0.43,0.35,0,34,100,57,0.57,43,35,0.64,0.27,0.36,0.27,0.2,0.43,0.31,31,22,12
"llama2","seed_989","trained","all_domains_10_samples",10,"greedy","few_shot","structured","answer_first","number_list","test_set_1",0.36,0.64,0.28,0,12,99,36,0.36,64,28,0.29,0.21,0.38,0.2,0.29,0.23,0.38,59,8,4
"llama2","seed_989","trained","all_domains_1_samples",1,"temp_025","few_shot","unstructured","fact_first","markdown","test_set_1",0.28,0.72,0.17,27,33,99,28,0.38,45,17,0.14,0.29,0.38,0.13,0,0.08,0.19,49,11,22
"llama2","seed_989","untrained","all_domains_0_samples",0,"temp_025","few_shot","structured","answer_first","number_list","test_set_1",0.37,0.63,0.29,0,26,99,37,0.37,63,29,0.21,0.43,0.38,0.2,0.21,0.23,0.38,44,8,18
"llama2","seed_206","untrained","all_domains_0_samples",0,"temp_025","zero_shot","structured","answer_first","number_list","test_set_2",0.04,0.96,0.03,84,91,100,4,0.25,12,3,0.07,0.07,0.07,0,0,0,0,6,1,90
"llama3","seed_989","trained","all_domains_10_samples",10,"greedy","zero_shot","unstructured","answer_first","number_list","test_set_2",0.55,0.45,0.46,1,13,100,55,0.56,44,46,0.5,0.27,0.57,0.33,0.4,0.64,0.54,41,9,4
"llama2","seed_989","untrained","all_domains_0_samples",0,"temp_025","few_shot","unstructured","fact_first","number_list","test_set_1",0.23,0.77,0.16,37,28,99,23,0.37,40,16,0.21,0.29,0.08,0.13,0.14,0.15,0.13,55,7,21
"llama3","seed_206","untrained","all_domains_0_samples",0,"temp_06","few_shot","structured","answer_first","markdown","test_set_2",0.27,0.73,0.01,40,95,100,27,0.45,33,1,0,0,0,0,0,0.07,0,4,26,69
"llama3","seed_206","trained","all_domains_10_samples",10,"temp_06","zero_shot","unstructured","fact_first","number_list","test_set_2",0.5,0.5,0.45,1,8,100,50,0.51,49,45,0.36,0.27,0.57,0.6,0.53,0.43,0.38,47,5,3
"llama2","seed_206","trained","all_domains_1_samples",1,"greedy","zero_shot","unstructured","answer_first","markdown","test_set_2",0.04,0.96,0,89,100,100,4,0.36,7,0,0,0,0,0,0,0,0,0,4,96
"llama3","seed_989","trained","all_domains_1_samples",1,"temp_025","few_shot","unstructured","fact_first","markdown","test_set_2",0.48,0.52,0.33,13,26,100,48,0.55,39,33,0.64,0.27,0.29,0.2,0.47,0.43,0,41,15,11
"llama3","seed_989","untrained","all_domains_0_samples",0,"greedy","zero_shot","structured","fact_first","markdown","test_set_2",0,1,0,98,100,100,0,0,2,0,0,0,0,0,0,0,0,0,0,100
"llama2","seed_989","trained","all_domains_10_samples",10,"temp_06","zero_shot","structured","fact_first","number_list","test_set_1",0.38,0.62,0.35,0,9,99,38,0.38,62,35,0.21,0.36,0.38,0.47,0.5,0.31,0.25,55,3,6
"llama3","seed_989","untrained","all_domains_0_samples",0,"temp_025","zero_shot","structured","fact_first","number_list","test_set_2",0.07,0.93,0.02,88,98,100,7,0.58,5,2,0,0,0,0,0,0,0.15,0,5,93
"llama3","seed_206","trained","all_domains_10_samples",10,"temp_06","few_shot","unstructured","fact_first","number_list","test_set_2",0.55,0.45,0.48,0,10,100,55,0.55,45,48,0.57,0.4,0.43,0.4,0.33,0.71,0.54,42,7,3
"llama3","seed_989","untrained","all_domains_0_samples",0,"greedy","zero_shot","unstructured","fact_first","markdown","test_set_2",0.07,0.93,0,86,100,100,7,0.5,7,0,0,0,0,0,0,0,0,0,7,93
"llama3","seed_206","trained","all_domains_1_samples",1,"temp_06","few_shot","structured","fact_first","markdown","test_set_2",0.56,0.44,0.23,0,51,100,56,0.56,44,23,0.57,0,0.21,0.2,0.07,0.5,0.08,26,33,18
"llama2","seed_206","trained","all_domains_10_samples",10,"greedy","zero_shot","unstructured","answer_first","number_list","test_set_2",0.32,0.68,0.26,0,18,100,32,0.32,68,26,0.21,0.4,0.21,0.13,0.2,0.29,0.38,56,6,12
"llama2","seed_206","untrained","all_domains_0_samples",0,"greedy","zero_shot","unstructured","fact_first","number_list","test_set_2",0,1,0,100,100,100,0,"#DIV/0!",0,0,0,0,0,0,0,0,0,0,0,100
"llama3","seed_989","trained","all_domains_1_samples",1,"temp_06","zero_shot","structured","answer_first","number_list","test_set_2",0.43,0.57,0.32,10,34,100,43,0.48,47,32,0.43,0.2,0.21,0.27,0.27,0.57,0.31,34,11,23
"llama2","seed_206","trained","all_domains_1_samples",1,"greedy","zero_shot","structured","answer_first","markdown","test_set_2",0.15,0.85,0,50,100,100,15,0.3,35,0,0,0,0,0,0,0,0,0,15,85
"llama2","seed_989","trained","all_domains_1_samples",1,"temp_025","few_shot","structured","fact_first","markdown","test_set_1",0.3,0.7,0.18,8,40,99,30,0.33,62,18,0.14,0.14,0.38,0.13,0.07,0.23,0.19,41,12,28
"llama3","seed_989","trained","all_domains_1_samples",1,"temp_025","zero_shot","structured","answer_first","markdown","test_set_2",0.52,0.48,0,4,100,100,52,0.54,44,0,0,0,0,0,0,0,0,0,52,48
"llama2","seed_206","trained","all_domains_10_samples",10,"greedy","zero_shot","structured","answer_first","number_list","test_set_2",0.3,0.7,0.23,0,16,100,30,0.3,70,23,0.14,0.2,0.21,0.13,0.2,0.5,0.23,61,7,9
"llama3","seed_989","untrained","all_domains_0_samples",0,"temp_06","zero_shot","unstructured","answer_first","markdown","test_set_2",0,1,0,100,100,100,0,"#DIV/0!",0,0,0,0,0,0,0,0,0,0,0,100
"llama2","seed_989","untrained","all_domains_0_samples",0,"temp_025","few_shot","unstructured","answer_first","markdown","test_set_1",0.35,0.65,0.25,0,34,99,35,0.35,65,25,0.36,0.5,0.46,0.07,0,0.15,0.25,40,10,24
"llama2","seed_989","untrained","all_domains_0_samples",0,"temp_025","few_shot","structured","fact_first","number_list","test_set_1",0.35,0.65,0.27,4,26,99,35,0.36,61,27,0.14,0.36,0.23,0.27,0.21,0.38,0.31,46,8,18
"llama3","seed_989","untrained","all_domains_0_samples",0,"temp_025","few_shot","structured","answer_first","number_list","test_set_2",0.5,0.5,0.32,0,42,100,50,0.5,50,32,0.43,0.2,0.29,0.13,0.4,0.5,0.31,26,18,24
"llama3","seed_989","untrained","all_domains_0_samples",0,"greedy","zero_shot","unstructured","answer_first","number_list","test_set_2",0.46,0.54,0.16,4,59,100,46,0.48,50,16,0.14,0.2,0.14,0.07,0.07,0.43,0.08,25,30,29
"llama3","seed_206","trained","all_domains_10_samples",10,"temp_025","few_shot","structured","answer_first","number_list","test_set_2",0.65,0.35,0.56,0,12,100,65,0.65,35,56,0.79,0.33,0.43,0.53,0.47,0.86,0.54,32,9,3
"llama2","seed_206","trained","all_domains_1_samples",1,"temp_025","zero_shot","structured","fact_first","number_list","test_set_2",0.08,0.92,0.05,75,54,100,8,0.32,17,5,0,0.07,0,0.07,0,0.14,0.08,41,3,51
"llama3","seed_989","trained","all_domains_1_samples",1,"temp_025","few_shot","structured","fact_first","number_list","test_set_2",0.57,0.43,0.34,0,38,100,57,0.57,43,34,0.71,0.2,0.43,0.27,0.07,0.36,0.38,28,23,15
"llama3","seed_989","trained","all_domains_1_samples",1,"temp_025","few_shot","unstructured","answer_first","markdown","test_set_2",0.62,0.38,0.38,0,39,100,62,0.62,38,38,0.64,0,0.43,0.33,0.4,0.79,0.08,23,24,15
"llama3","seed_989","untrained","all_domains_0_samples",0,"temp_025","few_shot","unstructured","fact_first","markdown","test_set_2",0.53,0.47,0,1,100,100,53,0.54,46,0,0,0,0,0,0,0,0,0,53,47
"llama2","seed_989","untrained","all_domains_0_samples",0,"temp_06","zero_shot","structured","fact_first","markdown","test_set_1",0,1,0,99,99,99,0,0,1,0,0,0,0,0,0,0,0,0,0,99
"llama2","seed_989","trained","all_domains_10_samples",10,"temp_06","few_shot","unstructured","answer_first","number_list","test_set_1",0.31,0.69,0.28,0,15,99,31,0.31,69,28,0.14,0.36,0.38,0.2,0.29,0.46,0.19,56,3,12
"llama2","seed_206","trained","all_domains_1_samples",1,"temp_06","zero_shot","structured","answer_first","number_list","test_set_2",0.22,0.78,0.17,19,45,100,22,0.27,59,17,0.21,0.2,0.14,0,0.4,0.21,0,38,5,40
"llama3","seed_989","trained","all_domains_10_samples",10,"greedy","few_shot","unstructured","answer_first","number_list","test_set_2",0.45,0.55,0.41,24,30,100,45,0.59,31,41,0.5,0.27,0.64,0.47,0.2,0.43,0.38,29,4,26
"llama3","seed_989","trained","all_domains_1_samples",1,"temp_025","zero_shot","structured","fact_first","markdown","test_set_2",0.49,0.51,0.01,14,97,100,49,0.57,37,1,0.07,0,0,0,0,0,0,2,48,49
"llama3","seed_989","trained","all_domains_1_samples",1,"greedy","few_shot","structured","answer_first","markdown","test_set_2",0.59,0.41,0.27,0,55,100,59,0.59,41,27,0.5,0,0.36,0.27,0.07,0.64,0.08,18,32,23
"llama3","seed_989","trained","all_domains_1_samples",1,"temp_025","zero_shot","unstructured","fact_first","markdown","test_set_2",0.48,0.52,0.02,19,95,100,48,0.59,33,2,0,0,0.07,0.07,0,0,0,3,46,49
"llama3","seed_989","trained","all_domains_1_samples",1,"temp_06","zero_shot","structured","fact_first","number_list","test_set_2",0.58,0.42,0.22,6,58,100,58,0.62,36,22,0.07,0.27,0.29,0.27,0.2,0.43,0,20,36,22
"llama3","seed_989","trained","all_domains_10_samples",10,"temp_06","few_shot","structured","answer_first","markdown","test_set_1",0.47,0.53,0.43,0,7,99,47,0.47,53,43,0.64,0.43,0.62,0.33,0.43,0.31,0.31,49,4,3
"llama2","seed_989","untrained","all_domains_0_samples",0,"temp_025","few_shot","structured","answer_first","markdown","test_set_1",0.33,0.67,0.25,0,32,99,33,0.33,67,25,0.29,0.57,0.38,0.07,0.07,0.08,0.31,42,8,24
"llama2","seed_206","untrained","all_domains_0_samples",0,"temp_025","zero_shot","unstructured","answer_first","number_list","test_set_2",0,1,0,100,100,100,0,"#DIV/0!",0,0,0,0,0,0,0,0,0,0,0,100
"llama3","seed_206","trained","all_domains_10_samples",10,"temp_025","few_shot","structured","fact_first","number_list","test_set_2",0.61,0.39,0.51,0,16,100,61,0.61,39,51,0.86,0.4,0.29,0.53,0.4,0.64,0.46,33,10,6
"llama3","seed_989","untrained","all_domains_0_samples",0,"temp_06","zero_shot","structured","answer_first","number_list","test_set_2",0.02,0.98,0,96,99,100,2,0.5,2,0,0,0,0,0,0,0,0,1,2,97
"llama3","seed_989","trained","all_domains_10_samples",10,"greedy","zero_shot","unstructured","fact_first","number_list","test_set_2",0.47,0.53,0.41,0,8,100,47,0.47,53,41,0.29,0.27,0.71,0.27,0.53,0.43,0.38,51,6,2
"llama2","seed_989","trained","all_domains_10_samples",10,"greedy","few_shot","structured","fact_first","number_list","test_set_1",0.35,0.65,0.32,1,12,99,35,0.35,64,32,0.43,0.43,0.31,0.27,0.21,0.38,0.25,55,3,9
"llama3","seed_989","untrained","all_domains_0_samples",0,"temp_025","zero_shot","structured","answer_first","markdown","test_set_2",0,1,0,100,100,100,0,"#DIV/0!",0,0,0,0,0,0,0,0,0,0,0,100
"llama2","seed_206","trained","all_domains_10_samples",10,"greedy","zero_shot","unstructured","fact_first","number_list","test_set_2",0.29,0.71,0.24,1,16,100,29,0.29,70,24,0.36,0.4,0.36,0.07,0.27,0.14,0.08,60,5,11
"llama3","seed_206","untrained","all_domains_0_samples",0,"temp_06","few_shot","structured","fact_first","markdown","test_set_2",0.41,0.59,0,22,98,100,41,0.53,37,0,0,0,0,0,0,0,0,2,41,57
"llama3","seed_989","trained","all_domains_10_samples",10,"temp_025","zero_shot","unstructured","answer_first","number_list","test_set_2",0.54,0.46,0.45,1,13,100,54,0.55,45,45,0.5,0.27,0.57,0.33,0.33,0.64,0.54,42,9,4
"llama3","seed_206","trained","all_domains_10_samples",10,"temp_06","zero_shot","structured","answer_first","number_list","test_set_2",0.52,0.48,0.42,0,15,100,52,0.52,48,42,0.36,0.27,0.21,0.33,0.47,0.71,0.62,43,10,5
"llama3","seed_989","trained","all_domains_1_samples",1,"temp_06","few_shot","structured","answer_first","number_list","test_set_2",0.57,0.43,0.44,0,20,100,57,0.57,43,44,0.64,0.27,0.5,0.27,0.33,0.71,0.38,36,13,7
"llama2","seed_206","trained","all_domains_1_samples",1,"greedy","zero_shot","unstructured","fact_first","markdown","test_set_2",0.04,0.96,0,89,100,100,4,0.36,7,0,0,0,0,0,0,0,0,0,4,96
"llama3","seed_989","trained","all_domains_10_samples",10,"greedy","few_shot","unstructured","fact_first","number_list","test_set_2",0.5,0.5,0.45,1,9,100,50,0.51,49,45,0.57,0.4,0.5,0.33,0.33,0.64,0.38,46,5,4
"llama3","seed_989","untrained","all_domains_0_samples",0,"temp_025","few_shot","unstructured","answer_first","markdown","test_set_2",0.47,0.53,0,4,100,100,47,0.49,49,0,0,0,0,0,0,0,0,0,47,53
"llama3","seed_206","trained","all_domains_10_samples",10,"greedy","few_shot","unstructured","answer_first","markdown","test_set_1",0.49,0.51,0.47,0,5,99,49,0.49,51,47,0.57,0.29,0.69,0.53,0.43,0.54,0.31,47,2,3
"llama2","seed_206","untrained","all_domains_0_samples",0,"greedy","zero_shot","unstructured","answer_first","markdown","test_set_2",0,1,0,100,100,100,0,"#DIV/0!",0,0,0,0,0,0,0,0,0,0,0,100
"llama2","seed_989","trained","all_domains_1_samples",1,"temp_06","few_shot","unstructured","answer_first","number_list","test_set_1",0.26,0.74,0.16,2,37,99,26,0.27,72,16,0.07,0.14,0.31,0.07,0.14,0.31,0.13,46,10,27
"llama3","seed_206","trained","all_domains_10_samples",10,"temp_025","zero_shot","structured","fact_first","number_list","test_set_2",0.56,0.44,0.34,0,33,100,56,0.56,44,34,0.57,0.2,0.43,0.33,0.13,0.29,0.46,33,22,11
"llama2","seed_206","trained","all_domains_1_samples",1,"temp_025","zero_shot","unstructured","fact_first","number_list","test_set_2",0.04,0.96,0.01,85,84,100,4,0.27,11,1,0.07,0,0,0,0,0,0,15,3,81
"llama3","seed_989","untrained","all_domains_0_samples",0,"temp_025","few_shot","structured","fact_first","number_list","test_set_2",0.56,0.44,0.27,1,52,100,56,0.57,43,27,0.36,0.07,0.29,0.2,0.2,0.36,0.46,21,29,23
"llama3","seed_206","trained","all_domains_10_samples",10,"greedy","zero_shot","structured","answer_first","markdown","test_set_1",0.48,0.52,0.45,1,8,99,48,0.48,51,45,0.71,0.36,0.62,0.47,0.29,0.38,0.38,46,3,5
"llama2","seed_989","untrained","all_domains_0_samples",0,"temp_025","few_shot","unstructured","fact_first","markdown","test_set_1",0.29,0.71,0.16,28,33,99,29,0.4,43,16,0.21,0.21,0.15,0.07,0.14,0.31,0.06,50,13,20
"llama3","seed_989","trained","all_domains_1_samples",1,"temp_06","few_shot","unstructured","fact_first","markdown","test_set_2",0.49,0.51,0.33,12,32,100,49,0.56,39,33,0.71,0.27,0.36,0.13,0.33,0.36,0.15,35,16,16
"llama3","seed_989","untrained","all_domains_0_samples",0,"temp_025","zero_shot","unstructured","fact_first","markdown","test_set_2",0.05,0.95,0,90,100,100,5,0.5,5,0,0,0,0,0,0,0,0,0,5,95
"llama2","seed_989","trained","all_domains_10_samples",10,"temp_06","few_shot","unstructured","fact_first","number_list","test_set_1",0.33,0.67,0.3,0,11,99,33,0.33,67,30,0.36,0.29,0.15,0.2,0.5,0.23,0.38,58,3,8
"llama2","seed_206","trained","all_domains_10_samples",10,"greedy","zero_shot","structured","answer_first","markdown","test_set_1",0.35,0.65,0.3,0,11,99,35,0.35,65,30,0.21,0.36,0.23,0.13,0.36,0.31,0.5,58,5,6
"llama2","seed_989","trained","all_domains_1_samples",1,"temp_06","few_shot","structured","answer_first","number_list","test_set_1",0.28,0.72,0.22,15,40,99,28,0.33,57,22,0.21,0.29,0.23,0,0.21,0.23,0.38,37,6,34
"llama3","seed_989","untrained","all_domains_0_samples",0,"temp_06","zero_shot","structured","fact_first","number_list","test_set_2",0.09,0.91,0,86,100,100,9,0.64,5,0,0,0,0,0,0,0,0,0,9,91
"llama3","seed_989","untrained","all_domains_0_samples",0,"temp_025","zero_shot","structured","fact_first","markdown","test_set_2",0.01,0.99,0,95,100,100,1,0.2,4,0,0,0,0,0,0,0,0,0,1,99
"llama2","seed_206","trained","all_domains_10_samples",10,"greedy","zero_shot","unstructured","answer_first","markdown","test_set_1",0.36,0.64,0.33,0,13,99,36,0.36,64,33,0.21,0.5,0.38,0.07,0.43,0.38,0.38,53,3,10
"llama2","seed_206","untrained","all_domains_0_samples",0,"greedy","zero_shot","structured","answer_first","markdown","test_set_2",0,1,0,100,100,100,0,"#DIV/0!",0,0,0,0,0,0,0,0,0,0,0,100
"llama2","seed_989","trained","all_domains_1_samples",1,"temp_06","few_shot","unstructured","fact_first","number_list","test_set_1",0.26,0.74,0.15,8,34,99,26,0.28,66,15,0.29,0.36,0.08,0,0.07,0.08,0.19,50,11,23
"llama2","seed_206","untrained","all_domains_0_samples",0,"temp_06","zero_shot","structured","answer_first","number_list","test_set_2",0.01,0.99,0.01,90,91,100,1,0.1,9,1,0,0.07,0,0,0,0,0,8,0,91
"llama2","seed_206","trained","all_domains_10_samples",10,"greedy","zero_shot","structured","fact_first","number_list","test_set_2",0.32,0.68,0.3,0,12,100,32,0.32,68,30,0.43,0.4,0.14,0.27,0.13,0.36,0.38,58,2,10
"llama2","seed_206","untrained","all_domains_0_samples",0,"temp_025","zero_shot","structured","fact_first","number_list","test_set_2",0.01,0.99,0,95,91,100,1,0.2,4,0,0,0,0,0,0,0,0,9,1,90
"llama2","seed_206","trained","all_domains_1_samples",1,"temp_06","zero_shot","unstructured","answer_first","number_list","test_set_2",0.15,0.85,0.11,46,65,100,15,0.28,39,11,0.07,0.07,0.29,0.07,0.07,0.14,0.08,24,4,61
"llama3","seed_989","untrained","all_domains_0_samples",0,"greedy","few_shot","structured","answer_first","markdown","test_set_2",0.34,0.66,0,35,99,100,34,0.52,31,0,0,0,0,0,0,0,0,1,34,65
"llama3","seed_989","trained","all_domains_1_samples",1,"temp_06","zero_shot","structured","answer_first","markdown","test_set_2",0.51,0.49,0.02,3,98,100,51,0.53,46,2,0,0,0,0,0,0.14,0,0,49,49
"llama2","seed_989","untrained","all_domains_0_samples",0,"temp_025","few_shot","structured","fact_first","markdown","test_set_1",0.37,0.63,0.24,1,29,99,37,0.37,62,24,0.07,0.36,0.46,0.2,0.07,0.38,0.19,46,13,16
"llama3","seed_989","trained","all_domains_1_samples",1,"greedy","few_shot","structured","fact_first","markdown","test_set_2",0.61,0.39,0.28,0,53,100,61,0.61,39,28,0.71,0,0.29,0.4,0.07,0.43,0.08,19,33,20
"llama2","seed_989","trained","all_domains_10_samples",10,"temp_025","few_shot","unstructured","answer_first","markdown","test_set_1",0.38,0.62,0.37,0,10,99,38,0.38,62,37,0.29,0.43,0.62,0.27,0.43,0.38,0.25,52,1,9
"llama3","seed_989","untrained","all_domains_0_samples",0,"temp_06","few_shot","structured","answer_first","number_list","test_set_2",0.47,0.53,0.26,0,51,100,47,0.47,53,26,0.21,0.13,0.21,0.27,0.33,0.43,0.23,23,21,30
"llama3","seed_989","trained","all_domains_10_samples",10,"temp_025","few_shot","unstructured","answer_first","number_list","test_set_2",0.48,0.52,0.43,20,29,100,48,0.6,32,43,0.5,0.33,0.64,0.47,0.2,0.5,0.38,28,5,24
"llama3","seed_206","trained","all_domains_10_samples",10,"temp_06","few_shot","structured","answer_first","number_list","test_set_2",0.65,0.35,0.57,0,10,100,65,0.65,35,57,0.79,0.33,0.5,0.53,0.47,0.86,0.54,33,8,2
"llama2","seed_989","trained","all_domains_1_samples",1,"temp_06","few_shot","unstructured","answer_first","markdown","test_set_1",0.33,0.67,0.13,2,51,99,33,0.34,65,13,0.21,0.29,0.23,0.07,0,0.08,0.06,35,20,31
"llama3","seed_989","trained","all_domains_1_samples",1,"temp_06","zero_shot","unstructured","fact_first","markdown","test_set_2",0.51,0.49,0.07,12,87,100,51,0.58,37,7,0.14,0,0,0,0.13,0.14,0.08,6,44,43
"llama2","seed_989","trained","all_domains_1_samples",1,"temp_06","few_shot","structured","fact_first","number_list","test_set_1",0.29,0.71,0.16,22,54,99,29,0.37,49,16,0.21,0.07,0.23,0,0.07,0.31,0.25,29,13,41
"llama3","seed_989","trained","all_domains_1_samples",1,"temp_06","few_shot","unstructured","answer_first","markdown","test_set_2",0.54,0.46,0.35,0,37,100,54,0.54,46,35,0.57,0.2,0.29,0.2,0.33,0.79,0.08,28,19,18
"llama3","seed_989","untrained","all_domains_0_samples",0,"temp_06","few_shot","unstructured","fact_first","markdown","test_set_2",0.6,0.4,0.05,0,94,100,60,0.6,40,5,0,0,0,0.13,0,0.21,0,1,55,39
"llama3","seed_989","trained","all_domains_10_samples",10,"temp_025","zero_shot","unstructured","fact_first","number_list","test_set_2",0.49,0.51,0.45,0,8,100,49,0.49,51,45,0.36,0.4,0.64,0.33,0.53,0.43,0.46,47,4,4
"llama2","seed_206","trained","all_domains_1_samples",1,"greedy","zero_shot","structured","fact_first","markdown","test_set_2",0.05,0.95,0,87,100,100,5,0.38,8,0,0,0,0,0,0,0,0,0,5,95
"llama2","seed_206","trained","all_domains_10_samples",10,"temp_025","zero_shot","unstructured","answer_first","number_list","test_set_2",0.32,0.68,0.25,0,18,100,32,0.32,68,25,0.21,0.4,0.14,0.2,0.2,0.21,0.38,57,7,11
"llama3","seed_989","trained","all_domains_1_samples",1,"temp_06","few_shot","structured","fact_first","number_list","test_set_2",0.6,0.4,0.36,0,38,100,60,0.6,40,36,0.71,0.13,0.36,0.27,0.2,0.43,0.46,26,24,14
"llama3","seed_989","trained","all_domains_1_samples",1,"temp_06","zero_shot","structured","fact_first","markdown","test_set_2",0.39,0.61,0.01,28,97,100,39,0.54,33,1,0,0,0,0,0,0.07,0,2,38,59
"llama2","seed_206","trained","all_domains_10_samples",10,"temp_025","zero_shot","structured","answer_first","number_list","test_set_2",0.3,0.7,0.23,0,16,100,30,0.3,70,23,0.14,0.2,0.29,0.13,0.13,0.5,0.23,61,7,9
"llama3","seed_989","trained","all_domains_10_samples",10,"temp_06","zero_shot","unstructured","answer_first","number_list","test_set_2",0.52,0.48,0.43,4,16,100,52,0.54,44,43,0.5,0.27,0.57,0.33,0.4,0.57,0.38,41,9,7
"llama2","seed_989","untrained","all_domains_0_samples",0,"temp_06","few_shot","unstructured","answer_first","number_list","test_set_1",0.34,0.66,0.22,1,35,99,34,0.34,65,22,0.07,0.21,0.46,0.13,0.14,0.23,0.31,42,12,23
"llama3","seed_989","trained","all_domains_10_samples",10,"temp_025","few_shot","unstructured","fact_first","number_list","test_set_2",0.55,0.45,0.5,0,10,100,55,0.55,45,50,0.5,0.4,0.57,0.47,0.4,0.79,0.38,40,5,5
"llama3","seed_206","trained","all_domains_10_samples",10,"temp_06","few_shot","structured","fact_first","number_list","test_set_2",0.57,0.43,0.48,0,15,100,57,0.57,43,48,0.79,0.4,0.21,0.4,0.33,0.71,0.54,37,9,6
"llama3","seed_206","trained","all_domains_10_samples",10,"temp_025","few_shot","unstructured","answer_first","markdown","test_set_1",0.51,0.49,0.48,0,5,99,50,0.5,50,48,0.57,0.29,0.77,0.53,0.43,0.54,0.31,46,2,3
"llama3","seed_206","trained","all_domains_10_samples",10,"greedy","zero_shot","unstructured","answer_first","markdown","test_set_1",0.47,0.53,0.42,0,8,99,47,0.47,53,42,0.43,0.29,0.38,0.8,0.43,0.54,0.13,49,5,3
"llama3","seed_989","untrained","all_domains_0_samples",0,"temp_06","zero_shot","structured","answer_first","markdown","test_set_2",0,1,0,97,100,100,0,0,3,0,0,0,0,0,0,0,0,0,0,100
"llama3","seed_989","trained","all_domains_1_samples",1,"temp_025","few_shot","structured","answer_first","markdown","test_set_2",0.57,0.43,0.25,0,57,100,57,0.57,43,25,0.43,0,0.36,0.27,0.07,0.64,0,18,32,25
"llama3","seed_206","trained","all_domains_10_samples",10,"greedy","few_shot","structured","answer_first","markdown","test_set_2",0.52,0.48,0.42,0,17,100,52,0.52,48,42,0.5,0.33,0.29,0.4,0.13,0.86,0.46,41,10,7
"llama2","seed_206","untrained","all_domains_0_samples",0,"temp_06","zero_shot","unstructured","answer_first","number_list","test_set_2",0,1,0,99,100,100,0,0,1,0,0,0,0,0,0,0,0,0,0,100
"llama2","seed_989","trained","all_domains_1_samples",1,"temp_06","few_shot","structured","answer_first","markdown","test_set_1",0.23,0.77,0.14,19,44,99,23,0.28,58,14,0.14,0.29,0.31,0,0.07,0.23,0,41,9,35
"llama3","seed_989","trained","all_domains_10_samples",10,"greedy","zero_shot","structured","answer_first","number_list","test_set_2",0.52,0.48,0.42,0,15,100,52,0.52,48,42,0.29,0.33,0.21,0.33,0.47,0.71,0.62,43,10,5
"llama2","seed_206","untrained","all_domains_0_samples",0,"greedy","zero_shot","unstructured","fact_first","markdown","test_set_2",0,1,0,100,100,100,0,"#DIV/0!",0,0,0,0,0,0,0,0,0,0,0,100
"llama2","seed_989","trained","all_domains_1_samples",1,"greedy","zero_shot","structured","answer_first","number_list","test_set_2",0.21,0.79,0.12,3,31,100,21,0.22,76,12,0.29,0.07,0.07,0.07,0.13,0.21,0,57,9,22
"llama2","seed_206","trained","all_domains_1_samples",1,"temp_025","zero_shot","unstructured","answer_first","markdown","test_set_2",0.04,0.96,0,86,100,100,4,0.29,10,0,0,0,0,0,0,0,0,0,4,96
"llama3","seed_989","untrained","all_domains_0_samples",0,"temp_06","few_shot","unstructured","answer_first","markdown","test_set_2",0.47,0.53,0,6,100,100,47,0.5,47,0,0,0,0,0,0,0,0,0,47,53
"llama2","seed_206","untrained","all_domains_0_samples",0,"temp_025","zero_shot","unstructured","fact_first","number_list","test_set_2",0,1,0,100,100,100,0,"#DIV/0!",0,0,0,0,0,0,0,0,0,0,0,100
"llama2","seed_206","trained","all_domains_1_samples",1,"temp_06","zero_shot","structured","fact_first","number_list","test_set_2",0.08,0.92,0.05,78,58,100,8,0.36,14,5,0,0.13,0,0.13,0.07,0,0,37,3,55
"llama2","seed_206","trained","all_domains_1_samples",1,"temp_025","zero_shot","structured","answer_first","markdown","test_set_2",0.15,0.85,0,45,100,100,15,0.27,40,0,0,0,0,0,0,0,0,0,15,85
"llama3","seed_989","untrained","all_domains_0_samples",0,"temp_06","zero_shot","unstructured","fact_first","markdown","test_set_2",0.08,0.92,0,87,100,100,8,0.62,5,0,0,0,0,0,0,0,0,0,8,92
"llama3","seed_206","trained","all_domains_10_samples",10,"temp_06","zero_shot","structured","fact_first","number_list","test_set_2",0.58,0.42,0.36,0,35,100,58,0.58,42,36,0.79,0.33,0.21,0.33,0.2,0.29,0.38,29,22,13
"llama3","seed_989","untrained","all_domains_0_samples",0,"greedy","few_shot","structured","fact_first","markdown","test_set_2",0.47,0.53,0.01,16,99,100,47,0.56,37,1,0,0,0,0,0,0.07,0,0,46,53
"llama3","seed_206","trained","all_domains_10_samples",10,"temp_025","zero_shot","structured","answer_first","markdown","test_set_1",0.48,0.52,0.44,1,8,99,48,0.48,51,44,0.71,0.36,0.62,0.4,0.29,0.38,0.38,47,4,4
"llama2","seed_206","trained","all_domains_10_samples",10,"greedy","few_shot","unstructured","answer_first","number_list","test_set_2",0.29,0.71,0.2,0,17,100,29,0.29,71,20,0.21,0.33,0.07,0.27,0.07,0.29,0.15,63,9,8
"llama3","seed_989","untrained","all_domains_0_samples",0,"temp_06","few_shot","structured","fact_first","number_list","test_set_2",0.57,0.43,0.21,0,65,100,57,0.57,43,21,0.36,0.07,0.21,0.2,0.27,0.14,0.23,14,36,29
"llama2","seed_206","trained","all_domains_10_samples",10,"temp_025","zero_shot","unstructured","fact_first","number_list","test_set_2",0.32,0.68,0.29,1,16,100,32,0.32,67,29,0.43,0.4,0.36,0.13,0.27,0.29,0.15,55,3,13
"llama3","seed_989","untrained","all_domains_0_samples",0,"temp_06","zero_shot","structured","fact_first","markdown","test_set_2",0.04,0.96,0,95,100,100,4,0.8,1,0,0,0,0,0,0,0,0,0,4,96
"llama2","seed_989","untrained","all_domains_0_samples",0,"temp_06","few_shot","unstructured","fact_first","number_list","test_set_1",0.31,0.69,0.19,10,37,99,31,0.34,59,19,0.14,0.21,0.31,0.13,0.14,0.31,0.13,43,12,25
"llama2","seed_989","trained","all_domains_1_samples",1,"temp_06","few_shot","unstructured","fact_first","markdown","test_set_1",0.28,0.72,0.12,6,50,99,28,0.3,66,12,0.14,0.21,0.15,0.07,0,0.08,0.19,37,16,34
"llama2","seed_989","trained","all_domains_10_samples",10,"temp_025","few_shot","structured","answer_first","number_list","test_set_1",0.34,0.66,0.28,0,12,99,34,0.34,66,28,0.29,0.36,0.46,0.13,0.29,0.15,0.31,59,6,6
"llama2","seed_989","untrained","all_domains_0_samples",0,"temp_06","few_shot","structured","answer_first","number_list","test_set_1",0.32,0.68,0.21,0,37,99,32,0.32,68,21,0.14,0.43,0.23,0.13,0.07,0.23,0.25,41,11,26
"llama3","seed_989","trained","all_domains_10_samples",10,"temp_06","few_shot","unstructured","answer_first","number_list","test_set_2",0.44,0.56,0.4,24,29,100,44,0.58,32,40,0.5,0.4,0.5,0.4,0.13,0.5,0.38,31,4,25
"llama3","seed_989","trained","all_domains_10_samples",10,"temp_06","zero_shot","unstructured","fact_first","number_list","test_set_2",0.51,0.49,0.47,0,8,100,51,0.51,49,47,0.5,0.2,0.57,0.4,0.6,0.5,0.54,45,4,4
"llama2","seed_206","trained","all_domains_10_samples",10,"temp_025","zero_shot","unstructured","answer_first","markdown","test_set_1",0.37,0.63,0.34,0,14,99,37,0.37,63,34,0.21,0.5,0.38,0.07,0.5,0.38,0.38,51,3,11
"llama3","seed_989","untrained","all_domains_0_samples",0,"temp_025","few_shot","structured","answer_first","markdown","test_set_2",0.31,0.69,0.01,37,98,100,31,0.49,32,1,0,0,0,0,0,0.07,0,1,30,68
"llama3","seed_989","trained","all_domains_10_samples",10,"temp_06","few_shot","unstructured","fact_first","number_list","test_set_2",0.55,0.45,0.5,1,8,100,55,0.56,44,50,0.64,0.27,0.64,0.47,0.33,0.64,0.54,42,5,3
"llama2","seed_206","untrained","all_domains_0_samples",0,"greedy","zero_shot","structured","fact_first","markdown","test_set_2",0,1,0,100,100,100,0,"#DIV/0!",0,0,0,0,0,0,0,0,0,0,0,100
"llama2","seed_206","trained","all_domains_1_samples",1,"temp_06","zero_shot","unstructured","fact_first","number_list","test_set_2",0.07,0.93,0.05,78,74,100,7,0.32,15,5,0,0.07,0.07,0,0,0.14,0.08,21,2,72
"llama2","seed_989","trained","all_domains_1_samples",1,"greedy","zero_shot","unstructured","answer_first","number_list","test_set_2",0.24,0.76,0.17,28,51,100,24,0.33,48,17,0.21,0.2,0.21,0,0.2,0.36,0,32,7,44
"llama3","seed_989","trained","all_domains_10_samples",10,"greedy","few_shot","structured","answer_first","number_list","test_set_2",0.65,0.35,0.56,0,12,100,65,0.65,35,56,0.79,0.33,0.43,0.53,0.47,0.86,0.54,32,9,3
"llama2","seed_989","trained","all_domains_1_samples",1,"temp_06","few_shot","structured","fact_first","markdown","test_set_1",0.26,0.74,0.09,26,57,99,26,0.35,48,9,0.14,0.14,0.15,0,0,0.15,0.06,33,17,40
"llama2","seed_206","trained","all_domains_10_samples",10,"temp_025","zero_shot","structured","fact_first","number_list","test_set_2",0.35,0.65,0.33,0,13,100,35,0.35,65,33,0.36,0.33,0.29,0.4,0.13,0.36,0.46,54,2,11
"llama2","seed_989","untrained","all_domains_0_samples",0,"temp_06","few_shot","unstructured","answer_first","markdown","test_set_1",0.33,0.67,0.22,0,41,99,33,0.33,67,22,0.29,0.29,0.62,0.07,0.14,0.15,0.06,36,11,30
"llama2","seed_206","untrained","all_domains_0_samples",0,"temp_06","zero_shot","structured","fact_first","number_list","test_set_2",0.01,0.99,0,91,94,100,1,0.11,8,0,0,0,0,0,0,0,0,6,1,93
"llama2","seed_206","trained","all_domains_10_samples",10,"temp_025","zero_shot","structured","answer_first","markdown","test_set_1",0.34,0.66,0.3,0,11,99,34,0.34,66,30,0.14,0.36,0.23,0.13,0.36,0.31,0.56,58,4,7
"llama3","seed_989","trained","all_domains_1_samples",1,"temp_025","few_shot","structured","fact_first","markdown","test_set_2",0.61,0.39,0.28,0,53,100,61,0.61,39,28,0.79,0,0.29,0.2,0.07,0.43,0.23,19,33,20
"llama2","seed_206","trained","all_domains_10_samples",10,"greedy","few_shot","unstructured","fact_first","number_list","test_set_2",0.27,0.73,0.22,0,11,100,27,0.27,73,22,0.43,0.07,0.21,0.27,0.13,0.29,0.15,67,5,6
"llama2","seed_989","untrained","all_domains_0_samples",0,"temp_06","few_shot","structured","fact_first","number_list","test_set_1",0.36,0.64,0.26,6,39,99,36,0.38,58,26,0.29,0.29,0.38,0.13,0.21,0.38,0.19,34,10,29
"llama3","seed_206","trained","all_domains_10_samples",10,"temp_025","zero_shot","unstructured","answer_first","markdown","test_set_1",0.47,0.53,0.42,0,9,99,47,0.47,53,42,0.43,0.29,0.38,0.8,0.43,0.54,0.13,48,5,4
"llama3","seed_206","trained","all_domains_10_samples",10,"temp_06","few_shot","unstructured","answer_first","markdown","test_set_1",0.49,0.51,0.47,0,6,99,49,0.49,51,47,0.57,0.29,0.69,0.53,0.36,0.62,0.31,46,2,4
"llama2","seed_989","untrained","all_domains_0_samples",0,"greedy","zero_shot","structured","answer_first","number_list","test_set_2",0.01,0.99,0,86,92,100,1,0.07,13,0,0,0,0,0,0,0,0,8,1,91
"llama2","seed_206","untrained","all_domains_0_samples",0,"temp_025","zero_shot","unstructured","answer_first","markdown","test_set_2",0,1,0,100,100,100,0,"#DIV/0!",0,0,0,0,0,0,0,0,0,0,0,100
"llama2","seed_206","trained","all_domains_1_samples",1,"temp_025","zero_shot","unstructured","fact_first","markdown","test_set_2",0.02,0.98,0,88,100,100,2,0.17,10,0,0,0,0,0,0,0,0,0,2,98
"llama2","seed_206","untrained","all_domains_0_samples",0,"temp_025","zero_shot","structured","answer_first","markdown","test_set_2",0,1,0,100,100,100,0,"#DIV/0!",0,0,0,0,0,0,0,0,0,0,0,100
"llama3","seed_989","trained","all_domains_10_samples",10,"greedy","few_shot","structured","fact_first","number_list","test_set_2",0.55,0.45,0.46,0,14,100,55,0.55,45,46,0.79,0.33,0.14,0.4,0.4,0.64,0.54,40,9,5
"llama3","seed_989","trained","all_domains_10_samples",10,"temp_025","zero_shot","structured","answer_first","number_list","test_set_2",0.52,0.48,0.42,0,15,100,52,0.52,48,42,0.29,0.33,0.21,0.33,0.47,0.71,0.62,43,10,5
"llama2","seed_206","trained","all_domains_10_samples",10,"temp_06","zero_shot","unstructured","answer_first","number_list","test_set_2",0.31,0.69,0.27,0,16,100,31,0.31,69,27,0.14,0.47,0.21,0.27,0.13,0.29,0.38,57,4,12
"llama2","seed_206","trained","all_domains_10_samples",10,"temp_06","zero_shot","structured","answer_first","number_list","test_set_2",0.3,0.7,0.23,0,16,100,30,0.3,70,23,0.21,0.2,0.29,0.13,0.2,0.43,0.15,61,7,9
"llama2","seed_989","untrained","all_domains_0_samples",0,"temp_06","few_shot","structured","answer_first","markdown","test_set_1",0.32,0.68,0.21,0,39,99,32,0.32,68,21,0.36,0.29,0.54,0.07,0.07,0.15,0.06,39,11,28
"llama3","seed_989","trained","all_domains_1_samples",1,"temp_06","few_shot","structured","answer_first","markdown","test_set_2",0.6,0.4,0.27,0,56,100,60,0.6,40,27,0.43,0.07,0.29,0.27,0.07,0.57,0.23,17,33,23
"llama3","seed_206","trained","all_domains_10_samples",10,"temp_06","zero_shot","structured","answer_first","markdown","test_set_1",0.49,0.51,0.47,2,7,99,49,0.5,49,47,0.71,0.36,0.62,0.4,0.36,0.46,0.44,45,2,5
"llama3","seed_989","trained","all_domains_10_samples",10,"greedy","zero_shot","structured","fact_first","number_list","test_set_2",0.57,0.43,0.35,0,34,100,57,0.57,43,35,0.64,0.27,0.36,0.27,0.2,0.43,0.31,31,22,12
"llama3","seed_206","trained","all_domains_10_samples",10,"temp_025","few_shot","structured","answer_first","markdown","test_set_2",0.52,0.48,0.42,0,16,100,52,0.52,48,42,0.57,0.33,0.29,0.33,0.13,0.86,0.46,42,10,6
"llama2","seed_989","trained","all_domains_10_samples",10,"temp_025","few_shot","structured","fact_first","number_list","test_set_1",0.35,0.65,0.31,1,12,99,35,0.35,64,31,0.36,0.21,0.31,0.2,0.29,0.31,0.5,56,4,8
"llama2","seed_989","trained","all_domains_10_samples",10,"temp_06","few_shot","unstructured","answer_first","markdown","test_set_1",0.36,0.64,0.34,0,10,99,36,0.36,64,34,0.21,0.36,0.62,0.27,0.43,0.38,0.19,55,2,8
"llama2","seed_206","untrained","all_domains_0_samples",0,"temp_06","zero_shot","unstructured","fact_first","number_list","test_set_2",0,1,0,100,100,100,0,"#DIV/0!",0,0,0,0,0,0,0,0,0,0,0,100
"llama2","seed_206","trained","all_domains_1_samples",1,"greedy","few_shot","unstructured","answer_first","number_list","test_set_2",0.33,0.67,0.26,0,26,100,33,0.33,67,26,0.43,0.4,0.5,0.07,0,0.14,0.31,48,7,19
"llama2","seed_206","untrained","all_domains_0_samples",0,"greedy","few_shot","unstructured","answer_first","number_list","test_set_2",0.28,0.72,0.22,0,25,100,28,0.28,72,22,0.29,0.4,0.5,0.07,0.07,0.07,0.15,53,6,19
"llama3","seed_989","untrained","all_domains_0_samples",0,"temp_025","few_shot","structured","fact_first","markdown","test_set_2",0.47,0.53,0,21,100,100,47,0.59,32,0,0,0,0,0,0,0,0,0,47,53
"llama3","seed_206","trained","all_domains_10_samples",10,"greedy","few_shot","structured","fact_first","markdown","test_set_1",0.59,0.41,0.53,0,10,99,58,0.58,42,52,0.64,0.57,0.69,0.53,0.57,0.54,0.19,37,6,4
"llama2","seed_989","untrained","all_domains_0_samples",0,"temp_06","few_shot","unstructured","fact_first","markdown","test_set_1",0.3,0.7,0.16,5,43,99,30,0.32,65,16,0,0.21,0.62,0.13,0.07,0.08,0.06,40,14,29
"llama2","seed_206","trained","all_domains_10_samples",10,"greedy","few_shot","structured","fact_first","markdown","test_set_1",0.24,0.76,0.2,5,13,99,24,0.25,71,20,0,0.21,0.15,0.13,0.29,0.23,0.38,66,4,9
"llama2","seed_989","trained","all_domains_1_samples",1,"greedy","zero_shot","structured","fact_first","number_list","test_set_2",0.09,0.91,0.06,72,50,100,9,0.32,19,6,0,0.07,0.07,0,0.13,0.14,0,44,3,47
"llama2","seed_206","trained","all_domains_10_samples",10,"greedy","zero_shot","unstructured","fact_first","markdown","test_set_1",0.38,0.62,0.36,0,10,99,38,0.38,62,36,0.29,0.36,0.46,0.2,0.57,0.23,0.44,53,2,8
"llama2","seed_206","trained","all_domains_10_samples",10,"greedy","few_shot","unstructured","fact_first","markdown","test_set_1",0.23,0.77,0.23,14,11,99,23,0.27,63,23,0.21,0.21,0.46,0.2,0.21,0.15,0.19,65,0,11
"llama2","seed_206","trained","all_domains_1_samples",1,"greedy","few_shot","unstructured","fact_first","number_list","test_set_2",0.12,0.88,0.12,44,24,100,12,0.21,44,12,0.14,0.33,0.07,0.2,0,0.07,0,64,0,24
"llama2","seed_989","trained","all_domains_1_samples",1,"temp_025","zero_shot","structured","answer_first","number_list","test_set_2",0.22,0.78,0.16,2,33,100,22,0.22,76,16,0.14,0.07,0.07,0.13,0.27,0.43,0,51,6,27
"llama3","seed_206","trained","all_domains_10_samples",10,"greedy","few_shot","unstructured","fact_first","markdown","test_set_1",0.41,0.59,0.39,1,6,99,41,0.41,58,39,0.36,0.5,0.62,0.47,0.21,0.38,0.25,54,2,4
"llama2","seed_206","trained","all_domains_1_samples",1,"greedy","few_shot","structured","answer_first","number_list","test_set_2",0.36,0.64,0.27,0,31,100,36,0.36,64,27,0.29,0.4,0.64,0,0.07,0.21,0.31,42,9,22
"llama2","seed_206","trained","all_domains_10_samples",10,"temp_06","zero_shot","unstructured","fact_first","number_list","test_set_2",0.33,0.67,0.24,0,17,100,33,0.33,67,24,0.36,0.33,0.5,0.07,0.13,0.21,0.08,59,9,8
"llama2","seed_989","untrained","all_domains_0_samples",0,"greedy","zero_shot","unstructured","answer_first","number_list","test_set_2",0,1,0,100,100,100,0,"#DIV/0!",0,0,0,0,0,0,0,0,0,0,0,100
"llama3","seed_206","trained","all_domains_10_samples",10,"greedy","zero_shot","unstructured","fact_first","markdown","test_set_1",0.4,0.6,0.35,5,11,99,40,0.42,55,35,0.36,0.43,0.46,0.6,0.14,0.31,0.19,53,5,6
"llama3","seed_989","trained","all_domains_10_samples",10,"greedy","few_shot","unstructured","answer_first","markdown","test_set_1",0.49,0.51,0.47,0,5,99,49,0.49,51,47,0.57,0.29,0.69,0.53,0.43,0.54,0.31,47,2,3
"llama2","seed_206","trained","all_domains_1_samples",1,"temp_025","zero_shot","structured","fact_first","markdown","test_set_2",0.07,0.93,0,81,100,100,7,0.37,12,0,0,0,0,0,0,0,0,0,7,93
"llama2","seed_206","trained","all_domains_10_samples",10,"greedy","zero_shot","structured","fact_first","markdown","test_set_1",0.39,0.61,0.35,3,11,99,39,0.4,58,35,0.29,0.21,0.15,0.4,0.29,0.54,0.56,53,4,7
"llama2","seed_206","trained","all_domains_10_samples",10,"temp_06","zero_shot","unstructured","answer_first","markdown","test_set_1",0.36,0.64,0.33,0,15,99,36,0.36,64,33,0.21,0.43,0.38,0.13,0.43,0.38,0.38,51,3,12
"llama3","seed_206","trained","all_domains_10_samples",10,"greedy","zero_shot","structured","fact_first","markdown","test_set_1",0.51,0.49,0.48,0,5,99,50,0.5,50,48,0.64,0.36,0.69,0.4,0.5,0.62,0.25,46,2,3
"llama2","seed_206","trained","all_domains_1_samples",1,"temp_06","zero_shot","unstructured","answer_first","markdown","test_set_2",0.14,0.86,0,56,100,100,14,0.32,30,0,0,0,0,0,0,0,0,0,14,86
"llama3","seed_206","trained","all_domains_10_samples",10,"temp_06","zero_shot","unstructured","answer_first","markdown","test_set_1",0.46,0.54,0.41,0,7,99,46,0.46,54,41,0.36,0.29,0.46,0.73,0.43,0.54,0.13,51,5,2
"llama3","seed_989","trained","all_domains_10_samples",10,"temp_025","few_shot","structured","answer_first","number_list","test_set_2",0.65,0.35,0.56,0,12,100,65,0.65,35,56,0.79,0.33,0.43,0.53,0.47,0.86,0.54,32,9,3
"llama2","seed_206","trained","all_domains_1_samples",1,"temp_06","zero_shot","structured","answer_first","markdown","test_set_2",0.2,0.8,0,33,100,100,20,0.3,47,0,0,0,0,0,0,0,0,0,20,80
"llama3","seed_989","untrained","all_domains_0_samples",0,"temp_06","few_shot","structured","answer_first","markdown","test_set_2",0.31,0.69,0.02,34,94,100,31,0.47,35,2,0.07,0,0,0,0,0.07,0,4,29,65
"llama2","seed_206","trained","all_domains_10_samples",10,"temp_025","few_shot","unstructured","answer_first","number_list","test_set_2",0.28,0.72,0.2,0,18,100,28,0.28,72,20,0.21,0.33,0.07,0.27,0.07,0.29,0.15,62,8,10
"llama2","seed_989","untrained","all_domains_0_samples",0,"temp_06","few_shot","structured","fact_first","markdown","test_set_1",0.35,0.65,0.21,8,39,99,35,0.38,57,21,0.21,0.14,0.46,0.07,0.21,0.31,0.13,39,14,25
"llama2","seed_206","trained","all_domains_1_samples",1,"greedy","few_shot","unstructured","answer_first","markdown","test_set_2",0.3,0.7,0.21,0,31,100,30,0.3,70,21,0.36,0.4,0.43,0.07,0.07,0,0.15,48,9,22
"llama2","seed_206","untrained","all_domains_0_samples",0,"greedy","few_shot","unstructured","fact_first","number_list","test_set_2",0.19,0.81,0.16,46,25,100,19,0.35,35,16,0.21,0.4,0.21,0.13,0,0,0.15,59,3,22
"llama2","seed_206","untrained","all_domains_0_samples",0,"temp_025","zero_shot","unstructured","fact_first","markdown","test_set_2",0,1,0,100,100,100,0,"#DIV/0!",0,0,0,0,0,0,0,0,0,0,0,100
"llama2","seed_206","trained","all_domains_1_samples",1,"greedy","few_shot","structured","fact_first","number_list","test_set_2",0.28,0.72,0.16,5,35,100,28,0.29,67,16,0.29,0.2,0.36,0,0.07,0.14,0.08,49,12,23
"llama3","seed_989","trained","all_domains_1_samples",1,"temp_06","few_shot","structured","fact_first","markdown","test_set_2",0.6,0.4,0.29,0,48,100,60,0.6,40,29,0.79,0,0.36,0.27,0.27,0.36,0,23,31,17
"llama2","seed_206","trained","all_domains_10_samples",10,"temp_06","zero_shot","structured","fact_first","number_list","test_set_2",0.27,0.73,0.25,0,13,100,27,0.27,73,25,0.5,0.2,0.21,0.13,0.27,0.14,0.31,62,2,11
"llama3","seed_989","trained","all_domains_10_samples",10,"temp_06","zero_shot","structured","answer_first","number_list","test_set_2",0.53,0.47,0.43,0,13,100,53,0.53,47,43,0.29,0.33,0.29,0.33,0.47,0.71,0.62,44,10,3
"llama2","seed_989","trained","all_domains_10_samples",10,"greedy","zero_shot","unstructured","answer_first","number_list","test_set_2",0.32,0.68,0.26,0,18,100,32,0.32,68,26,0.21,0.4,0.21,0.13,0.2,0.29,0.38,56,6,12
"llama3","seed_989","trained","all_domains_10_samples",10,"temp_025","few_shot","structured","fact_first","number_list","test_set_2",0.58,0.42,0.47,0,14,100,58,0.58,42,47,0.86,0.4,0.14,0.4,0.33,0.71,0.46,39,11,3
"llama2","seed_206","trained","all_domains_10_samples",10,"temp_06","zero_shot","structured","answer_first","markdown","test_set_1",0.37,0.63,0.31,0,11,99,37,0.37,63,31,0.21,0.29,0.23,0.13,0.36,0.38,0.56,57,6,5
"llama2","seed_989","trained","all_domains_1_samples",1,"greedy","zero_shot","unstructured","fact_first","number_list","test_set_2",0.03,0.97,0.01,89,88,100,3,0.27,8,1,0,0,0,0,0.07,0,0,11,2,86
"llama2","seed_206","untrained","all_domains_0_samples",0,"temp_06","zero_shot","unstructured","answer_first","markdown","test_set_2",0,1,0,100,100,100,0,"#DIV/0!",0,0,0,0,0,0,0,0,0,0,0,100
"llama3","seed_989","trained","all_domains_10_samples",10,"greedy","zero_shot","structured","answer_first","markdown","test_set_1",0.48,0.52,0.45,1,8,99,48,0.48,51,45,0.71,0.36,0.62,0.47,0.29,0.38,0.38,46,3,5
"llama3","seed_989","trained","all_domains_10_samples",10,"temp_025","zero_shot","structured","fact_first","number_list","test_set_2",0.56,0.44,0.33,0,35,100,56,0.56,44,33,0.64,0.27,0.29,0.27,0.13,0.36,0.38,32,23,12
"llama2","seed_989","trained","all_domains_10_samples",10,"greedy","zero_shot","structured","answer_first","number_list","test_set_2",0.3,0.7,0.23,0,16,100,30,0.3,70,23,0.14,0.2,0.21,0.13,0.2,0.5,0.23,61,7,9
"llama2","seed_989","trained","all_domains_1_samples",1,"temp_025","zero_shot","unstructured","answer_first","number_list","test_set_2",0.22,0.78,0.14,31,54,100,22,0.32,47,14,0.14,0.07,0.14,0.13,0.07,0.43,0,32,8,46
"llama2","seed_989","untrained","all_domains_0_samples",0,"temp_025","zero_shot","structured","answer_first","number_list","test_set_2",0.03,0.97,0.02,87,91,100,3,0.23,10,2,0,0,0.07,0,0,0.07,0,7,1,90
"llama2","seed_206","trained","all_domains_1_samples",1,"greedy","few_shot","structured","answer_first","markdown","test_set_2",0.29,0.71,0.19,0,33,100,29,0.29,71,19,0.36,0.33,0.29,0.07,0.07,0.14,0.08,48,10,23
"llama2","seed_206","trained","all_domains_10_samples",10,"temp_025","few_shot","unstructured","fact_first","number_list","test_set_2",0.35,0.65,0.29,2,12,100,35,0.36,63,29,0.43,0.27,0.36,0.4,0.13,0.29,0.15,59,6,6
"llama2","seed_206","untrained","all_domains_0_samples",0,"temp_06","zero_shot","structured","answer_first","markdown","test_set_2",0,1,0,100,100,100,0,"#DIV/0!",0,0,0,0,0,0,0,0,0,0,0,100
"llama2","seed_989","untrained","all_domains_0_samples",0,"greedy","zero_shot","structured","fact_first","number_list","test_set_2",0.01,0.99,0.01,96,95,100,1,0.25,3,1,0,0,0.07,0,0,0,0,4,0,95
"llama3","seed_206","trained","all_domains_10_samples",10,"temp_06","few_shot","structured","answer_first","markdown","test_set_2",0.53,0.47,0.42,0,19,100,53,0.53,47,42,0.5,0.33,0.21,0.4,0.2,0.86,0.46,39,11,8
"llama3","seed_206","trained","all_domains_10_samples",10,"temp_025","few_shot","unstructured","fact_first","markdown","test_set_1",0.49,0.51,0.47,0,6,99,49,0.49,51,47,0.43,0.36,0.77,0.53,0.43,0.46,0.38,46,2,4
"llama2","seed_989","trained","all_domains_10_samples",10,"greedy","zero_shot","unstructured","answer_first","markdown","test_set_1",0.36,0.64,0.33,0,13,99,36,0.36,64,33,0.21,0.5,0.38,0.07,0.43,0.38,0.38,53,3,10
"llama2","seed_206","untrained","all_domains_0_samples",0,"temp_025","zero_shot","structured","fact_first","markdown","test_set_2",0,1,0,100,100,100,0,"#DIV/0!",0,0,0,0,0,0,0,0,0,0,0,100
"llama2","seed_989","trained","all_domains_10_samples",10,"greedy","zero_shot","unstructured","fact_first","number_list","test_set_2",0.29,0.71,0.24,1,16,100,29,0.29,70,24,0.36,0.4,0.36,0.07,0.27,0.14,0.08,60,5,11
"llama3","seed_206","trained","all_domains_10_samples",10,"temp_025","zero_shot","unstructured","fact_first","markdown","test_set_1",0.47,0.53,0.41,4,11,99,47,0.49,49,41,0.5,0.36,0.62,0.53,0.21,0.46,0.25,47,6,5
"llama3","seed_989","trained","all_domains_10_samples",10,"temp_025","few_shot","unstructured","answer_first","markdown","test_set_1",0.49,0.51,0.47,0,5,99,49,0.49,51,47,0.57,0.29,0.69,0.53,0.43,0.54,0.31,47,2,3
"llama2","seed_206","trained","all_domains_1_samples",1,"greedy","few_shot","unstructured","fact_first","markdown","test_set_2",0.21,0.79,0.12,43,40,100,21,0.37,36,12,0.21,0.2,0.21,0.13,0,0.07,0,48,9,31
"llama3","seed_206","trained","all_domains_10_samples",10,"temp_025","few_shot","structured","fact_first","markdown","test_set_1",0.55,0.45,0.49,0,10,99,54,0.54,46,49,0.64,0.43,0.62,0.4,0.64,0.38,0.38,40,5,5
"llama3","seed_989","untrained","all_domains_0_samples",0,"temp_06","few_shot","structured","fact_first","markdown","test_set_2",0.48,0.52,0.03,20,97,100,48,0.6,32,3,0,0,0,0,0,0.14,0.08,0,45,52
"llama3","seed_989","trained","all_domains_10_samples",10,"greedy","zero_shot","unstructured","answer_first","markdown","test_set_1",0.47,0.53,0.42,0,8,99,47,0.47,53,42,0.43,0.29,0.38,0.8,0.43,0.54,0.13,49,5,3
"llama2","seed_989","trained","all_domains_10_samples",10,"temp_06","few_shot","structured","answer_first","number_list","test_set_1",0.32,0.68,0.26,0,11,99,32,0.32,68,26,0.14,0.29,0.38,0.13,0.43,0.15,0.31,62,6,5
"llama2","seed_206","untrained","all_domains_0_samples",0,"greedy","few_shot","structured","answer_first","number_list","test_set_2",0.28,0.72,0.19,0,24,100,28,0.28,72,19,0.29,0.33,0.43,0,0,0.14,0.15,57,9,15
"llama2","seed_206","trained","all_domains_1_samples",1,"temp_06","zero_shot","unstructured","fact_first","markdown","test_set_2",0.03,0.97,0,80,99,100,3,0.15,17,0,0,0,0,0,0,0,0,1,3,96
"llama3","seed_206","trained","all_domains_10_samples",10,"temp_025","zero_shot","structured","fact_first","markdown","test_set_1",0.48,0.52,0.46,0,5,99,48,0.48,52,46,0.57,0.29,0.77,0.6,0.43,0.46,0.19,48,2,3
"llama2","seed_989","trained","all_domains_1_samples",1,"temp_06","zero_shot","structured","answer_first","number_list","test_set_2",0.2,0.8,0.13,23,42,100,20,0.26,57,13,0.29,0.13,0.07,0.07,0.13,0.14,0.08,45,7,35
"llama3","seed_989","trained","all_domains_10_samples",10,"temp_06","few_shot","structured","answer_first","number_list","test_set_2",0.65,0.35,0.56,0,11,100,65,0.65,35,56,0.79,0.33,0.43,0.53,0.47,0.86,0.54,33,9,2
"llama2","seed_206","trained","all_domains_10_samples",10,"greedy","few_shot","unstructured","answer_first","markdown","test_set_2",0.33,0.67,0.3,0,13,100,33,0.33,67,30,0.21,0.33,0.57,0.07,0.33,0.36,0.23,57,3,10
"llama2","seed_206","trained","all_domains_10_samples",10,"temp_025","zero_shot","unstructured","fact_first","markdown","test_set_1",0.35,0.65,0.33,2,10,99,35,0.36,63,33,0.14,0.43,0.38,0.2,0.57,0.15,0.44,56,2,8
"llama2","seed_206","untrained","all_domains_0_samples",0,"temp_025","few_shot","unstructured","answer_first","number_list","test_set_2",0.31,0.69,0.22,0,27,100,31,0.31,69,22,0.07,0.47,0.36,0.2,0.13,0.21,0.08,51,9,18
"llama2","seed_206","untrained","all_domains_0_samples",0,"greedy","few_shot","unstructured","answer_first","markdown","test_set_2",0.27,0.73,0.16,0,34,100,27,0.27,73,16,0.43,0.33,0.29,0,0.07,0,0,50,11,23
"llama2","seed_206","trained","all_domains_1_samples",1,"greedy","few_shot","structured","fact_first","markdown","test_set_2",0.32,0.68,0.22,2,37,100,32,0.33,66,22,0.43,0.27,0.36,0.07,0.07,0.21,0.15,41,10,27
"llama2","seed_206","untrained","all_domains_0_samples",0,"greedy","few_shot","structured","fact_first","number_list","test_set_2",0.32,0.68,0.21,2,25,100,32,0.33,66,21,0.36,0.4,0.36,0.07,0,0.14,0.15,54,11,14
"llama2","seed_989","trained","all_domains_1_samples",1,"greedy","zero_shot","unstructured","answer_first","markdown","test_set_2",0.04,0.96,0,89,100,100,4,0.36,7,0,0,0,0,0,0,0,0,0,4,96
"llama2","seed_206","untrained","all_domains_0_samples",0,"temp_06","zero_shot","unstructured","fact_first","markdown","test_set_2",0,1,0,100,100,100,0,"#DIV/0!",0,0,0,0,0,0,0,0,0,0,0,100
"llama2","seed_989","untrained","all_domains_0_samples",0,"greedy","zero_shot","unstructured","fact_first","number_list","test_set_2",0,1,0,100,100,100,0,"#DIV/0!",0,0,0,0,0,0,0,0,0,0,0,100
"llama2","seed_206","trained","all_domains_10_samples",10,"temp_025","few_shot","unstructured","fact_first","markdown","test_set_1",0.29,0.71,0.28,9,13,99,29,0.32,62,28,0.29,0.43,0.54,0.2,0.29,0.23,0.06,58,1,12
"llama2","seed_989","trained","all_domains_10_samples",10,"greedy","zero_shot","structured","fact_first","number_list","test_set_2",0.32,0.68,0.3,0,12,100,32,0.32,68,30,0.43,0.4,0.14,0.27,0.13,0.36,0.38,58,2,10
"llama2","seed_989","trained","all_domains_1_samples",1,"temp_025","zero_shot","structured","fact_first","number_list","test_set_2",0.03,0.97,0.02,74,49,100,3,0.12,23,2,0,0,0.07,0,0.07,0,0,49,1,48
"llama2","seed_989","untrained","all_domains_0_samples",0,"temp_025","zero_shot","unstructured","answer_first","number_list","test_set_2",0,1,0,100,100,100,0,"#DIV/0!",0,0,0,0,0,0,0,0,0,0,0,100
"llama2","seed_989","trained","all_domains_1_samples",1,"greedy","zero_shot","structured","answer_first","markdown","test_set_2",0.15,0.85,0,50,100,100,15,0.3,35,0,0,0,0,0,0,0,0,0,15,85
"llama3","seed_989","trained","all_domains_10_samples",10,"temp_025","zero_shot","structured","answer_first","markdown","test_set_1",0.49,0.51,0.45,1,8,99,49,0.49,50,45,0.71,0.36,0.62,0.47,0.29,0.38,0.38,46,4,4
"llama2","seed_206","trained","all_domains_10_samples",10,"temp_025","zero_shot","structured","fact_first","markdown","test_set_1",0.44,0.56,0.41,1,11,99,44,0.44,55,41,0.5,0.43,0.31,0.27,0.5,0.46,0.44,47,3,8
"llama3","seed_989","trained","all_domains_10_samples",10,"temp_06","few_shot","structured","fact_first","number_list","test_set_2",0.59,0.41,0.49,0,15,100,59,0.59,41,49,0.71,0.4,0.14,0.53,0.53,0.64,0.46,36,10,5
"llama2","seed_989","trained","all_domains_10_samples",10,"greedy","zero_shot","structured","answer_first","markdown","test_set_1",0.35,0.65,0.3,0,11,99,35,0.35,65,30,0.21,0.36,0.23,0.13,0.36,0.31,0.5,58,5,6
"llama3","seed_989","trained","all_domains_10_samples",10,"temp_06","zero_shot","structured","fact_first","number_list","test_set_2",0.58,0.42,0.37,0,36,100,58,0.58,42,37,0.57,0.4,0.36,0.4,0.27,0.29,0.31,27,21,15
"llama3","seed_206","trained","all_domains_10_samples",10,"temp_06","few_shot","unstructured","fact_first","markdown","test_set_1",0.51,0.49,0.46,0,7,99,50,0.5,50,46,0.5,0.5,0.69,0.47,0.43,0.54,0.19,46,4,3
"llama2","seed_206","trained","all_domains_1_samples",1,"temp_06","zero_shot","structured","fact_first","markdown","test_set_2",0.11,0.89,0,69,100,100,11,0.35,20,0,0,0,0,0,0,0,0,0,11,89
"llama2","seed_206","trained","all_domains_10_samples",10,"temp_06","few_shot","unstructured","answer_first","number_list","test_set_2",0.26,0.74,0.2,0,17,100,26,0.26,74,20,0.21,0.33,0.14,0.2,0.2,0.14,0.15,63,6,11
"llama2","seed_206","untrained","all_domains_0_samples",0,"temp_025","few_shot","unstructured","fact_first","number_list","test_set_2",0.23,0.77,0.16,31,31,100,23,0.33,46,16,0.21,0.27,0.21,0.13,0,0.14,0.15,53,7,24
"llama3","seed_989","trained","all_domains_10_samples",10,"temp_06","few_shot","unstructured","answer_first","markdown","test_set_1",0.51,0.49,0.48,0,6,99,50,0.5,50,48,0.57,0.29,0.77,0.53,0.43,0.54,0.31,45,2,4
"llama2","seed_206","untrained","all_domains_0_samples",0,"greedy","few_shot","structured","answer_first","markdown","test_set_2",0.28,0.72,0.17,0,30,100,28,0.28,72,17,0.36,0.33,0.29,0.07,0.07,0,0.08,53,11,19
"llama2","seed_989","trained","all_domains_10_samples",10,"temp_025","zero_shot","unstructured","answer_first","number_list","test_set_2",0.31,0.69,0.25,0,18,100,31,0.31,69,25,0.21,0.47,0.14,0.2,0.13,0.21,0.38,57,6,12
"llama3","seed_206","trained","all_domains_10_samples",10,"temp_06","zero_shot","unstructured","fact_first","markdown","test_set_1",0.42,0.58,0.39,7,12,99,42,0.45,51,39,0.14,0.21,0.62,0.53,0.57,0.46,0.25,48,3,9
"llama2","seed_989","trained","all_domains_10_samples",10,"temp_06","few_shot","structured","fact_first","number_list","test_set_1",0.31,0.69,0.28,2,13,99,31,0.32,67,28,0.14,0.36,0.31,0.27,0.21,0.38,0.31,58,3,10
"llama2","seed_989","untrained","all_domains_0_samples",0,"temp_06","zero_shot","structured","answer_first","number_list","test_set_2",0.03,0.97,0.02,90,95,100,3,0.3,7,2,0.07,0,0,0,0,0.07,0,3,1,94
"llama3","seed_989","trained","all_domains_10_samples",10,"temp_025","zero_shot","unstructured","answer_first","markdown","test_set_1",0.48,0.52,0.43,0,7,99,48,0.48,52,43,0.5,0.29,0.38,0.8,0.43,0.54,0.13,49,5,2
"llama2","seed_989","trained","all_domains_10_samples",10,"temp_025","zero_shot","structured","answer_first","number_list","test_set_2",0.29,0.71,0.22,0,16,100,29,0.29,71,22,0.14,0.2,0.29,0.13,0.13,0.5,0.15,62,7,9
"llama3","seed_989","trained","all_domains_10_samples",10,"greedy","few_shot","structured","answer_first","markdown","test_set_2",0.52,0.48,0.42,0,17,100,52,0.52,48,42,0.5,0.33,0.29,0.4,0.13,0.86,0.46,41,10,7
"llama2","seed_206","trained","all_domains_1_samples",1,"temp_025","few_shot","unstructured","answer_first","number_list","test_set_2",0.29,0.71,0.25,0,23,100,29,0.29,71,25,0.43,0.47,0.36,0.2,0.07,0.14,0.08,52,4,19
"llama2","seed_989","trained","all_domains_1_samples",1,"temp_06","zero_shot","unstructured","answer_first","number_list","test_set_2",0.13,0.87,0.06,49,70,100,13,0.25,38,6,0,0.07,0,0.07,0.13,0.14,0,24,7,63
"llama2","seed_206","untrained","all_domains_0_samples",0,"greedy","few_shot","unstructured","fact_first","markdown","test_set_2",0.15,0.85,0.09,42,34,100,15,0.26,43,9,0.07,0.27,0.14,0,0,0.07,0.08,57,6,28
"llama2","seed_989","trained","all_domains_10_samples",10,"temp_025","zero_shot","unstructured","answer_first","markdown","test_set_1",0.36,0.64,0.33,0,14,99,36,0.36,64,33,0.21,0.5,0.38,0.07,0.5,0.31,0.38,52,3,11
"llama2","seed_206","trained","all_domains_20_samples",20,"greedy","zero_shot","structured","answer_first","number_list","test_set_1",0.33,0.67,0.31,0,10,99,33,0.33,67,31,0.14,0.29,0.23,0.27,0.43,0.38,0.44,58,2,8
"llama3","seed_206","trained","all_domains_10_samples",10,"temp_06","zero_shot","structured","fact_first","markdown","test_set_1",0.46,0.54,0.46,0,5,99,46,0.46,54,46,0.57,0.36,0.77,0.47,0.57,0.46,0.13,48,0,5
"llama3","seed_206","trained","all_domains_10_samples",10,"temp_06","few_shot","structured","fact_first","markdown","test_set_1",0.53,0.47,0.48,0,10,99,52,0.52,48,48,0.57,0.5,0.62,0.4,0.57,0.46,0.31,41,4,6
"llama2","seed_206","trained","all_domains_10_samples",10,"temp_025","few_shot","structured","fact_first","markdown","test_set_1",0.3,0.7,0.27,9,12,99,30,0.33,61,27,0.29,0.29,0.31,0.27,0.21,0.23,0.31,60,3,9
"llama2","seed_206","trained","all_domains_1_samples",1,"temp_025","few_shot","unstructured","fact_first","number_list","test_set_2",0.27,0.73,0.21,36,24,100,27,0.42,37,21,0.21,0.33,0.43,0.13,0,0.14,0.23,55,6,18
"llama2","seed_989","trained","all_domains_10_samples",10,"temp_025","zero_shot","unstructured","fact_first","number_list","test_set_2",0.27,0.73,0.22,1,17,100,27,0.27,72,22,0.43,0.27,0.29,0.13,0.2,0.21,0,61,5,12
"llama2","seed_206","untrained","all_domains_0_samples",0,"temp_06","zero_shot","structured","fact_first","markdown","test_set_2",0,1,0,100,100,100,0,"#DIV/0!",0,0,0,0,0,0,0,0,0,0,0,100
"llama2","seed_206","trained","all_domains_1_samples",1,"temp_025","few_shot","structured","answer_first","number_list","test_set_2",0.27,0.73,0.15,3,37,100,27,0.28,70,15,0.21,0.2,0.29,0,0.2,0.14,0,48,12,25
"llama2","seed_206","trained","all_domains_10_samples",10,"temp_06","few_shot","unstructured","fact_first","number_list","test_set_2",0.28,0.72,0.24,2,11,100,28,0.29,70,24,0.36,0.27,0.21,0.33,0.07,0.29,0.15,65,4,7
"llama3","seed_206","trained","all_domains_20_samples",20,"greedy","few_shot","structured","answer_first","number_list","test_set_1",0.49,0.51,0.46,0,7,99,49,0.49,51,46,0.71,0.29,0.46,0.6,0.43,0.38,0.38,46,3,4
"llama2","seed_989","untrained","all_domains_0_samples",0,"temp_025","zero_shot","structured","fact_first","number_list","test_set_2",0,1,0,96,95,100,0,0,4,0,0,0,0,0,0,0,0,5,0,95
"llama2","seed_989","trained","all_domains_1_samples",1,"temp_025","zero_shot","unstructured","fact_first","number_list","test_set_2",0.01,0.99,0.01,89,87,100,1,0.09,10,1,0.07,0,0,0,0,0,0,12,0,87
"llama2","seed_206","trained","all_domains_20_samples",20,"greedy","few_shot","unstructured","answer_first","number_list","test_set_1",0.34,0.66,0.33,0,9,99,34,0.34,66,33,0.21,0.43,0.38,0.2,0.5,0.38,0.25,57,1,8
"llama2","seed_989","untrained","all_domains_0_samples",0,"greedy","zero_shot","unstructured","answer_first","markdown","test_set_2",0,1,0,100,100,100,0,"#DIV/0!",0,0,0,0,0,0,0,0,0,0,0,100
"llama2","seed_989","trained","all_domains_1_samples",1,"greedy","zero_shot","unstructured","fact_first","markdown","test_set_2",0.04,0.96,0,89,100,100,4,0.36,7,0,0,0,0,0,0,0,0,0,4,96
"llama2","seed_989","untrained","all_domains_0_samples",0,"greedy","zero_shot","structured","answer_first","markdown","test_set_2",0,1,0,100,100,100,0,"#DIV/0!",0,0,0,0,0,0,0,0,0,0,0,100
"llama2","seed_206","trained","all_domains_20_samples",20,"greedy","few_shot","structured","answer_first","number_list","test_set_1",0.39,0.61,0.33,0,11,99,39,0.39,61,33,0.29,0.43,0.38,0.13,0.36,0.31,0.44,55,6,5
"llama2","seed_206","trained","all_domains_1_samples",1,"temp_025","few_shot","unstructured","answer_first","markdown","test_set_2",0.28,0.72,0.2,0,31,100,28,0.28,72,20,0.36,0.27,0.29,0.07,0.2,0.14,0.08,49,8,23
"llama2","seed_206","trained","all_domains_10_samples",10,"temp_06","zero_shot","unstructured","fact_first","markdown","test_set_1",0.34,0.66,0.29,0,10,99,34,0.34,66,29,0.29,0.29,0.23,0.27,0.29,0.23,0.44,60,5,5
"llama3","seed_989","trained","all_domains_10_samples",10,"greedy","few_shot","unstructured","fact_first","markdown","test_set_1",0.41,0.59,0.39,1,6,99,41,0.41,58,39,0.36,0.5,0.62,0.47,0.21,0.38,0.25,54,2,4
"llama2","seed_206","untrained","all_domains_0_samples",0,"greedy","few_shot","structured","fact_first","markdown","test_set_2",0.36,0.64,0.25,2,33,100,36,0.37,62,25,0.5,0.47,0.36,0.07,0.07,0.21,0.08,42,11,22
"llama3","seed_989","trained","all_domains_10_samples",10,"temp_06","zero_shot","structured","answer_first","markdown","test_set_1",0.48,0.52,0.46,2,6,99,48,0.49,50,46,0.71,0.36,0.62,0.4,0.36,0.46,0.38,47,2,4
"llama2","seed_206","trained","all_domains_1_samples",1,"temp_025","few_shot","structured","fact_first","number_list","test_set_2",0.32,0.68,0.2,7,38,100,32,0.34,61,20,0.21,0.2,0.36,0.07,0.07,0.29,0.23,42,12,26
"llama2","seed_989","untrained","all_domains_0_samples",0,"temp_06","zero_shot","unstructured","answer_first","number_list","test_set_2",0,1,0,100,100,100,0,"#DIV/0!",0,0,0,0,0,0,0,0,0,0,0,100
"llama3","seed_206","trained","all_domains_20_samples",20,"greedy","few_shot","unstructured","answer_first","number_list","test_set_1",0.49,0.51,0.45,2,8,99,49,0.5,49,45,0.5,0.36,0.54,0.67,0.36,0.46,0.31,46,4,4
"llama3","seed_206","trained","all_domains_10_samples",10,"greedy","few_shot","unstructured","answer_first","markdown","test_set_2",0.61,0.39,0.56,0,8,100,61,0.61,39,56,0.57,0.33,0.79,0.47,0.33,0.93,0.54,36,5,3
"llama3","seed_206","trained","all_domains_20_samples",20,"greedy","zero_shot","structured","answer_first","number_list","test_set_1",0.48,0.52,0.44,0,9,99,48,0.48,52,44,0.57,0.29,0.46,0.47,0.36,0.54,0.44,46,4,5
"llama2","seed_206","untrained","all_domains_0_samples",0,"temp_06","few_shot","unstructured","answer_first","number_list","test_set_2",0.27,0.73,0.19,1,32,100,27,0.27,72,19,0.07,0.2,0.29,0.27,0.13,0.29,0.08,49,8,24
"llama3","seed_989","trained","all_domains_10_samples",10,"greedy","zero_shot","unstructured","fact_first","markdown","test_set_1",0.4,0.6,0.35,5,11,99,40,0.42,55,35,0.36,0.43,0.46,0.6,0.14,0.31,0.19,53,5,6
"llama3","seed_989","trained","all_domains_10_samples",10,"temp_06","zero_shot","unstructured","answer_first","markdown","test_set_1",0.45,0.55,0.4,0,8,99,45,0.45,55,40,0.43,0.29,0.38,0.73,0.36,0.54,0.13,51,5,3
"llama2","seed_989","trained","all_domains_10_samples",10,"temp_025","zero_shot","structured","fact_first","number_list","test_set_2",0.33,0.67,0.29,0,11,100,33,0.33,67,29,0.29,0.47,0.29,0.33,0.13,0.29,0.23,60,4,7
"llama2","seed_206","trained","all_domains_10_samples",10,"temp_06","zero_shot","structured","fact_first","markdown","test_set_1",0.34,0.66,0.31,2,12,99,34,0.35,64,31,0.29,0.29,0.23,0.33,0.36,0.31,0.38,56,3,9
"llama2","seed_206","trained","all_domains_10_samples",10,"temp_025","few_shot","unstructured","answer_first","markdown","test_set_2",0.35,0.65,0.3,0,11,100,35,0.35,65,30,0.21,0.33,0.57,0.07,0.33,0.36,0.23,59,5,6
"llama2","seed_206","trained","all_domains_1_samples",1,"temp_025","few_shot","structured","answer_first","markdown","test_set_2",0.28,0.72,0.18,6,37,100,28,0.3,66,18,0.21,0.33,0.21,0.13,0.07,0.14,0.15,45,10,27
"llama2","seed_989","trained","all_domains_1_samples",1,"temp_06","zero_shot","structured","fact_first","number_list","test_set_2",0.04,0.96,0.04,72,65,100,4,0.14,24,4,0,0,0.07,0.07,0.13,0,0,31,0,65
"llama2","seed_989","trained","all_domains_10_samples",10,"temp_025","zero_shot","structured","answer_first","markdown","test_set_1",0.33,0.67,0.29,0,11,99,33,0.33,67,29,0.07,0.36,0.23,0.13,0.36,0.31,0.56,59,4,7
"llama2","seed_989","trained","all_domains_10_samples",10,"greedy","zero_shot","unstructured","fact_first","markdown","test_set_1",0.38,0.62,0.36,0,10,99,38,0.38,62,36,0.29,0.36,0.46,0.2,0.57,0.23,0.44,53,2,8
"llama2","seed_989","trained","all_domains_10_samples",10,"temp_06","zero_shot","structured","answer_first","number_list","test_set_2",0.29,0.71,0.26,0,12,100,29,0.29,71,26,0.21,0.27,0.21,0.13,0.27,0.5,0.23,62,3,9
"llama2","seed_989","trained","all_domains_10_samples",10,"temp_06","zero_shot","unstructured","answer_first","markdown","test_set_1",0.35,0.65,0.31,0,14,99,35,0.35,65,31,0.21,0.5,0.38,0.07,0.36,0.31,0.38,54,4,10
"llama3","seed_989","trained","all_domains_10_samples",10,"temp_025","few_shot","structured","answer_first","markdown","test_set_2",0.52,0.48,0.43,0,15,100,52,0.52,48,43,0.57,0.33,0.29,0.4,0.13,0.86,0.46,42,9,6
"llama3","seed_989","trained","all_domains_10_samples",10,"greedy","zero_shot","structured","fact_first","markdown","test_set_1",0.51,0.49,0.48,0,5,99,50,0.5,50,48,0.64,0.36,0.69,0.4,0.5,0.62,0.25,46,2,3
"llama2","seed_206","trained","all_domains_10_samples",10,"temp_06","few_shot","unstructured","fact_first","markdown","test_set_1",0.24,0.76,0.24,17,11,99,24,0.29,59,24,0.14,0.21,0.46,0.27,0.29,0.08,0.25,64,0,11
"llama2","seed_989","untrained","all_domains_0_samples",0,"temp_025","zero_shot","unstructured","fact_first","number_list","test_set_2",0,1,0,100,100,100,0,"#DIV/0!",0,0,0,0,0,0,0,0,0,0,0,100
"llama2","seed_206","trained","all_domains_1_samples",1,"temp_025","few_shot","unstructured","fact_first","markdown","test_set_2",0.22,0.78,0.13,32,37,100,22,0.32,46,13,0.29,0.4,0.07,0,0,0.07,0.08,50,9,28
"llama2","seed_989","trained","all_domains_10_samples",10,"temp_06","zero_shot","unstructured","answer_first","number_list","test_set_2",0.33,0.67,0.27,0,17,100,33,0.33,67,27,0.36,0.4,0.14,0.2,0.07,0.29,0.46,56,6,11
"llama3","seed_206","trained","all_domains_20_samples",20,"greedy","zero_shot","unstructured","answer_first","number_list","test_set_1",0.56,0.44,0.52,0,6,99,55,0.55,45,51,0.57,0.43,0.54,0.8,0.5,0.46,0.31,42,4,2
"llama2","seed_989","trained","all_domains_1_samples",1,"greedy","zero_shot","structured","fact_first","markdown","test_set_2",0.05,0.95,0,87,100,100,5,0.38,8,0,0,0,0,0,0,0,0,0,5,95
"llama2","seed_989","trained","all_domains_10_samples",10,"greedy","few_shot","unstructured","answer_first","number_list","test_set_2",0.29,0.71,0.2,0,17,100,29,0.29,71,20,0.21,0.33,0.07,0.27,0.07,0.29,0.15,63,9,8
"llama2","seed_206","trained","all_domains_20_samples",20,"greedy","zero_shot","unstructured","answer_first","number_list","test_set_1",0.39,0.61,0.38,0,11,99,39,0.39,61,38,0.21,0.43,0.38,0.27,0.43,0.38,0.56,50,1,10
"llama2","seed_989","trained","all_domains_1_samples",1,"temp_025","zero_shot","unstructured","answer_first","markdown","test_set_2",0.04,0.96,0,81,100,100,4,0.21,15,0,0,0,0,0,0,0,0,0,4,96
"llama2","seed_989","trained","all_domains_1_samples",1,"temp_025","zero_shot","structured","answer_first","markdown","test_set_2",0.13,0.87,0,48,100,100,13,0.25,39,0,0,0,0,0,0,0,0,0,13,87
"llama2","seed_206","trained","all_domains_10_samples",10,"greedy","few_shot","structured","answer_first","number_list","test_set_2",0.32,0.68,0.26,0,15,100,32,0.32,68,26,0.29,0.4,0.29,0.2,0.13,0.21,0.31,59,6,9
"llama3","seed_989","trained","all_domains_10_samples",10,"greedy","few_shot","structured","fact_first","markdown","test_set_1",0.59,0.41,0.53,0,10,99,58,0.58,42,52,0.64,0.57,0.69,0.53,0.57,0.54,0.19,37,6,4
"llama2","seed_206","untrained","all_domains_0_samples",0,"temp_06","few_shot","unstructured","fact_first","number_list","test_set_2",0.23,0.77,0.16,13,36,100,23,0.26,64,16,0.07,0.4,0.29,0.07,0,0.21,0.08,48,7,29
"llama3","seed_206","trained","all_domains_20_samples",20,"temp_025","few_shot","structured","answer_first","number_list","test_set_1",0.52,0.48,0.48,0,7,99,51,0.51,49,48,0.71,0.29,0.54,0.67,0.43,0.38,0.38,44,3,4
"llama3","seed_989","trained","all_domains_10_samples",10,"temp_025","few_shot","unstructured","fact_first","markdown","test_set_1",0.45,0.55,0.42,1,6,99,45,0.45,54,42,0.29,0.5,0.69,0.6,0.43,0.38,0.13,51,3,3
"llama2","seed_206","untrained","all_domains_0_samples",0,"temp_025","few_shot","structured","answer_first","number_list","test_set_2",0.33,0.67,0.26,0,26,100,33,0.33,67,26,0.29,0.4,0.5,0.2,0.13,0.29,0,48,7,19
"llama2","seed_206","trained","all_domains_20_samples",20,"temp_025","zero_shot","structured","answer_first","number_list","test_set_1",0.28,0.72,0.25,0,9,99,28,0.28,72,25,0.07,0.29,0.15,0.27,0.29,0.31,0.38,65,3,6
"llama2","seed_989","untrained","all_domains_0_samples",0,"greedy","zero_shot","unstructured","fact_first","markdown","test_set_2",0,1,0,100,100,100,0,"#DIV/0!",0,0,0,0,0,0,0,0,0,0,0,100
"llama3","seed_206","trained","all_domains_10_samples",10,"greedy","zero_shot","structured","answer_first","markdown","test_set_2",0.56,0.44,0.48,2,12,100,56,0.57,42,48,0.5,0.33,0.43,0.4,0.4,0.79,0.54,40,8,4
"llama2","seed_989","trained","all_domains_10_samples",10,"temp_06","zero_shot","unstructured","fact_first","number_list","test_set_2",0.3,0.7,0.27,0,14,100,30,0.3,70,27,0.36,0.27,0.36,0.13,0.33,0.29,0.15,59,3,11
"llama3","seed_206","trained","all_domains_20_samples",20,"temp_025","few_shot","unstructured","answer_first","number_list","test_set_1",0.51,0.49,0.46,2,8,99,50,0.51,48,46,0.57,0.36,0.54,0.67,0.43,0.46,0.25,45,4,4
"llama3","seed_206","trained","all_domains_10_samples",10,"temp_025","few_shot","unstructured","answer_first","markdown","test_set_2",0.61,0.39,0.56,0,8,100,61,0.61,39,56,0.57,0.33,0.79,0.47,0.33,0.93,0.54,36,5,3
"llama2","seed_206","untrained","all_domains_0_samples",0,"temp_025","few_shot","unstructured","answer_first","markdown","test_set_2",0.24,0.76,0.13,0,40,100,24,0.24,76,13,0.36,0.2,0.29,0,0.07,0,0,47,11,29
"llama2","seed_989","untrained","all_domains_0_samples",0,"temp_06","zero_shot","structured","fact_first","number_list","test_set_2",0.02,0.98,0.01,93,95,100,2,0.29,5,1,0,0,0,0,0,0.07,0,4,1,94
"llama2","seed_206","trained","all_domains_1_samples",1,"temp_025","few_shot","structured","fact_first","markdown","test_set_2",0.31,0.69,0.21,4,36,100,31,0.32,65,21,0.43,0.47,0.29,0.2,0,0.07,0,43,10,26
"llama3","seed_206","trained","all_domains_20_samples",20,"temp_025","zero_shot","structured","answer_first","number_list","test_set_1",0.47,0.53,0.43,0,9,99,47,0.47,53,43,0.57,0.29,0.46,0.4,0.36,0.54,0.44,47,4,5
"llama2","seed_206","untrained","all_domains_0_samples",0,"temp_025","few_shot","structured","fact_first","number_list","test_set_2",0.31,0.69,0.19,4,28,100,31,0.32,65,19,0.21,0.4,0.43,0.07,0,0.07,0.15,53,12,16
"llama3","seed_989","trained","all_domains_10_samples",10,"temp_025","zero_shot","unstructured","fact_first","markdown","test_set_1",0.47,0.53,0.41,1,9,99,47,0.47,52,41,0.57,0.29,0.77,0.47,0.14,0.38,0.31,49,6,3
"llama3","seed_206","trained","all_domains_10_samples",10,"greedy","zero_shot","unstructured","answer_first","markdown","test_set_2",0.52,0.48,0.43,0,12,100,52,0.52,48,43,0.5,0.27,0.29,0.47,0.4,0.64,0.46,45,9,3
"llama2","seed_989","trained","all_domains_10_samples",10,"greedy","few_shot","unstructured","fact_first","number_list","test_set_2",0.27,0.73,0.22,0,11,100,27,0.27,73,22,0.43,0.07,0.21,0.27,0.13,0.29,0.15,67,5,6
"llama2","seed_206","trained","all_domains_20_samples",20,"temp_025","few_shot","unstructured","answer_first","number_list","test_set_1",0.33,0.67,0.32,0,9,99,33,0.33,67,32,0.21,0.43,0.38,0.13,0.5,0.38,0.25,58,1,8
"llama2","seed_989","trained","all_domains_1_samples",1,"temp_06","zero_shot","unstructured","fact_first","number_list","test_set_2",0.05,0.95,0.03,84,71,100,5,0.31,11,3,0.07,0,0,0.07,0.07,0,0,26,2,69
"llama2","seed_206","trained","all_domains_10_samples",10,"greedy","zero_shot","unstructured","answer_first","markdown","test_set_2",0.3,0.7,0.27,0,15,100,30,0.3,70,27,0.43,0.33,0.14,0.4,0.27,0.14,0.15,58,3,12
"llama2","seed_989","trained","all_domains_10_samples",10,"greedy","zero_shot","structured","fact_first","markdown","test_set_1",0.39,0.61,0.35,3,11,99,39,0.4,58,35,0.29,0.21,0.15,0.4,0.29,0.54,0.56,53,4,7
"llama2","seed_989","untrained","all_domains_0_samples",0,"temp_025","zero_shot","unstructured","answer_first","markdown","test_set_2",0,1,0,100,100,100,0,"#DIV/0!",0,0,0,0,0,0,0,0,0,0,0,100
"llama3","seed_206","trained","all_domains_20_samples",20,"temp_025","zero_shot","unstructured","answer_first","number_list","test_set_1",0.55,0.45,0.52,0,6,99,54,0.54,46,51,0.57,0.43,0.54,0.73,0.5,0.54,0.31,42,3,3
"llama2","seed_989","untrained","all_domains_0_samples",0,"temp_06","zero_shot","unstructured","fact_first","number_list","test_set_2",0,1,0,100,100,100,0,"#DIV/0!",0,0,0,0,0,0,0,0,0,0,0,100
"llama2","seed_206","untrained","all_domains_0_samples",0,"temp_025","few_shot","structured","answer_first","markdown","test_set_2",0.25,0.75,0.17,0,34,100,25,0.25,75,17,0.29,0.27,0.29,0,0.13,0.21,0,49,8,26
"llama2","seed_989","untrained","all_domains_0_samples",0,"temp_025","zero_shot","structured","answer_first","markdown","test_set_2",0,1,0,100,100,100,0,"#DIV/0!",0,0,0,0,0,0,0,0,0,0,0,100
"llama2","seed_989","trained","all_domains_10_samples",10,"temp_06","zero_shot","structured","fact_first","number_list","test_set_2",0.34,0.66,0.31,0,13,100,34,0.34,66,31,0.36,0.27,0.43,0.33,0.4,0.21,0.15,56,3,10
"llama2","seed_206","trained","all_domains_10_samples",10,"greedy","few_shot","structured","fact_first","number_list","test_set_2",0.36,0.64,0.33,0,13,100,36,0.36,64,33,0.43,0.53,0.5,0.07,0.27,0.29,0.23,54,3,10
"llama3","seed_989","trained","all_domains_10_samples",10,"temp_025","zero_shot","structured","fact_first","markdown","test_set_1",0.52,0.48,0.49,0,5,99,51,0.51,49,49,0.57,0.29,0.77,0.67,0.43,0.46,0.31,45,2,3
"llama2","seed_989","untrained","all_domains_0_samples",0,"greedy","zero_shot","structured","fact_first","markdown","test_set_2",0,1,0,100,100,100,0,"#DIV/0!",0,0,0,0,0,0,0,0,0,0,0,100
"llama3","seed_989","trained","all_domains_10_samples",10,"temp_06","few_shot","unstructured","fact_first","markdown","test_set_1",0.37,0.63,0.36,0,5,99,37,0.37,63,36,0.29,0.29,0.62,0.47,0.29,0.46,0.19,58,1,4
"llama2","seed_206","trained","all_domains_1_samples",1,"temp_06","few_shot","unstructured","answer_first","number_list","test_set_2",0.24,0.76,0.18,3,29,100,24,0.25,73,18,0.29,0.4,0.14,0.13,0.13,0.14,0,53,6,23
"llama2","seed_206","untrained","all_domains_0_samples",0,"temp_025","few_shot","unstructured","fact_first","markdown","test_set_2",0.24,0.76,0.14,28,38,100,24,0.33,48,14,0.07,0.2,0.29,0.13,0,0.29,0,48,10,28
"llama2","seed_989","untrained","all_domains_0_samples",0,"greedy","few_shot","unstructured","answer_first","number_list","test_set_2",0.28,0.72,0.22,0,25,100,28,0.28,72,22,0.29,0.4,0.5,0.07,0.07,0.07,0.15,53,6,19
"llama2","seed_989","trained","all_domains_1_samples",1,"temp_025","zero_shot","unstructured","fact_first","markdown","test_set_2",0.06,0.94,0,85,100,100,6,0.4,9,0,0,0,0,0,0,0,0,0,6,94
"llama3","seed_989","trained","all_domains_10_samples",10,"temp_06","few_shot","structured","answer_first","markdown","test_set_2",0.52,0.48,0.43,0,16,100,52,0.52,48,43,0.5,0.4,0.29,0.4,0.27,0.79,0.38,41,9,7
"llama2","seed_206","trained","all_domains_1_samples",1,"temp_06","few_shot","unstructured","fact_first","number_list","test_set_2",0.28,0.72,0.2,14,26,100,28,0.33,58,20,0.21,0.33,0.36,0.07,0.07,0.14,0.23,54,8,18
"llama2","seed_989","trained","all_domains_10_samples",10,"temp_06","zero_shot","structured","answer_first","markdown","test_set_1",0.3,0.7,0.26,0,10,99,30,0.3,70,26,0.07,0.29,0.23,0.07,0.29,0.38,0.5,63,4,6
"llama3","seed_206","trained","all_domains_20_samples",20,"temp_06","few_shot","unstructured","answer_first","number_list","test_set_1",0.49,0.51,0.45,1,7,99,49,0.49,50,45,0.5,0.29,0.54,0.73,0.43,0.38,0.31,47,4,3
"llama3","seed_206","trained","all_domains_20_samples",20,"temp_06","few_shot","structured","answer_first","number_list","test_set_1",0.47,0.53,0.44,0,7,99,47,0.47,53,44,0.71,0.29,0.38,0.6,0.43,0.31,0.38,48,3,4
"llama2","seed_206","trained","all_domains_10_samples",10,"temp_06","few_shot","structured","fact_first","markdown","test_set_1",0.32,0.68,0.29,8,11,99,32,0.35,60,29,0.29,0.29,0.23,0.33,0.36,0.15,0.38,59,3,8
"llama3","seed_206","trained","all_domains_10_samples",10,"temp_06","few_shot","unstructured","answer_first","markdown","test_set_2",0.6,0.4,0.55,0,8,100,60,0.6,40,55,0.57,0.33,0.79,0.47,0.33,0.86,0.54,37,5,3
"llama2","seed_989","trained","all_domains_10_samples",10,"temp_025","zero_shot","unstructured","fact_first","markdown","test_set_1",0.33,0.67,0.32,2,10,99,33,0.34,65,32,0.21,0.36,0.15,0.27,0.57,0.31,0.38,57,1,9
"llama3","seed_206","trained","all_domains_10_samples",10,"temp_025","zero_shot","structured","answer_first","markdown","test_set_2",0.56,0.44,0.47,3,14,100,56,0.58,41,47,0.5,0.27,0.43,0.4,0.4,0.79,0.54,39,9,5
"llama3","seed_989","trained","all_domains_10_samples",10,"temp_025","few_shot","structured","fact_first","markdown","test_set_1",0.6,0.4,0.54,0,10,99,59,0.59,41,53,0.64,0.57,0.69,0.53,0.57,0.54,0.25,36,6,4
"llama2","seed_206","trained","all_domains_1_samples",1,"temp_06","few_shot","structured","answer_first","number_list","test_set_2",0.2,0.8,0.12,21,49,100,20,0.25,59,12,0.07,0.07,0.29,0,0.07,0.29,0.08,39,8,41
"llama2","seed_206","trained","all_domains_20_samples",20,"temp_06","zero_shot","structured","answer_first","number_list","test_set_1",0.28,0.72,0.26,0,10,99,28,0.28,72,26,0.07,0.14,0.15,0.33,0.43,0.38,0.31,63,2,8
"llama2","seed_206","trained","all_domains_10_samples",10,"temp_06","few_shot","unstructured","answer_first","markdown","test_set_2",0.3,0.7,0.28,0,13,100,30,0.3,70,28,0.21,0.27,0.5,0.13,0.27,0.36,0.23,59,2,11
"llama3","seed_206","trained","all_domains_10_samples",10,"temp_025","zero_shot","unstructured","answer_first","markdown","test_set_2",0.51,0.49,0.42,0,12,100,51,0.51,49,42,0.5,0.27,0.29,0.47,0.4,0.64,0.38,46,9,3
"llama3","seed_989","trained","all_domains_10_samples",10,"temp_06","zero_shot","unstructured","fact_first","markdown","test_set_1",0.52,0.48,0.44,4,12,99,51,0.53,45,44,0.43,0.43,0.54,0.47,0.29,0.62,0.38,43,7,5
"llama2","seed_206","trained","all_domains_1_samples",1,"temp_06","few_shot","unstructured","answer_first","markdown","test_set_2",0.38,0.62,0.17,0,58,100,38,0.38,62,17,0.29,0.4,0.14,0,0.07,0.14,0.15,25,21,37
"llama2","seed_206","trained","all_domains_20_samples",20,"temp_025","few_shot","structured","answer_first","number_list","test_set_1",0.41,0.59,0.36,1,10,99,41,0.41,58,36,0.29,0.5,0.46,0.2,0.36,0.31,0.44,53,5,5
"llama2","seed_206","trained","all_domains_20_samples",20,"temp_025","zero_shot","unstructured","answer_first","number_list","test_set_1",0.35,0.65,0.33,0,11,99,35,0.35,65,33,0.07,0.36,0.38,0.2,0.43,0.31,0.56,55,2,9
"llama3","seed_206","trained","all_domains_20_samples",20,"temp_06","zero_shot","structured","answer_first","number_list","test_set_1",0.47,0.53,0.43,0,8,99,47,0.47,53,43,0.57,0.29,0.46,0.4,0.36,0.46,0.5,48,4,4
"llama2","seed_989","trained","all_domains_10_samples",10,"temp_025","few_shot","unstructured","answer_first","number_list","test_set_2",0.26,0.74,0.17,0,16,100,26,0.26,74,17,0.21,0.27,0.14,0.13,0.07,0.21,0.15,67,9,7
"llama2","seed_989","trained","all_domains_10_samples",10,"greedy","few_shot","unstructured","fact_first","markdown","test_set_1",0.23,0.77,0.23,14,11,99,23,0.27,63,23,0.21,0.21,0.46,0.2,0.21,0.15,0.19,65,0,11
"llama2","seed_206","untrained","all_domains_0_samples",0,"temp_025","few_shot","structured","fact_first","markdown","test_set_2",0.34,0.66,0.21,5,37,100,34,0.36,61,21,0.36,0.27,0.36,0.13,0.07,0.14,0.15,42,13,24
"llama2","seed_989","trained","all_domains_1_samples",1,"temp_06","zero_shot","unstructured","answer_first","markdown","test_set_2",0.11,0.89,0,59,100,100,11,0.27,30,0,0,0,0,0,0,0,0,0,11,89
"llama3","seed_206","trained","all_domains_20_samples",20,"temp_06","zero_shot","unstructured","answer_first","number_list","test_set_1",0.54,0.46,0.49,0,6,99,53,0.53,47,49,0.57,0.36,0.54,0.73,0.5,0.46,0.31,44,4,2
"llama2","seed_989","untrained","all_domains_0_samples",0,"greedy","few_shot","unstructured","fact_first","number_list","test_set_2",0.19,0.81,0.16,46,25,100,19,0.35,35,16,0.21,0.4,0.21,0.13,0,0,0.15,59,3,22
"llama2","seed_206","trained","all_domains_1_samples",1,"temp_06","few_shot","structured","fact_first","number_list","test_set_2",0.3,0.7,0.14,24,53,100,30,0.39,46,14,0.07,0.13,0.43,0,0.13,0.07,0.15,33,16,37
"llama2","seed_989","trained","all_domains_1_samples",1,"temp_06","zero_shot","structured","answer_first","markdown","test_set_2",0.21,0.79,0,38,100,100,21,0.34,41,0,0,0,0,0,0,0,0,0,21,79
"llama3","seed_206","trained","all_domains_10_samples",10,"greedy","few_shot","unstructured","fact_first","markdown","test_set_2",0.61,0.39,0.53,1,12,100,61,0.62,38,53,0.71,0.4,0.64,0.47,0.27,0.64,0.62,35,8,4
"llama2","seed_989","untrained","all_domains_0_samples",0,"temp_025","zero_shot","unstructured","fact_first","markdown","test_set_2",0,1,0,100,100,100,0,"#DIV/0!",0,0,0,0,0,0,0,0,0,0,0,100
"llama2","seed_989","untrained","all_domains_0_samples",0,"temp_06","zero_shot","unstructured","answer_first","markdown","test_set_2",0,1,0,100,100,100,0,"#DIV/0!",0,0,0,0,0,0,0,0,0,0,0,100
"llama3","seed_989","trained","all_domains_10_samples",10,"temp_06","zero_shot","structured","fact_first","markdown","test_set_1",0.49,0.51,0.48,0,6,99,49,0.49,51,48,0.57,0.36,0.85,0.47,0.57,0.46,0.19,45,1,5
"llama2","seed_989","trained","all_domains_1_samples",1,"temp_025","zero_shot","structured","fact_first","markdown","test_set_2",0.07,0.93,0,86,100,100,7,0.5,7,0,0,0,0,0,0,0,0,0,7,93
"llama2","seed_206","trained","all_domains_20_samples",20,"greedy","few_shot","unstructured","fact_first","number_list","test_set_1",0.29,0.71,0.27,7,6,99,29,0.31,64,27,0.21,0.29,0.54,0.07,0.43,0.23,0.19,66,2,4
"llama3","seed_989","trained","all_domains_20_samples",20,"greedy","few_shot","unstructured","answer_first","number_list","test_set_1",0.49,0.51,0.45,2,8,99,49,0.5,49,45,0.5,0.36,0.54,0.67,0.36,0.46,0.31,46,4,4
"llama2","seed_206","trained","all_domains_10_samples",10,"temp_025","zero_shot","unstructured","answer_first","markdown","test_set_2",0.29,0.71,0.26,0,15,100,29,0.29,71,26,0.43,0.4,0.14,0.33,0.2,0.14,0.15,59,3,12
"llama2","seed_206","trained","all_domains_20_samples",20,"greedy","zero_shot","structured","fact_first","number_list","test_set_1",0.33,0.67,0.28,0,11,99,33,0.33,67,28,0.29,0.29,0.38,0.07,0.36,0.31,0.31,60,5,6
"llama2","seed_206","trained","all_domains_1_samples",1,"temp_06","few_shot","structured","answer_first","markdown","test_set_2",0.12,0.88,0.07,34,55,100,12,0.18,54,7,0,0.2,0.14,0,0,0.14,0,38,5,50
"llama3","seed_989","trained","all_domains_10_samples",10,"greedy","few_shot","unstructured","answer_first","markdown","test_set_2",0.61,0.39,0.56,0,8,100,61,0.61,39,56,0.57,0.33,0.79,0.47,0.33,0.93,0.54,36,5,3
"llama2","seed_989","trained","all_domains_10_samples",10,"temp_025","few_shot","unstructured","fact_first","number_list","test_set_2",0.31,0.69,0.26,2,12,100,31,0.32,67,26,0.29,0.2,0.36,0.33,0.13,0.29,0.23,62,5,7
"llama2","seed_206","trained","all_domains_20_samples",20,"temp_06","few_shot","unstructured","answer_first","number_list","test_set_1",0.37,0.63,0.35,1,9,99,37,0.37,62,35,0.29,0.5,0.31,0.2,0.5,0.46,0.25,55,2,7
"llama2","seed_206","trained","all_domains_1_samples",1,"temp_06","few_shot","unstructured","fact_first","markdown","test_set_2",0.26,0.74,0.12,8,53,100,26,0.28,66,12,0.21,0.4,0.07,0.07,0,0.07,0,35,14,39
"llama2","seed_206","trained","all_domains_10_samples",10,"greedy","zero_shot","structured","answer_first","markdown","test_set_2",0.31,0.69,0.27,0,12,100,31,0.31,69,27,0.36,0.33,0.36,0.4,0.13,0.14,0.15,61,4,8
"llama2","seed_989","untrained","all_domains_0_samples",0,"temp_06","zero_shot","structured","answer_first","markdown","test_set_2",0,1,0,100,100,100,0,"#DIV/0!",0,0,0,0,0,0,0,0,0,0,0,100
"llama2","seed_989","trained","all_domains_10_samples",10,"temp_025","zero_shot","structured","fact_first","markdown","test_set_1",0.35,0.65,0.33,2,12,99,35,0.36,63,33,0.21,0.36,0.23,0.4,0.29,0.46,0.38,54,2,10
"llama3","seed_206","trained","all_domains_20_samples",20,"greedy","few_shot","structured","fact_first","number_list","test_set_1",0.52,0.48,0.49,0,6,99,51,0.51,49,49,0.64,0.43,0.85,0.53,0.5,0.46,0.13,44,2,4
"llama3","seed_206","trained","all_domains_20_samples",20,"greedy","few_shot","unstructured","fact_first","number_list","test_set_1",0.45,0.55,0.43,1,5,99,45,0.45,54,43,0.36,0.43,0.54,0.47,0.57,0.38,0.31,51,2,3
"llama3","seed_206","trained","all_domains_10_samples",10,"temp_06","zero_shot","structured","answer_first","markdown","test_set_2",0.57,0.43,0.46,2,15,100,57,0.58,41,46,0.57,0.33,0.29,0.33,0.4,0.79,0.54,39,11,4
"llama3","seed_989","trained","all_domains_20_samples",20,"greedy","few_shot","structured","answer_first","number_list","test_set_1",0.49,0.51,0.46,0,7,99,49,0.49,51,46,0.71,0.29,0.46,0.6,0.43,0.38,0.38,46,3,4
"llama3","seed_206","trained","all_domains_10_samples",10,"greedy","zero_shot","unstructured","fact_first","markdown","test_set_2",0.47,0.53,0.4,4,16,100,47,0.49,49,40,0.57,0.2,0.29,0.4,0.33,0.57,0.46,44,7,9
"llama3","seed_206","trained","all_domains_10_samples",10,"temp_06","zero_shot","unstructured","answer_first","markdown","test_set_2",0.52,0.48,0.43,0,12,100,52,0.52,48,43,0.5,0.33,0.29,0.47,0.4,0.64,0.38,45,9,3
"llama2","seed_206","trained","all_domains_10_samples",10,"temp_025","few_shot","structured","answer_first","number_list","test_set_2",0.33,0.67,0.27,0,15,100,33,0.33,67,27,0.21,0.4,0.29,0.33,0.13,0.29,0.23,58,6,9
"llama2","seed_206","untrained","all_domains_0_samples",0,"temp_06","few_shot","structured","answer_first","number_list","test_set_2",0.29,0.71,0.24,0,24,100,29,0.29,71,24,0.14,0.4,0.36,0.13,0.13,0.29,0.23,52,5,19
"llama2","seed_206","trained","all_domains_20_samples",20,"greedy","few_shot","structured","fact_first","number_list","test_set_1",0.41,0.59,0.38,0,10,99,41,0.41,59,38,0.29,0.36,0.46,0.4,0.43,0.23,0.5,51,3,7
"llama3","seed_989","trained","all_domains_20_samples",20,"greedy","zero_shot","unstructured","answer_first","number_list","test_set_1",0.56,0.44,0.52,0,6,99,55,0.55,45,51,0.57,0.43,0.54,0.8,0.5,0.46,0.31,42,4,2
"llama3","seed_989","trained","all_domains_10_samples",10,"temp_06","few_shot","structured","fact_first","markdown","test_set_1",0.6,0.4,0.55,1,10,99,59,0.6,40,54,0.64,0.57,0.69,0.33,0.57,0.62,0.44,35,5,5
"llama2","seed_989","trained","all_domains_20_samples",20,"greedy","zero_shot","structured","answer_first","number_list","test_set_1",0.33,0.67,0.31,0,10,99,33,0.33,67,31,0.14,0.29,0.23,0.27,0.43,0.38,0.44,58,2,8
"llama2","seed_989","trained","all_domains_10_samples",10,"temp_06","zero_shot","unstructured","fact_first","markdown","test_set_1",0.33,0.67,0.3,0,10,99,33,0.33,67,30,0.21,0.29,0.46,0.13,0.5,0.31,0.25,59,3,7
"llama2","seed_206","untrained","all_domains_0_samples",0,"temp_06","few_shot","unstructured","answer_first","markdown","test_set_2",0.26,0.74,0.12,0,50,100,26,0.26,74,12,0.14,0.07,0.29,0,0.2,0.14,0,38,14,36
"llama3","seed_989","trained","all_domains_20_samples",20,"greedy","zero_shot","structured","answer_first","number_list","test_set_1",0.48,0.52,0.44,0,9,99,48,0.48,52,44,0.57,0.29,0.46,0.47,0.36,0.54,0.44,46,4,5
"llama2","seed_989","untrained","all_domains_0_samples",0,"temp_025","few_shot","unstructured","answer_first","number_list","test_set_2",0.32,0.68,0.2,0,26,100,32,0.32,68,20,0.14,0.2,0.5,0.07,0.2,0.21,0.08,54,12,14
"llama3","seed_206","trained","all_domains_10_samples",10,"temp_025","few_shot","unstructured","fact_first","markdown","test_set_2",0.62,0.38,0.53,0,12,100,62,0.62,38,53,0.71,0.4,0.64,0.53,0.2,0.64,0.62,35,9,3
"llama2","seed_206","trained","all_domains_1_samples",1,"temp_06","few_shot","structured","fact_first","markdown","test_set_2",0.16,0.84,0.09,27,59,100,16,0.22,57,9,0.36,0.13,0.07,0.07,0,0,0,32,7,52
"llama2","seed_989","untrained","all_domains_0_samples",0,"temp_025","zero_shot","structured","fact_first","markdown","test_set_2",0,1,0,100,100,100,0,"#DIV/0!",0,0,0,0,0,0,0,0,0,0,0,100
"llama3","seed_206","trained","all_domains_20_samples",20,"greedy","zero_shot","unstructured","fact_first","number_list","test_set_1",0.58,0.42,0.55,0,5,99,57,0.57,43,54,0.5,0.5,0.69,0.6,0.64,0.38,0.5,40,3,2
"llama2","seed_206","trained","all_domains_20_samples",20,"greedy","zero_shot","unstructured","fact_first","number_list","test_set_1",0.42,0.58,0.41,1,9,99,42,0.42,57,41,0.36,0.43,0.54,0.4,0.36,0.38,0.44,49,1,8
"llama2","seed_206","untrained","all_domains_0_samples",0,"temp_06","few_shot","structured","fact_first","number_list","test_set_2",0.33,0.67,0.21,4,29,100,33,0.34,63,21,0.29,0.2,0.29,0.13,0.13,0.29,0.15,50,12,17
"llama2","seed_206","trained","all_domains_20_samples",20,"temp_06","zero_shot","unstructured","answer_first","number_list","test_set_1",0.37,0.63,0.35,0,12,99,37,0.37,63,35,0.29,0.36,0.38,0.2,0.36,0.31,0.56,52,2,10
"llama3","seed_206","trained","all_domains_20_samples",20,"greedy","zero_shot","structured","fact_first","number_list","test_set_1",0.53,0.47,0.27,0,46,99,52,0.52,48,27,0.29,0.36,0.15,0.6,0.14,0.15,0.19,26,25,21
"llama2","seed_989","trained","all_domains_1_samples",1,"temp_06","zero_shot","unstructured","fact_first","markdown","test_set_2",0.06,0.94,0,79,100,100,6,0.29,15,0,0,0,0,0,0,0,0,0,6,94
"llama3","seed_989","trained","all_domains_20_samples",20,"temp_025","few_shot","unstructured","answer_first","number_list","test_set_1",0.48,0.52,0.44,2,8,99,48,0.49,50,44,0.5,0.36,0.54,0.67,0.36,0.46,0.25,47,4,4
"llama3","seed_989","trained","all_domains_10_samples",10,"temp_025","few_shot","unstructured","answer_first","markdown","test_set_2",0.61,0.39,0.56,0,8,100,61,0.61,39,56,0.57,0.33,0.79,0.47,0.33,0.93,0.54,36,5,3
"llama3","seed_206","trained","all_domains_10_samples",10,"greedy","zero_shot","structured","fact_first","markdown","test_set_2",0.53,0.47,0.45,0,16,100,53,0.53,47,45,0.36,0.47,0.43,0.27,0.4,0.79,0.46,39,8,8
"llama2","seed_989","trained","all_domains_10_samples",10,"greedy","few_shot","unstructured","answer_first","markdown","test_set_2",0.33,0.67,0.3,0,13,100,33,0.33,67,30,0.21,0.33,0.57,0.07,0.33,0.36,0.23,57,3,10
"llama2","seed_989","trained","all_domains_10_samples",10,"temp_06","few_shot","unstructured","answer_first","number_list","test_set_2",0.3,0.7,0.23,0,16,100,30,0.3,70,23,0.21,0.33,0.14,0.27,0.07,0.43,0.15,61,7,9
"llama3","seed_206","trained","all_domains_20_samples",20,"temp_025","few_shot","unstructured","fact_first","number_list","test_set_1",0.45,0.55,0.43,2,4,99,45,0.46,53,43,0.36,0.36,0.69,0.47,0.36,0.46,0.38,52,2,2
"llama2","seed_989","trained","all_domains_10_samples",10,"temp_025","few_shot","unstructured","fact_first","markdown","test_set_1",0.24,0.76,0.23,14,13,99,24,0.28,62,23,0.14,0.36,0.38,0.27,0.21,0.15,0.13,63,1,12
"llama2","seed_989","untrained","all_domains_0_samples",0,"temp_025","few_shot","unstructured","fact_first","number_list","test_set_2",0.19,0.81,0.13,32,25,100,19,0.28,49,13,0.29,0.2,0.21,0.13,0,0.07,0,62,6,19
"llama2","seed_206","untrained","all_domains_0_samples",0,"temp_06","few_shot","structured","answer_first","markdown","test_set_2",0.25,0.75,0.15,0,41,100,25,0.25,75,15,0.21,0.2,0.14,0.13,0,0.21,0.15,44,10,31
"llama3","seed_206","trained","all_domains_10_samples",10,"temp_025","zero_shot","unstructured","fact_first","markdown","test_set_2",0.47,0.53,0.41,6,17,100,47,0.5,47,41,0.57,0.33,0.36,0.4,0.33,0.57,0.31,42,6,11
"llama2","seed_989","trained","all_domains_1_samples",1,"greedy","few_shot","unstructured","answer_first","number_list","test_set_2",0.33,0.67,0.26,0,26,100,33,0.33,67,26,0.43,0.4,0.5,0.07,0,0.14,0.31,48,7,19
"llama3","seed_989","trained","all_domains_10_samples",10,"greedy","zero_shot","structured","answer_first","markdown","test_set_2",0.56,0.44,0.48,2,12,100,56,0.57,42,48,0.5,0.33,0.43,0.4,0.4,0.79,0.54,40,8,4
"llama2","seed_206","trained","all_domains_10_samples",10,"greedy","zero_shot","unstructured","fact_first","markdown","test_set_2",0.32,0.68,0.27,2,12,100,32,0.33,66,27,0.36,0.4,0.36,0.2,0.2,0.29,0.08,61,5,7
"llama2","seed_206","trained","all_domains_10_samples",10,"temp_025","few_shot","structured","fact_first","number_list","test_set_2",0.4,0.6,0.35,2,14,100,40,0.41,58,35,0.5,0.4,0.43,0.2,0.27,0.36,0.31,51,5,9
"llama2","seed_206","trained","all_domains_10_samples",10,"temp_06","zero_shot","unstructured","answer_first","markdown","test_set_2",0.26,0.74,0.23,0,15,100,26,0.26,74,23,0.43,0.33,0.14,0.33,0.13,0.07,0.15,62,3,12
"llama3","seed_989","trained","all_domains_20_samples",20,"temp_025","zero_shot","unstructured","answer_first","number_list","test_set_1",0.56,0.44,0.52,0,6,99,55,0.55,45,51,0.57,0.43,0.54,0.8,0.5,0.46,0.31,42,4,2
"llama2","seed_206","untrained","all_domains_0_samples",0,"temp_06","few_shot","unstructured","fact_first","markdown","test_set_2",0.26,0.74,0.13,5,50,100,26,0.27,69,13,0.29,0.07,0.36,0.07,0,0.14,0,37,13,37
"llama3","seed_206","trained","all_domains_20_samples",20,"temp_025","few_shot","structured","fact_first","number_list","test_set_1",0.59,0.41,0.53,0,7,99,58,0.58,42,52,0.57,0.36,0.77,0.67,0.64,0.54,0.19,40,6,1
"llama3","seed_989","trained","all_domains_10_samples",10,"greedy","zero_shot","unstructured","answer_first","markdown","test_set_2",0.52,0.48,0.43,0,12,100,52,0.52,48,43,0.5,0.27,0.29,0.47,0.4,0.64,0.46,45,9,3
"llama2","seed_989","untrained","all_domains_0_samples",0,"temp_06","zero_shot","unstructured","fact_first","markdown","test_set_2",0,1,0,100,100,100,0,"#DIV/0!",0,0,0,0,0,0,0,0,0,0,0,100
"llama3","seed_989","trained","all_domains_20_samples",20,"temp_025","few_shot","structured","answer_first","number_list","test_set_1",0.51,0.49,0.47,0,7,99,50,0.5,50,47,0.71,0.29,0.46,0.67,0.43,0.38,0.38,45,3,4
"llama2","seed_989","trained","all_domains_1_samples",1,"greedy","few_shot","unstructured","fact_first","number_list","test_set_2",0.12,0.88,0.12,44,24,100,12,0.21,44,12,0.14,0.33,0.07,0.2,0,0.07,0,64,0,24
"llama2","seed_206","trained","all_domains_20_samples",20,"temp_025","zero_shot","structured","fact_first","number_list","test_set_1",0.39,0.61,0.34,0,11,99,39,0.39,61,34,0.29,0.29,0.38,0.2,0.5,0.23,0.5,54,5,6
"llama2","seed_989","trained","all_domains_10_samples",10,"greedy","few_shot","structured","fact_first","markdown","test_set_1",0.24,0.76,0.2,5,13,99,24,0.25,71,20,0,0.21,0.15,0.13,0.29,0.23,0.38,66,4,9
"llama3","seed_989","trained","all_domains_20_samples",20,"temp_025","zero_shot","structured","answer_first","number_list","test_set_1",0.47,0.53,0.43,0,9,99,47,0.47,53,43,0.57,0.29,0.46,0.4,0.36,0.54,0.44,47,4,5
"llama2","seed_206","trained","all_domains_20_samples",20,"temp_025","few_shot","unstructured","fact_first","number_list","test_set_1",0.3,0.7,0.27,3,7,99,30,0.31,67,27,0.29,0.21,0.46,0.27,0.36,0.23,0.13,65,3,4
"llama3","seed_206","trained","all_domains_10_samples",10,"temp_06","few_shot","unstructured","fact_first","markdown","test_set_2",0.62,0.38,0.53,0,12,100,62,0.62,38,53,0.71,0.47,0.5,0.47,0.27,0.79,0.54,35,9,3
"llama2","seed_989","trained","all_domains_10_samples",10,"temp_06","zero_shot","structured","fact_first","markdown","test_set_1",0.4,0.6,0.38,3,10,99,40,0.41,57,38,0.43,0.21,0.31,0.33,0.57,0.38,0.44,51,2,8
"llama2","seed_989","trained","all_domains_1_samples",1,"greedy","few_shot","structured","answer_first","number_list","test_set_2",0.36,0.64,0.27,0,31,100,36,0.36,64,27,0.29,0.4,0.64,0,0.07,0.21,0.31,42,9,22
"llama3","seed_206","trained","all_domains_20_samples",20,"temp_025","zero_shot","unstructured","fact_first","number_list","test_set_1",0.57,0.43,0.55,0,5,99,56,0.56,44,54,0.57,0.36,0.69,0.67,0.64,0.38,0.5,40,2,3
"llama2","seed_989","trained","all_domains_10_samples",10,"temp_06","few_shot","unstructured","fact_first","number_list","test_set_2",0.32,0.68,0.27,2,12,100,32,0.33,66,27,0.36,0.53,0.29,0.27,0,0.29,0.15,61,5,7
"llama3","seed_206","trained","all_domains_10_samples",10,"greedy","few_shot","structured","fact_first","markdown","test_set_2",0.56,0.44,0.46,0,16,100,56,0.56,44,46,0.79,0.4,0.21,0.33,0.47,0.5,0.54,38,10,6
"llama2","seed_206","trained","all_domains_10_samples",10,"temp_025","zero_shot","structured","answer_first","markdown","test_set_2",0.32,0.68,0.28,0,10,100,32,0.32,68,28,0.43,0.33,0.36,0.33,0.13,0.21,0.15,62,4,6
"llama2","seed_989","trained","all_domains_20_samples",20,"greedy","few_shot","unstructured","answer_first","number_list","test_set_1",0.34,0.66,0.33,0,9,99,34,0.34,66,33,0.21,0.43,0.38,0.2,0.5,0.38,0.25,57,1,8
"llama2","seed_989","trained","all_domains_1_samples",1,"temp_06","zero_shot","structured","fact_first","markdown","test_set_2",0.08,0.92,0,61,100,100,8,0.21,31,0,0,0,0,0,0,0,0,0,8,92
"llama2","seed_989","trained","all_domains_1_samples",1,"greedy","few_shot","unstructured","answer_first","markdown","test_set_2",0.3,0.7,0.21,0,31,100,30,0.3,70,21,0.36,0.4,0.43,0.07,0.07,0,0.15,48,9,22
"llama2","seed_206","trained","all_domains_20_samples",20,"temp_06","few_shot","structured","answer_first","number_list","test_set_1",0.32,0.68,0.28,4,13,99,32,0.33,64,28,0.21,0.36,0.38,0.13,0.36,0.15,0.38,58,4,9
"llama2","seed_989","trained","all_domains_20_samples",20,"temp_025","zero_shot","structured","answer_first","number_list","test_set_1",0.35,0.65,0.33,0,9,99,35,0.35,65,33,0.14,0.43,0.23,0.33,0.43,0.38,0.38,57,2,7
"llama3","seed_989","trained","all_domains_20_samples",20,"temp_06","few_shot","unstructured","answer_first","number_list","test_set_1",0.53,0.47,0.47,1,8,99,52,0.53,47,47,0.5,0.29,0.54,0.67,0.5,0.46,0.38,44,5,3
"llama3","seed_989","trained","all_domains_10_samples",10,"temp_06","few_shot","unstructured","answer_first","markdown","test_set_2",0.61,0.39,0.56,0,8,100,61,0.61,39,56,0.57,0.33,0.79,0.4,0.4,0.93,0.54,36,5,3
"llama3","seed_206","trained","all_domains_20_samples",20,"temp_025","zero_shot","structured","fact_first","number_list","test_set_1",0.53,0.47,0.23,1,48,99,52,0.53,47,23,0.14,0.29,0.23,0.6,0.07,0.15,0.13,28,29,19
"llama2","seed_206","untrained","all_domains_0_samples",0,"temp_06","few_shot","structured","fact_first","markdown","test_set_2",0.25,0.75,0.13,1,42,100,25,0.25,74,13,0.36,0.13,0.07,0.07,0,0.14,0.15,45,12,30
"llama2","seed_989","trained","all_domains_20_samples",20,"greedy","zero_shot","unstructured","answer_first","number_list","test_set_1",0.39,0.61,0.38,0,11,99,39,0.39,61,38,0.21,0.43,0.38,0.27,0.43,0.38,0.56,50,1,10
"llama2","seed_989","trained","all_domains_1_samples",1,"greedy","few_shot","structured","fact_first","number_list","test_set_2",0.28,0.72,0.16,5,35,100,28,0.29,67,16,0.29,0.2,0.36,0,0.07,0.14,0.08,49,12,23
"llama3","seed_206","trained","all_domains_20_samples",20,"temp_06","few_shot","unstructured","fact_first","number_list","test_set_1",0.47,0.53,0.45,2,3,99,47,0.48,51,45,0.43,0.29,0.69,0.53,0.57,0.38,0.31,51,2,1
"llama3","seed_206","trained","all_domains_10_samples",10,"temp_025","zero_shot","structured","fact_first","markdown","test_set_2",0.58,0.42,0.48,0,16,100,58,0.58,42,48,0.57,0.47,0.43,0.4,0.4,0.71,0.38,36,10,6
"llama3","seed_206","trained","all_domains_10_samples",10,"temp_06","zero_shot","unstructured","fact_first","markdown","test_set_2",0.52,0.48,0.43,6,18,100,52,0.55,42,43,0.5,0.33,0.43,0.53,0.27,0.64,0.31,39,9,9
"llama3","seed_989","trained","all_domains_20_samples",20,"temp_06","zero_shot","unstructured","answer_first","number_list","test_set_1",0.54,0.46,0.51,0,6,99,53,0.53,47,50,0.64,0.29,0.54,0.73,0.5,0.54,0.31,43,3,3
"llama2","seed_989","untrained","all_domains_0_samples",0,"greedy","few_shot","unstructured","answer_first","markdown","test_set_2",0.27,0.73,0.16,0,34,100,27,0.27,73,16,0.43,0.33,0.29,0,0.07,0,0,50,11,23
"llama2","seed_989","trained","all_domains_10_samples",10,"greedy","zero_shot","unstructured","answer_first","markdown","test_set_2",0.3,0.7,0.27,0,15,100,30,0.3,70,27,0.43,0.33,0.14,0.4,0.27,0.14,0.15,58,3,12
"llama2","seed_206","trained","all_domains_20_samples",20,"temp_025","zero_shot","unstructured","fact_first","number_list","test_set_1",0.38,0.62,0.37,1,8,99,38,0.38,61,37,0.43,0.29,0.54,0.33,0.43,0.38,0.25,54,1,7
"llama2","seed_989","untrained","all_domains_0_samples",0,"temp_06","few_shot","unstructured","answer_first","number_list","test_set_2",0.25,0.75,0.17,0,34,100,25,0.25,75,17,0.14,0.2,0.43,0.13,0.2,0.07,0,49,8,26
"llama3","seed_989","trained","all_domains_10_samples",10,"temp_025","zero_shot","structured","answer_first","markdown","test_set_2",0.56,0.44,0.45,3,16,100,56,0.58,41,45,0.5,0.27,0.43,0.33,0.33,0.79,0.54,39,11,5
"llama3","seed_989","trained","all_domains_10_samples",10,"temp_025","zero_shot","unstructured","answer_first","markdown","test_set_2",0.52,0.48,0.43,0,12,100,52,0.52,48,43,0.5,0.27,0.29,0.47,0.4,0.64,0.46,45,9,3
"llama2","seed_989","untrained","all_domains_0_samples",0,"temp_06","zero_shot","structured","fact_first","markdown","test_set_2",0,1,0,100,100,100,0,"#DIV/0!",0,0,0,0,0,0,0,0,0,0,0,100
"llama3","seed_206","trained","all_domains_20_samples",20,"temp_06","zero_shot","unstructured","fact_first","number_list","test_set_1",0.6,0.4,0.56,0,5,99,59,0.59,41,55,0.5,0.5,0.69,0.6,0.71,0.38,0.5,39,4,1
"llama2","seed_989","trained","all_domains_1_samples",1,"greedy","few_shot","structured","answer_first","markdown","test_set_2",0.29,0.71,0.19,0,33,100,29,0.29,71,19,0.36,0.33,0.29,0.07,0.07,0.14,0.08,48,10,23
"llama3","seed_206","trained","all_domains_20_samples",20,"temp_06","few_shot","structured","fact_first","number_list","test_set_1",0.54,0.46,0.48,0,9,99,53,0.53,47,48,0.57,0.43,0.69,0.4,0.71,0.38,0.25,42,5,4
"llama3","seed_989","trained","all_domains_20_samples",20,"temp_06","few_shot","structured","answer_first","number_list","test_set_1",0.51,0.49,0.48,0,6,99,50,0.5,50,48,0.71,0.29,0.54,0.67,0.43,0.38,0.38,45,2,4
"llama2","seed_989","trained","all_domains_1_samples",1,"greedy","few_shot","unstructured","fact_first","markdown","test_set_2",0.21,0.79,0.12,43,40,100,21,0.37,36,12,0.21,0.2,0.21,0.13,0,0.07,0,48,9,31
"llama3","seed_989","trained","all_domains_10_samples",10,"greedy","few_shot","unstructured","fact_first","markdown","test_set_2",0.61,0.39,0.53,1,12,100,61,0.62,38,53,0.71,0.4,0.64,0.47,0.27,0.64,0.62,35,8,4
"llama3","seed_989","trained","all_domains_20_samples",20,"temp_06","zero_shot","structured","answer_first","number_list","test_set_1",0.45,0.55,0.42,0,7,99,45,0.45,55,42,0.57,0.29,0.46,0.33,0.43,0.54,0.38,50,3,4
"llama2","seed_206","trained","all_domains_10_samples",10,"temp_025","zero_shot","unstructured","fact_first","markdown","test_set_2",0.29,0.71,0.25,0,12,100,29,0.29,71,25,0.29,0.33,0.36,0.07,0.2,0.36,0.15,63,4,8
"llama3","seed_206","trained","all_domains_20_samples",20,"greedy","few_shot","unstructured","answer_first","number_list","test_set_2",0.56,0.44,0.51,1,11,100,56,0.57,43,51,0.5,0.27,0.5,0.6,0.4,0.79,0.54,38,5,6
"llama2","seed_206","trained","all_domains_20_samples",20,"temp_06","zero_shot","structured","fact_first","number_list","test_set_1",0.41,0.59,0.36,0,12,99,41,0.41,59,36,0.36,0.5,0.38,0.13,0.36,0.54,0.31,51,5,7
"llama2","seed_989","trained","all_domains_10_samples",10,"temp_025","few_shot","unstructured","answer_first","markdown","test_set_2",0.34,0.66,0.3,0,13,100,34,0.34,66,30,0.21,0.27,0.57,0.07,0.33,0.43,0.23,57,4,9
"llama2","seed_206","trained","all_domains_20_samples",20,"temp_025","few_shot","structured","fact_first","number_list","test_set_1",0.38,0.62,0.33,1,11,99,38,0.38,61,33,0.21,0.29,0.46,0.2,0.43,0.23,0.5,55,5,6
"llama2","seed_989","untrained","all_domains_0_samples",0,"greedy","few_shot","structured","answer_first","number_list","test_set_2",0.28,0.72,0.19,0,24,100,28,0.28,72,19,0.29,0.33,0.43,0,0,0.14,0.15,57,9,15
"llama2","seed_206","trained","all_domains_10_samples",10,"temp_06","few_shot","structured","answer_first","number_list","test_set_2",0.3,0.7,0.25,0,17,100,30,0.3,70,25,0.21,0.33,0.29,0.33,0.07,0.29,0.23,58,5,12
"llama2","seed_206","trained","all_domains_10_samples",10,"greedy","zero_shot","structured","fact_first","markdown","test_set_2",0.34,0.66,0.29,0,12,100,34,0.34,66,29,0.36,0.33,0.29,0.27,0.13,0.36,0.31,59,5,7
"llama2","seed_989","untrained","all_domains_0_samples",0,"temp_06","few_shot","unstructured","fact_first","number_list","test_set_2",0.29,0.71,0.19,9,38,100,29,0.32,62,19,0.29,0.27,0.29,0.13,0,0.29,0.08,43,10,28
"llama3","seed_206","trained","all_domains_10_samples",10,"temp_025","few_shot","structured","fact_first","markdown","test_set_2",0.56,0.44,0.45,0,15,100,56,0.56,44,45,0.71,0.27,0.21,0.47,0.47,0.57,0.46,40,11,4
"llama3","seed_989","trained","all_domains_20_samples",20,"greedy","few_shot","unstructured","fact_first","number_list","test_set_1",0.45,0.55,0.43,1,5,99,45,0.45,54,43,0.36,0.43,0.54,0.47,0.57,0.38,0.31,51,2,3
"llama2","seed_989","trained","all_domains_10_samples",10,"temp_06","few_shot","unstructured","fact_first","markdown","test_set_1",0.23,0.77,0.21,19,13,99,23,0.28,58,21,0.21,0.21,0.31,0.27,0.29,0.15,0.06,65,2,11
"llama3","seed_206","trained","all_domains_20_samples",20,"temp_06","zero_shot","structured","fact_first","number_list","test_set_1",0.49,0.51,0.3,1,41,99,49,0.49,50,30,0.36,0.29,0.23,0.53,0.14,0.38,0.19,28,19,22
"llama3","seed_206","trained","all_domains_20_samples",20,"greedy","zero_shot","unstructured","answer_first","number_list","test_set_2",0.55,0.45,0.5,0,7,100,55,0.55,45,50,0.5,0.2,0.64,0.47,0.53,0.57,0.62,43,5,2
"llama2","seed_989","trained","all_domains_20_samples",20,"temp_06","zero_shot","structured","answer_first","number_list","test_set_1",0.39,0.61,0.37,0,11,99,39,0.39,61,37,0.29,0.36,0.31,0.2,0.5,0.54,0.44,51,2,9
"llama3","seed_989","trained","all_domains_10_samples",10,"greedy","zero_shot","unstructured","fact_first","markdown","test_set_2",0.47,0.53,0.4,4,16,100,47,0.49,49,40,0.57,0.2,0.29,0.4,0.33,0.57,0.46,44,7,9
"llama3","seed_206","trained","all_domains_10_samples",10,"temp_06","zero_shot","structured","fact_first","markdown","test_set_2",0.51,0.49,0.42,0,17,100,51,0.51,49,42,0.43,0.4,0.29,0.33,0.47,0.71,0.31,41,9,8
"llama2","seed_206","trained","all_domains_20_samples",20,"temp_06","few_shot","unstructured","fact_first","number_list","test_set_1",0.28,0.72,0.27,2,6,99,28,0.29,70,27,0.14,0.29,0.15,0.4,0.43,0.15,0.31,66,1,5
"llama2","seed_989","trained","all_domains_1_samples",1,"greedy","few_shot","structured","fact_first","markdown","test_set_2",0.32,0.68,0.22,2,37,100,32,0.33,66,22,0.43,0.27,0.36,0.07,0.07,0.21,0.15,41,10,27
"llama2","seed_206","trained","all_domains_10_samples",10,"temp_06","zero_shot","structured","answer_first","markdown","test_set_2",0.36,0.64,0.34,0,10,100,36,0.36,64,34,0.57,0.27,0.43,0.47,0.2,0.29,0.15,56,2,8
"llama2","seed_989","untrained","all_domains_0_samples",0,"greedy","few_shot","structured","fact_first","number_list","test_set_2",0.32,0.68,0.21,2,25,100,32,0.33,66,21,0.36,0.4,0.36,0.07,0,0.14,0.15,54,11,14
"llama3","seed_989","trained","all_domains_20_samples",20,"greedy","zero_shot","unstructured","fact_first","number_list","test_set_1",0.58,0.42,0.55,0,5,99,57,0.57,43,54,0.5,0.5,0.69,0.6,0.64,0.38,0.5,40,3,2
"llama2","seed_206","trained","all_domains_20_samples",20,"greedy","few_shot","structured","answer_first","markdown","test_set_1",0.37,0.63,0.34,0,8,99,37,0.37,63,34,0.21,0.5,0.38,0.2,0.43,0.23,0.44,57,3,5
"llama3","seed_989","trained","all_domains_10_samples",10,"temp_06","zero_shot","unstructured","answer_first","markdown","test_set_2",0.52,0.48,0.42,0,13,100,52,0.52,48,42,0.5,0.27,0.21,0.47,0.4,0.64,0.46,45,10,3
"llama3","seed_989","trained","all_domains_10_samples",10,"temp_06","zero_shot","structured","answer_first","markdown","test_set_2",0.56,0.44,0.46,2,15,100,56,0.57,42,46,0.5,0.27,0.43,0.4,0.33,0.79,0.54,39,10,5
"llama2","seed_989","trained","all_domains_20_samples",20,"temp_025","few_shot","unstructured","answer_first","number_list","test_set_1",0.36,0.64,0.33,0,9,99,36,0.36,64,33,0.21,0.43,0.38,0.13,0.5,0.38,0.31,57,3,6
"llama3","seed_989","trained","all_domains_10_samples",10,"temp_025","few_shot","unstructured","fact_first","markdown","test_set_2",0.64,0.36,0.55,0,12,100,64,0.64,36,55,0.86,0.4,0.79,0.27,0.27,0.57,0.77,33,9,3
"llama2","seed_989","trained","all_domains_20_samples",20,"temp_025","zero_shot","unstructured","answer_first","number_list","test_set_1",0.38,0.62,0.36,0,10,99,38,0.38,62,36,0.14,0.43,0.38,0.2,0.43,0.38,0.56,53,2,8
"llama2","seed_989","trained","all_domains_1_samples",1,"temp_025","few_shot","unstructured","answer_first","number_list","test_set_2",0.26,0.74,0.2,0,26,100,26,0.26,74,20,0.21,0.4,0.5,0,0.07,0.07,0.15,54,6,20
"llama3","seed_206","trained","all_domains_20_samples",20,"temp_025","few_shot","unstructured","answer_first","number_list","test_set_2",0.56,0.44,0.51,1,10,100,56,0.57,43,51,0.5,0.27,0.5,0.6,0.4,0.79,0.54,39,5,5
"llama3","seed_206","trained","all_domains_20_samples",20,"greedy","few_shot","structured","answer_first","number_list","test_set_2",0.57,0.43,0.51,0,11,100,57,0.57,43,51,0.57,0.4,0.36,0.47,0.4,0.71,0.69,38,6,5
"llama2","seed_989","trained","all_domains_10_samples",10,"temp_025","zero_shot","unstructured","answer_first","markdown","test_set_2",0.29,0.71,0.26,0,16,100,29,0.29,71,26,0.43,0.4,0.14,0.27,0.2,0.21,0.15,58,3,13
"llama3","seed_989","trained","all_domains_20_samples",20,"greedy","few_shot","structured","fact_first","number_list","test_set_1",0.52,0.48,0.49,0,6,99,51,0.51,49,49,0.64,0.43,0.85,0.53,0.5,0.46,0.13,44,2,4
"llama2","seed_206","trained","all_domains_20_samples",20,"temp_06","zero_shot","unstructured","fact_first","number_list","test_set_1",0.33,0.67,0.32,1,10,99,33,0.33,66,32,0.07,0.29,0.54,0.4,0.36,0.54,0.13,57,1,9
"llama2","seed_989","untrained","all_domains_0_samples",0,"greedy","few_shot","structured","answer_first","markdown","test_set_2",0.28,0.72,0.17,0,30,100,28,0.28,72,17,0.36,0.33,0.29,0.07,0.07,0,0.08,53,11,19
"llama3","seed_206","trained","all_domains_20_samples",20,"greedy","zero_shot","structured","answer_first","number_list","test_set_2",0.59,0.41,0.53,0,9,100,59,0.59,41,53,0.36,0.47,0.64,0.33,0.47,0.71,0.77,38,6,3
"llama2","seed_989","untrained","all_domains_0_samples",0,"greedy","few_shot","unstructured","fact_first","markdown","test_set_2",0.15,0.85,0.09,42,34,100,15,0.26,43,9,0.07,0.27,0.14,0,0,0.07,0.08,57,6,28
"llama2","seed_206","trained","all_domains_10_samples",10,"temp_06","few_shot","structured","fact_first","number_list","test_set_2",0.36,0.64,0.33,1,14,100,36,0.36,63,33,0.71,0.4,0.29,0.27,0.07,0.21,0.38,53,3,11
"llama2","seed_989","trained","all_domains_1_samples",1,"temp_025","few_shot","unstructured","fact_first","number_list","test_set_2",0.19,0.81,0.14,35,25,100,19,0.29,46,14,0.21,0.2,0.14,0.13,0.07,0.07,0.15,61,5,20
"llama3","seed_989","trained","all_domains_20_samples",20,"temp_025","few_shot","unstructured","fact_first","number_list","test_set_1",0.45,0.55,0.43,1,4,99,45,0.45,54,43,0.5,0.36,0.54,0.47,0.43,0.46,0.31,52,2,2
"llama2","seed_989","trained","all_domains_20_samples",20,"greedy","zero_shot","structured","fact_first","number_list","test_set_1",0.33,0.67,0.28,0,11,99,33,0.33,67,28,0.29,0.29,0.38,0.07,0.36,0.31,0.31,60,5,6
"llama2","seed_989","trained","all_domains_10_samples",10,"temp_025","few_shot","structured","fact_first","markdown","test_set_1",0.29,0.71,0.25,5,12,99,29,0.31,66,25,0.21,0.36,0.23,0.13,0.43,0.15,0.25,62,4,8
"llama2","seed_989","untrained","all_domains_0_samples",0,"temp_025","few_shot","unstructured","answer_first","markdown","test_set_2",0.27,0.73,0.16,0,35,100,27,0.27,73,16,0.21,0.33,0.43,0,0,0,0.15,49,11,24
"llama3","seed_206","trained","all_domains_20_samples",20,"temp_025","zero_shot","unstructured","answer_first","number_list","test_set_2",0.54,0.46,0.49,0,7,100,54,0.54,46,49,0.5,0.2,0.57,0.47,0.53,0.57,0.62,44,5,2
"llama2","seed_206","trained","all_domains_10_samples",10,"temp_06","zero_shot","unstructured","fact_first","markdown","test_set_2",0.31,0.69,0.25,3,14,100,31,0.32,66,25,0.5,0.2,0.29,0.07,0.33,0.21,0.15,61,6,8
"llama2","seed_989","trained","all_domains_1_samples",1,"temp_025","few_shot","structured","answer_first","number_list","test_set_2",0.29,0.71,0.2,4,31,100,29,0.3,67,20,0.36,0.27,0.57,0,0.07,0.07,0.08,49,9,22
"llama3","seed_989","trained","all_domains_10_samples",10,"temp_025","zero_shot","unstructured","fact_first","markdown","test_set_2",0.39,0.61,0.35,10,18,100,39,0.43,51,35,0.5,0.27,0.21,0.4,0.27,0.5,0.31,47,4,14
"llama3","seed_989","trained","all_domains_20_samples",20,"temp_025","zero_shot","unstructured","fact_first","number_list","test_set_1",0.58,0.42,0.54,2,5,99,57,0.58,41,53,0.43,0.43,0.69,0.6,0.71,0.38,0.5,41,4,1
"llama3","seed_989","trained","all_domains_20_samples",20,"greedy","zero_shot","structured","fact_first","number_list","test_set_1",0.53,0.47,0.27,0,46,99,52,0.52,48,27,0.29,0.36,0.15,0.6,0.14,0.15,0.19,26,25,21
"llama2","seed_989","trained","all_domains_1_samples",1,"temp_025","few_shot","unstructured","answer_first","markdown","test_set_2",0.32,0.68,0.2,1,35,100,32,0.32,67,20,0.21,0.47,0.36,0.07,0.07,0.14,0.08,45,12,23
"llama3","seed_206","trained","all_domains_10_samples",10,"temp_06","few_shot","structured","fact_first","markdown","test_set_2",0.58,0.42,0.46,0,16,100,58,0.58,42,46,0.71,0.4,0.21,0.33,0.47,0.64,0.46,38,12,4
"llama3","seed_989","trained","all_domains_10_samples",10,"greedy","zero_shot","structured","fact_first","markdown","test_set_2",0.53,0.47,0.45,0,16,100,53,0.53,47,45,0.36,0.47,0.43,0.27,0.4,0.79,0.46,39,8,8
"llama2","seed_989","trained","all_domains_20_samples",20,"greedy","few_shot","structured","answer_first","number_list","test_set_1",0.39,0.61,0.33,0,11,99,39,0.39,61,33,0.29,0.43,0.38,0.13,0.36,0.31,0.44,55,6,5
"llama3","seed_989","trained","all_domains_10_samples",10,"temp_06","few_shot","unstructured","fact_first","markdown","test_set_2",0.58,0.42,0.49,0,12,100,58,0.58,42,49,0.64,0.33,0.64,0.33,0.33,0.57,0.62,39,9,3
"llama2","seed_206","trained","all_domains_20_samples",20,"greedy","zero_shot","structured","answer_first","number_list","test_set_2",0.4,0.6,0.33,0,14,100,40,0.4,60,33,0.36,0.33,0.43,0.27,0.13,0.5,0.31,53,7,7
"llama2","seed_989","trained","all_domains_10_samples",10,"greedy","zero_shot","structured","answer_first","markdown","test_set_2",0.31,0.69,0.27,0,12,100,31,0.31,69,27,0.36,0.33,0.36,0.4,0.13,0.14,0.15,61,4,8
"llama2","seed_989","untrained","all_domains_0_samples",0,"greedy","few_shot","structured","fact_first","markdown","test_set_2",0.36,0.64,0.25,2,33,100,36,0.37,62,25,0.5,0.47,0.36,0.07,0.07,0.21,0.08,42,11,22
"llama2","seed_206","trained","all_domains_10_samples",10,"temp_025","zero_shot","structured","fact_first","markdown","test_set_2",0.32,0.68,0.29,1,13,100,32,0.32,67,29,0.14,0.4,0.29,0.4,0.2,0.29,0.31,58,3,10
"llama2","seed_989","trained","all_domains_1_samples",1,"temp_025","few_shot","structured","fact_first","number_list","test_set_2",0.35,0.65,0.22,6,36,100,35,0.37,59,22,0.36,0.2,0.57,0.07,0.07,0.14,0.15,42,13,23
"llama3","seed_206","trained","all_domains_20_samples",20,"temp_06","few_shot","unstructured","answer_first","number_list","test_set_2",0.54,0.46,0.49,3,13,100,54,0.56,43,49,0.43,0.27,0.5,0.6,0.33,0.79,0.54,38,5,8
"llama2","seed_989","trained","all_domains_10_samples",10,"temp_06","few_shot","unstructured","answer_first","markdown","test_set_2",0.33,0.67,0.29,0,14,100,33,0.33,67,29,0.29,0.27,0.5,0.13,0.27,0.29,0.31,57,4,10
"llama3","seed_206","trained","all_domains_20_samples",20,"greedy","zero_shot","structured","answer_first","markdown","test_set_1",0.52,0.48,0.51,0,6,99,51,0.51,49,50,0.71,0.36,0.54,0.53,0.43,0.69,0.31,43,1,5
"llama2","seed_206","trained","all_domains_10_samples",10,"greedy","few_shot","unstructured","fact_first","markdown","test_set_2",0.21,0.79,0.17,13,12,100,21,0.24,66,17,0.29,0.2,0.36,0.07,0.13,0.07,0.08,71,4,8
"llama2","seed_989","trained","all_domains_20_samples",20,"greedy","zero_shot","unstructured","fact_first","number_list","test_set_1",0.42,0.58,0.41,1,9,99,42,0.42,57,41,0.36,0.43,0.54,0.4,0.36,0.38,0.44,49,1,8
"llama3","seed_206","trained","all_domains_20_samples",20,"temp_025","zero_shot","structured","answer_first","number_list","test_set_2",0.58,0.42,0.51,0,10,100,58,0.58,42,51,0.36,0.47,0.57,0.33,0.4,0.71,0.77,39,7,3
"llama3","seed_206","trained","all_domains_20_samples",20,"temp_025","few_shot","structured","answer_first","number_list","test_set_2",0.58,0.42,0.52,0,11,100,58,0.58,42,52,0.57,0.4,0.43,0.47,0.47,0.64,0.69,37,6,5
"llama3","seed_989","trained","all_domains_20_samples",20,"temp_025","few_shot","structured","fact_first","number_list","test_set_1",0.51,0.49,0.47,0,7,99,50,0.5,50,47,0.5,0.36,0.69,0.4,0.71,0.46,0.25,45,3,4
"llama2","seed_989","trained","all_domains_20_samples",20,"greedy","few_shot","unstructured","fact_first","number_list","test_set_1",0.29,0.71,0.27,7,6,99,29,0.31,64,27,0.21,0.29,0.54,0.07,0.43,0.23,0.19,66,2,4
"llama3","seed_989","trained","all_domains_20_samples",20,"temp_06","few_shot","unstructured","fact_first","number_list","test_set_1",0.48,0.52,0.46,2,4,99,48,0.49,50,46,0.5,0.5,0.54,0.53,0.5,0.38,0.31,49,2,2
"llama2","seed_989","trained","all_domains_10_samples",10,"greedy","zero_shot","unstructured","fact_first","markdown","test_set_2",0.32,0.68,0.27,2,12,100,32,0.33,66,27,0.36,0.4,0.36,0.2,0.2,0.29,0.08,61,5,7
"llama2","seed_206","trained","all_domains_20_samples",20,"greedy","zero_shot","structured","answer_first","markdown","test_set_1",0.33,0.67,0.3,0,8,99,33,0.33,67,30,0.21,0.14,0.23,0.33,0.36,0.31,0.5,61,3,5
"llama2","seed_989","trained","all_domains_1_samples",1,"temp_025","few_shot","unstructured","fact_first","markdown","test_set_2",0.22,0.78,0.14,30,47,100,22,0.31,48,14,0.21,0.27,0.29,0.07,0,0.07,0.08,39,8,39
"llama3","seed_206","trained","all_domains_20_samples",20,"temp_06","zero_shot","unstructured","answer_first","number_list","test_set_2",0.54,0.46,0.5,0,6,100,54,0.54,46,50,0.5,0.2,0.57,0.53,0.53,0.57,0.62,44,4,2
"llama3","seed_989","trained","all_domains_20_samples",20,"temp_06","zero_shot","unstructured","fact_first","number_list","test_set_1",0.56,0.44,0.53,0,5,99,55,0.55,45,52,0.5,0.36,0.77,0.6,0.57,0.46,0.44,42,3,2
"llama2","seed_989","trained","all_domains_10_samples",10,"temp_06","zero_shot","unstructured","answer_first","markdown","test_set_2",0.28,0.72,0.23,0,14,100,28,0.28,72,23,0.5,0.33,0.14,0.27,0,0.21,0.15,63,5,9
"llama2","seed_989","trained","all_domains_1_samples",1,"temp_025","few_shot","structured","answer_first","markdown","test_set_2",0.25,0.75,0.16,8,42,100,25,0.27,67,16,0.14,0.33,0.21,0.13,0.07,0.21,0,42,9,33
"llama2","seed_989","trained","all_domains_20_samples",20,"temp_06","few_shot","unstructured","answer_first","number_list","test_set_1",0.42,0.58,0.39,0,9,99,42,0.42,58,39,0.21,0.43,0.38,0.4,0.5,0.31,0.5,51,3,6
"llama3","seed_989","trained","all_domains_10_samples",10,"temp_06","zero_shot","unstructured","fact_first","markdown","test_set_2",0.54,0.46,0.46,7,17,100,54,0.58,39,46,0.43,0.47,0.43,0.53,0.27,0.64,0.46,37,8,9
"llama2","seed_989","trained","all_domains_20_samples",20,"temp_06","zero_shot","unstructured","answer_first","number_list","test_set_1",0.38,0.62,0.36,0,10,99,38,0.38,62,36,0,0.43,0.46,0.27,0.43,0.46,0.5,53,2,8
"llama3","seed_989","trained","all_domains_20_samples",20,"temp_025","zero_shot","structured","fact_first","number_list","test_set_1",0.53,0.47,0.26,0,47,99,52,0.52,48,26,0.21,0.29,0.23,0.6,0.14,0.23,0.13,26,26,21
"llama2","seed_206","trained","all_domains_20_samples",20,"temp_06","few_shot","structured","fact_first","number_list","test_set_1",0.37,0.63,0.32,3,11,99,37,0.38,60,32,0.29,0.36,0.38,0.33,0.29,0.15,0.44,56,5,6
"llama2","seed_989","trained","all_domains_10_samples",10,"greedy","few_shot","structured","answer_first","number_list","test_set_2",0.32,0.68,0.26,0,15,100,32,0.32,68,26,0.29,0.4,0.29,0.2,0.13,0.21,0.31,59,6,9
"llama2","seed_989","untrained","all_domains_0_samples",0,"temp_025","few_shot","structured","answer_first","number_list","test_set_2",0.27,0.73,0.19,0,24,100,27,0.27,73,19,0.14,0.13,0.57,0.07,0.2,0.14,0.08,57,8,16
"llama3","seed_989","trained","all_domains_10_samples",10,"temp_025","zero_shot","structured","fact_first","markdown","test_set_2",0.56,0.44,0.48,0,16,100,56,0.56,44,48,0.5,0.53,0.43,0.4,0.47,0.64,0.38,36,8,8
"llama2","seed_989","trained","all_domains_20_samples",20,"temp_025","zero_shot","structured","fact_first","number_list","test_set_1",0.36,0.64,0.33,0,11,99,36,0.36,64,33,0.21,0.5,0.38,0.2,0.36,0.31,0.38,55,3,8
"llama2","seed_206","trained","all_domains_20_samples",20,"greedy","few_shot","unstructured","answer_first","markdown","test_set_1",0.42,0.58,0.41,0,7,99,42,0.42,58,41,0.21,0.43,0.54,0.4,0.57,0.46,0.31,51,1,6
"llama3","seed_206","trained","all_domains_20_samples",20,"greedy","few_shot","unstructured","answer_first","markdown","test_set_1",0.46,0.54,0.43,0,4,99,46,0.46,54,43,0.64,0.21,0.69,0.47,0.43,0.38,0.25,52,3,1
"llama3","seed_989","trained","all_domains_20_samples",20,"greedy","few_shot","unstructured","answer_first","number_list","test_set_2",0.56,0.44,0.51,1,11,100,56,0.57,43,51,0.5,0.27,0.5,0.6,0.4,0.79,0.54,38,5,6
"llama3","seed_989","trained","all_domains_10_samples",10,"greedy","few_shot","structured","fact_first","markdown","test_set_2",0.56,0.44,0.46,0,16,100,56,0.56,44,46,0.79,0.4,0.21,0.33,0.47,0.5,0.54,38,10,6
"llama2","seed_989","trained","all_domains_1_samples",1,"temp_025","few_shot","structured","fact_first","markdown","test_set_2",0.27,0.73,0.16,7,43,100,27,0.29,66,16,0.21,0.47,0.21,0.07,0,0.07,0.08,41,11,32
"llama2","seed_206","trained","all_domains_20_samples",20,"temp_025","few_shot","structured","answer_first","markdown","test_set_1",0.38,0.62,0.35,0,8,99,38,0.38,62,35,0.29,0.5,0.38,0.27,0.36,0.23,0.44,56,3,5
"llama3","seed_206","trained","all_domains_20_samples",20,"greedy","few_shot","structured","answer_first","markdown","test_set_1",0.48,0.52,0.44,0,6,99,48,0.48,52,44,0.5,0.29,0.69,0.47,0.43,0.46,0.31,49,4,2
"llama2","seed_989","untrained","all_domains_0_samples",0,"temp_025","few_shot","structured","fact_first","number_list","test_set_2",0.29,0.71,0.18,4,26,100,29,0.3,67,18,0.07,0.27,0.43,0,0.13,0.21,0.15,56,11,15
"llama3","seed_206","trained","all_domains_20_samples",20,"temp_025","zero_shot","structured","answer_first","markdown","test_set_1",0.52,0.48,0.51,0,6,99,51,0.51,49,50,0.71,0.36,0.54,0.53,0.43,0.69,0.31,43,1,5
"llama3","seed_206","trained","all_domains_20_samples",20,"greedy","zero_shot","unstructured","fact_first","number_list","test_set_2",0.51,0.49,0.47,0,5,100,51,0.51,49,47,0.57,0.2,0.5,0.53,0.47,0.57,0.46,48,4,1
"llama3","seed_206","trained","all_domains_20_samples",20,"greedy","few_shot","unstructured","fact_first","number_list","test_set_2",0.57,0.43,0.52,1,10,100,57,0.58,42,52,0.79,0.4,0.57,0.6,0.33,0.5,0.46,38,5,5
"llama2","seed_206","trained","all_domains_20_samples",20,"temp_025","zero_shot","structured","answer_first","number_list","test_set_2",0.35,0.65,0.29,0,14,100,35,0.35,65,29,0.36,0.33,0.43,0.13,0.13,0.43,0.23,57,6,8
"llama2","seed_989","untrained","all_domains_0_samples",0,"temp_06","few_shot","unstructured","answer_first","markdown","test_set_2",0.22,0.78,0.1,0,46,100,22,0.22,78,10,0.29,0.13,0.14,0,0,0,0.15,44,12,34
"llama2","seed_206","trained","all_domains_10_samples",10,"temp_06","zero_shot","structured","fact_first","markdown","test_set_2",0.28,0.72,0.25,0,13,100,28,0.28,72,25,0.5,0.13,0.14,0.2,0.27,0.29,0.23,62,3,10
"llama3","seed_206","trained","all_domains_20_samples",20,"temp_06","zero_shot","structured","answer_first","number_list","test_set_2",0.58,0.42,0.52,0,9,100,58,0.58,42,52,0.36,0.47,0.64,0.33,0.4,0.71,0.77,39,6,3
"llama3","seed_989","trained","all_domains_20_samples",20,"greedy","zero_shot","unstructured","answer_first","number_list","test_set_2",0.55,0.45,0.5,0,7,100,55,0.55,45,50,0.5,0.2,0.64,0.47,0.53,0.57,0.62,43,5,2
"llama3","seed_206","trained","all_domains_20_samples",20,"temp_06","few_shot","structured","answer_first","number_list","test_set_2",0.57,0.43,0.52,0,11,100,57,0.57,43,52,0.57,0.4,0.36,0.47,0.4,0.71,0.77,37,5,6
"llama3","seed_989","trained","all_domains_20_samples",20,"temp_06","few_shot","structured","fact_first","number_list","test_set_1",0.52,0.48,0.48,0,6,99,51,0.51,49,48,0.5,0.5,0.62,0.47,0.64,0.46,0.25,45,3,3
"llama2","seed_989","trained","all_domains_10_samples",10,"temp_025","zero_shot","structured","answer_first","markdown","test_set_2",0.28,0.72,0.26,0,9,100,28,0.28,72,26,0.29,0.33,0.36,0.33,0.13,0.21,0.15,65,2,7
"llama2","seed_989","trained","all_domains_1_samples",1,"temp_06","few_shot","unstructured","answer_first","number_list","test_set_2",0.25,0.75,0.22,3,29,100,25,0.26,72,22,0.21,0.33,0.57,0.07,0.07,0.07,0.23,49,3,26
"llama2","seed_989","untrained","all_domains_0_samples",0,"temp_025","few_shot","unstructured","fact_first","markdown","test_set_2",0.26,0.74,0.19,24,34,100,26,0.34,50,19,0.43,0.2,0.21,0.07,0.07,0.21,0.15,47,7,27
"llama2","seed_989","untrained","all_domains_0_samples",0,"temp_025","few_shot","structured","answer_first","markdown","test_set_2",0.34,0.66,0.19,0,32,100,34,0.34,66,19,0.21,0.4,0.43,0,0,0.14,0.15,49,15,17
"llama2","seed_989","trained","all_domains_20_samples",20,"temp_025","zero_shot","unstructured","fact_first","number_list","test_set_1",0.37,0.63,0.34,0,9,99,37,0.37,63,34,0.21,0.29,0.46,0.27,0.43,0.38,0.38,56,3,6
"llama2","seed_989","trained","all_domains_10_samples",10,"greedy","few_shot","structured","fact_first","number_list","test_set_2",0.36,0.64,0.33,0,13,100,36,0.36,64,33,0.43,0.53,0.5,0.07,0.27,0.29,0.23,54,3,10
"llama2","seed_989","trained","all_domains_1_samples",1,"temp_06","few_shot","unstructured","fact_first","number_list","test_set_2",0.24,0.76,0.18,13,31,100,24,0.28,63,18,0.07,0.4,0.29,0.27,0.07,0.07,0.08,51,6,25
"llama2","seed_206","trained","all_domains_20_samples",20,"greedy","zero_shot","unstructured","answer_first","number_list","test_set_2",0.4,0.6,0.35,0,11,100,40,0.4,60,35,0.36,0.47,0.36,0.27,0.27,0.36,0.38,54,5,6
"llama3","seed_989","trained","all_domains_20_samples",20,"temp_06","zero_shot","structured","fact_first","number_list","test_set_1",0.56,0.44,0.28,0,45,99,55,0.55,45,28,0.21,0.29,0.23,0.47,0.21,0.23,0.31,26,27,18
"llama2","seed_989","trained","all_domains_10_samples",10,"temp_025","zero_shot","unstructured","fact_first","markdown","test_set_2",0.33,0.67,0.29,0,11,100,33,0.33,67,29,0.43,0.27,0.43,0.2,0.27,0.36,0.08,60,4,7
"llama2","seed_989","trained","all_domains_10_samples",10,"temp_06","few_shot","structured","fact_first","markdown","test_set_1",0.26,0.74,0.24,6,11,99,26,0.28,68,24,0.29,0.14,0.31,0.13,0.21,0.23,0.38,64,2,9
"llama3","seed_206","trained","all_domains_20_samples",20,"temp_025","few_shot","unstructured","answer_first","markdown","test_set_1",0.46,0.54,0.43,0,4,99,46,0.46,54,43,0.64,0.21,0.69,0.47,0.43,0.38,0.25,52,3,1
"llama3","seed_989","trained","all_domains_20_samples",20,"temp_025","few_shot","unstructured","answer_first","number_list","test_set_2",0.55,0.45,0.5,2,12,100,55,0.56,43,50,0.5,0.27,0.5,0.6,0.33,0.79,0.54,38,5,7
"llama3","seed_989","trained","all_domains_10_samples",10,"temp_06","zero_shot","structured","fact_first","markdown","test_set_2",0.57,0.43,0.49,0,16,100,57,0.57,43,49,0.57,0.53,0.36,0.4,0.47,0.64,0.46,35,8,8
"llama2","seed_989","trained","all_domains_20_samples",20,"temp_025","few_shot","unstructured","fact_first","number_list","test_set_1",0.32,0.68,0.31,3,6,99,32,0.33,65,31,0.36,0.29,0.46,0.27,0.43,0.23,0.19,62,1,5
"llama2","seed_206","trained","all_domains_10_samples",10,"temp_025","few_shot","unstructured","fact_first","markdown","test_set_2",0.24,0.76,0.2,17,12,100,24,0.29,59,20,0.64,0.2,0.29,0.07,0.13,0,0.08,68,4,8
"llama2","seed_206","trained","all_domains_20_samples",20,"temp_025","zero_shot","structured","answer_first","markdown","test_set_1",0.35,0.65,0.32,0,8,99,35,0.35,65,32,0.21,0.29,0.23,0.4,0.29,0.31,0.5,59,3,5
"llama2","seed_989","trained","all_domains_1_samples",1,"temp_06","few_shot","structured","answer_first","number_list","test_set_2",0.21,0.79,0.15,19,48,100,21,0.26,60,15,0.21,0.13,0.36,0,0.2,0,0.15,37,6,42
"llama2","seed_989","trained","all_domains_1_samples",1,"temp_06","few_shot","unstructured","answer_first","markdown","test_set_2",0.22,0.78,0.12,0,53,100,22,0.22,78,12,0.36,0.07,0.21,0,0.07,0.07,0.08,35,10,43
"llama3","seed_206","trained","all_domains_20_samples",20,"temp_025","zero_shot","unstructured","fact_first","number_list","test_set_2",0.5,0.5,0.47,0,4,100,50,0.5,50,47,0.57,0.27,0.43,0.47,0.53,0.57,0.46,49,3,1
"llama2","seed_206","trained","all_domains_20_samples",20,"greedy","few_shot","unstructured","answer_first","number_list","test_set_2",0.31,0.69,0.28,0,7,100,31,0.31,69,28,0.29,0.4,0.36,0.2,0.2,0.21,0.31,65,3,4
"llama2","seed_989","trained","all_domains_20_samples",20,"temp_025","few_shot","structured","answer_first","number_list","test_set_1",0.41,0.59,0.36,1,10,99,41,0.41,58,36,0.21,0.5,0.38,0.13,0.5,0.31,0.5,53,5,5
"llama3","seed_206","trained","all_domains_20_samples",20,"temp_025","few_shot","unstructured","fact_first","number_list","test_set_2",0.56,0.44,0.52,0,8,100,56,0.56,44,52,0.64,0.33,0.5,0.67,0.4,0.57,0.54,40,4,4
"llama2","seed_989","trained","all_domains_20_samples",20,"temp_06","zero_shot","structured","fact_first","number_list","test_set_1",0.43,0.57,0.38,0,9,99,43,0.43,57,38,0.57,0.36,0.38,0.27,0.36,0.38,0.38,52,5,4
"llama3","seed_989","trained","all_domains_20_samples",20,"temp_025","zero_shot","unstructured","answer_first","number_list","test_set_2",0.54,0.46,0.49,0,7,100,54,0.54,46,49,0.5,0.2,0.57,0.47,0.53,0.57,0.62,44,5,2
"llama3","seed_989","trained","all_domains_10_samples",10,"temp_025","few_shot","structured","fact_first","markdown","test_set_2",0.51,0.49,0.41,0,16,100,51,0.51,49,41,0.71,0.33,0.21,0.27,0.4,0.43,0.54,43,10,6
"llama3","seed_206","trained","all_domains_20_samples",20,"temp_06","zero_shot","structured","answer_first","markdown","test_set_1",0.51,0.49,0.49,0,6,99,50,0.5,50,49,0.71,0.36,0.46,0.53,0.43,0.69,0.31,44,1,5
"llama2","seed_989","untrained","all_domains_0_samples",0,"temp_025","few_shot","structured","fact_first","markdown","test_set_2",0.3,0.7,0.19,3,34,100,30,0.31,67,19,0.36,0.4,0.29,0,0.13,0.14,0,47,11,23
"llama3","seed_989","trained","all_domains_20_samples",20,"greedy","zero_shot","structured","answer_first","number_list","test_set_2",0.59,0.41,0.53,0,9,100,59,0.59,41,53,0.36,0.47,0.64,0.33,0.47,0.71,0.77,38,6,3
"llama2","seed_989","trained","all_domains_10_samples",10,"greedy","zero_shot","structured","fact_first","markdown","test_set_2",0.34,0.66,0.29,0,12,100,34,0.34,66,29,0.36,0.33,0.29,0.27,0.13,0.36,0.31,59,5,7
"llama2","seed_989","trained","all_domains_1_samples",1,"temp_06","few_shot","structured","fact_first","number_list","test_set_2",0.23,0.77,0.13,18,50,100,23,0.28,59,13,0.21,0.07,0.43,0,0,0.07,0.15,37,10,40
"llama3","seed_206","trained","all_domains_20_samples",20,"temp_025","few_shot","structured","answer_first","markdown","test_set_1",0.48,0.52,0.45,0,5,99,48,0.48,52,45,0.5,0.29,0.77,0.47,0.43,0.46,0.31,49,3,2
"llama2","seed_206","trained","all_domains_20_samples",20,"temp_025","few_shot","unstructured","answer_first","markdown","test_set_1",0.39,0.61,0.38,0,7,99,39,0.39,61,38,0.21,0.36,0.54,0.33,0.57,0.46,0.25,54,1,6
"llama3","seed_989","trained","all_domains_20_samples",20,"greedy","few_shot","structured","answer_first","number_list","test_set_2",0.57,0.43,0.51,0,11,100,57,0.57,43,51,0.57,0.4,0.36,0.47,0.4,0.71,0.69,38,6,5
"llama2","seed_206","trained","all_domains_20_samples",20,"temp_06","zero_shot","structured","answer_first","number_list","test_set_2",0.4,0.6,0.33,0,14,100,40,0.4,60,33,0.21,0.4,0.43,0.27,0.2,0.43,0.38,53,7,7
"llama3","seed_206","trained","all_domains_20_samples",20,"greedy","few_shot","structured","fact_first","number_list","test_set_2",0.54,0.46,0.49,0,9,100,54,0.54,46,49,0.5,0.33,0.5,0.33,0.47,0.57,0.77,42,5,4
"llama3","seed_989","trained","all_domains_20_samples",20,"temp_06","few_shot","unstructured","answer_first","number_list","test_set_2",0.57,0.43,0.51,2,12,100,57,0.58,41,51,0.5,0.27,0.5,0.6,0.47,0.79,0.46,37,6,6
"llama2","seed_989","trained","all_domains_1_samples",1,"temp_06","few_shot","unstructured","fact_first","markdown","test_set_2",0.35,0.65,0.17,15,57,100,35,0.41,50,17,0.14,0.33,0.21,0,0.07,0.36,0.08,26,18,39
"llama3","seed_206","trained","all_domains_20_samples",20,"greedy","zero_shot","structured","fact_first","number_list","test_set_2",0.56,0.44,0.25,1,45,100,56,0.57,43,25,0.43,0.2,0.21,0.27,0,0.43,0.23,30,31,14
"llama3","seed_206","trained","all_domains_20_samples",20,"temp_06","few_shot","unstructured","answer_first","markdown","test_set_1",0.47,0.53,0.45,0,4,99,47,0.47,53,45,0.64,0.21,0.77,0.47,0.43,0.31,0.38,50,2,2
"llama2","seed_989","trained","all_domains_10_samples",10,"temp_06","zero_shot","structured","answer_first","markdown","test_set_2",0.34,0.66,0.3,0,12,100,34,0.34,66,30,0.29,0.33,0.43,0.4,0.27,0.14,0.23,58,4,8
"llama2","seed_989","trained","all_domains_1_samples",1,"temp_06","few_shot","structured","answer_first","markdown","test_set_2",0.17,0.83,0.09,28,52,100,17,0.24,55,9,0,0.07,0.14,0.07,0.07,0.14,0.15,39,8,44
"llama3","seed_206","trained","all_domains_20_samples",20,"temp_06","zero_shot","unstructured","fact_first","number_list","test_set_2",0.56,0.44,0.52,0,6,100,56,0.56,44,52,0.57,0.47,0.43,0.53,0.53,0.57,0.54,42,4,2
"llama2","seed_989","trained","all_domains_10_samples",10,"temp_06","zero_shot","unstructured","fact_first","markdown","test_set_2",0.33,0.67,0.29,0,14,100,33,0.33,67,29,0.43,0.33,0.43,0.13,0.2,0.36,0.15,57,4,10
"llama2","seed_989","trained","all_domains_20_samples",20,"temp_06","zero_shot","unstructured","fact_first","number_list","test_set_1",0.37,0.63,0.36,1,9,99,37,0.37,62,36,0.64,0.29,0.46,0.4,0.07,0.31,0.38,54,1,8
"llama3","seed_206","trained","all_domains_20_samples",20,"temp_06","few_shot","unstructured","fact_first","number_list","test_set_2",0.57,0.43,0.52,0,9,100,57,0.57,43,52,0.64,0.33,0.57,0.67,0.4,0.71,0.31,39,5,4
"llama2","seed_989","trained","all_domains_20_samples",20,"greedy","few_shot","structured","fact_first","number_list","test_set_1",0.41,0.59,0.38,0,10,99,41,0.41,59,38,0.29,0.36,0.46,0.4,0.43,0.23,0.5,51,3,7
"llama3","seed_989","trained","all_domains_20_samples",20,"temp_06","zero_shot","unstructured","answer_first","number_list","test_set_2",0.54,0.46,0.5,0,6,100,54,0.54,46,50,0.5,0.27,0.64,0.47,0.53,0.57,0.54,44,4,2
"llama2","seed_206","trained","all_domains_20_samples",20,"temp_025","zero_shot","unstructured","answer_first","number_list","test_set_2",0.42,0.58,0.36,0,10,100,42,0.42,58,36,0.36,0.47,0.43,0.27,0.27,0.36,0.38,54,6,4
"llama2","seed_989","trained","all_domains_10_samples",10,"temp_025","few_shot","structured","answer_first","number_list","test_set_2",0.28,0.72,0.23,0,16,100,28,0.28,72,23,0.21,0.33,0.43,0.13,0.27,0.07,0.15,61,5,11
"llama2","seed_989","untrained","all_domains_0_samples",0,"temp_06","few_shot","structured","answer_first","number_list","test_set_2",0.27,0.73,0.21,0,31,100,27,0.27,73,21,0.14,0.2,0.57,0,0.13,0.14,0.31,48,6,25
"llama2","seed_206","trained","all_domains_20_samples",20,"greedy","zero_shot","structured","fact_first","number_list","test_set_2",0.38,0.62,0.33,0,12,100,38,0.38,62,33,0.43,0.33,0.21,0.4,0.33,0.29,0.31,55,5,7
"llama3","seed_989","trained","all_domains_20_samples",20,"greedy","zero_shot","structured","answer_first","markdown","test_set_1",0.52,0.48,0.51,0,6,99,51,0.51,49,50,0.71,0.36,0.54,0.53,0.43,0.69,0.31,43,1,5
"llama2","seed_206","trained","all_domains_20_samples",20,"temp_06","zero_shot","structured","answer_first","markdown","test_set_1",0.35,0.65,0.3,0,11,99,35,0.35,65,30,0.21,0.29,0.23,0.4,0.14,0.31,0.5,58,5,6
"llama3","seed_989","trained","all_domains_20_samples",20,"temp_025","zero_shot","structured","answer_first","number_list","test_set_2",0.59,0.41,0.53,0,9,100,59,0.59,41,53,0.36,0.47,0.64,0.33,0.47,0.71,0.77,38,6,3
"llama2","seed_989","trained","all_domains_20_samples",20,"temp_06","few_shot","unstructured","fact_first","number_list","test_set_1",0.25,0.75,0.22,2,7,99,25,0.26,73,22,0.21,0.14,0.38,0.13,0.36,0.08,0.25,70,3,4
"llama3","seed_989","trained","all_domains_10_samples",10,"temp_06","few_shot","structured","fact_first","markdown","test_set_2",0.62,0.38,0.52,0,15,100,62,0.62,38,52,0.79,0.4,0.14,0.4,0.53,0.71,0.69,33,10,5
"llama2","seed_989","trained","all_domains_1_samples",1,"temp_06","few_shot","structured","fact_first","markdown","test_set_2",0.24,0.76,0.13,29,60,100,24,0.34,47,13,0.14,0.27,0.14,0.07,0.07,0.21,0,27,11,49
"llama2","seed_206","trained","all_domains_20_samples",20,"temp_06","few_shot","structured","answer_first","markdown","test_set_1",0.37,0.63,0.35,0,7,99,37,0.37,63,35,0.36,0.5,0.38,0.2,0.29,0.31,0.44,57,2,5
"llama2","seed_989","untrained","all_domains_0_samples",0,"temp_06","few_shot","structured","fact_first","number_list","test_set_2",0.24,0.76,0.18,4,30,100,24,0.25,72,18,0.29,0.27,0.29,0.07,0.07,0.14,0.15,52,6,24
"llama2","seed_206","trained","all_domains_10_samples",10,"temp_06","few_shot","unstructured","fact_first","markdown","test_set_2",0.3,0.7,0.24,15,15,100,30,0.35,55,24,0.5,0.33,0.36,0.07,0.13,0.14,0.15,61,6,9
"llama3","seed_989","trained","all_domains_20_samples",20,"temp_025","few_shot","structured","answer_first","number_list","test_set_2",0.57,0.43,0.51,0,10,100,57,0.57,43,51,0.57,0.4,0.36,0.47,0.47,0.64,0.69,39,6,4
"llama3","seed_206","trained","all_domains_20_samples",20,"temp_025","few_shot","structured","fact_first","number_list","test_set_2",0.55,0.45,0.51,0,8,100,55,0.55,45,51,0.5,0.4,0.57,0.33,0.53,0.64,0.62,41,4,4
"llama3","seed_989","trained","all_domains_20_samples",20,"greedy","zero_shot","unstructured","fact_first","number_list","test_set_2",0.51,0.49,0.47,0,5,100,51,0.51,49,47,0.57,0.2,0.5,0.53,0.47,0.57,0.46,48,4,1
"llama2","seed_206","trained","all_domains_20_samples",20,"temp_025","few_shot","unstructured","answer_first","number_list","test_set_2",0.28,0.72,0.25,0,7,100,28,0.28,72,25,0.29,0.33,0.29,0.13,0.27,0.21,0.23,68,3,4
"llama3","seed_206","trained","all_domains_20_samples",20,"temp_06","few_shot","structured","answer_first","markdown","test_set_1",0.48,0.52,0.44,0,6,99,48,0.48,52,44,0.5,0.29,0.69,0.47,0.43,0.46,0.31,49,4,2
"llama2","seed_989","trained","all_domains_20_samples",20,"greedy","zero_shot","structured","answer_first","number_list","test_set_2",0.4,0.6,0.33,0,14,100,40,0.4,60,33,0.36,0.33,0.43,0.27,0.13,0.5,0.31,53,7,7
"llama3","seed_989","trained","all_domains_20_samples",20,"greedy","few_shot","unstructured","answer_first","markdown","test_set_1",0.46,0.54,0.43,0,4,99,46,0.46,54,43,0.64,0.21,0.69,0.47,0.43,0.38,0.25,52,3,1
"llama3","seed_206","trained","all_domains_20_samples",20,"temp_025","zero_shot","structured","fact_first","number_list","test_set_2",0.58,0.42,0.3,0,43,100,58,0.58,42,30,0.36,0.27,0.43,0.27,0.07,0.36,0.38,27,28,15
"llama2","seed_989","untrained","all_domains_0_samples",0,"temp_06","few_shot","unstructured","fact_first","markdown","test_set_2",0.29,0.71,0.16,2,43,100,29,0.3,69,16,0.14,0.27,0.43,0.07,0,0.14,0.08,41,13,30
"llama2","seed_989","trained","all_domains_10_samples",10,"temp_025","zero_shot","structured","fact_first","markdown","test_set_2",0.31,0.69,0.29,2,13,100,31,0.32,67,29,0.5,0.4,0.21,0.33,0.07,0.21,0.31,58,2,11
"llama3","seed_989","trained","all_domains_20_samples",20,"greedy","few_shot","unstructured","fact_first","number_list","test_set_2",0.57,0.43,0.52,1,10,100,57,0.58,42,52,0.79,0.4,0.57,0.6,0.33,0.5,0.46,38,5,5
"llama2","seed_989","trained","all_domains_10_samples",10,"temp_025","few_shot","structured","fact_first","number_list","test_set_2",0.38,0.62,0.34,2,13,100,38,0.39,60,34,0.43,0.33,0.43,0.4,0.13,0.21,0.46,53,4,9
"llama2","seed_989","untrained","all_domains_0_samples",0,"temp_06","few_shot","structured","answer_first","markdown","test_set_2",0.29,0.71,0.16,0,42,100,29,0.29,71,16,0.29,0.27,0.43,0,0,0,0.15,42,13,29
"llama2","seed_206","trained","all_domains_20_samples",20,"temp_06","few_shot","unstructured","answer_first","markdown","test_set_1",0.37,0.63,0.36,0,6,99,37,0.37,63,36,0.21,0.43,0.54,0.27,0.43,0.38,0.31,57,1,5
"llama2","seed_206","trained","all_domains_20_samples",20,"greedy","zero_shot","unstructured","fact_first","number_list","test_set_2",0.32,0.68,0.29,3,10,100,32,0.33,65,29,0.29,0.2,0.36,0.2,0.33,0.43,0.23,61,3,7
"llama2","seed_206","trained","all_domains_10_samples",10,"greedy","few_shot","structured","fact_first","markdown","test_set_2",0.41,0.59,0.31,11,17,100,41,0.46,48,31,0.64,0.33,0.43,0.2,0.27,0.14,0.15,52,10,7
"llama3","seed_989","trained","all_domains_20_samples",20,"temp_025","zero_shot","structured","answer_first","markdown","test_set_1",0.52,0.48,0.51,0,6,99,51,0.51,49,50,0.71,0.36,0.54,0.53,0.43,0.69,0.31,43,1,5
"llama2","seed_989","trained","all_domains_20_samples",20,"greedy","zero_shot","structured","answer_first","markdown","test_set_1",0.33,0.67,0.3,0,8,99,33,0.33,67,30,0.21,0.14,0.23,0.33,0.36,0.31,0.5,61,3,5
"llama3","seed_989","trained","all_domains_20_samples",20,"temp_06","zero_shot","structured","answer_first","number_list","test_set_2",0.59,0.41,0.52,0,10,100,59,0.59,41,52,0.36,0.47,0.64,0.33,0.4,0.71,0.77,38,7,3
"llama2","seed_989","trained","all_domains_20_samples",20,"temp_06","few_shot","structured","answer_first","number_list","test_set_1",0.39,0.61,0.35,1,9,99,39,0.39,60,35,0.21,0.43,0.46,0.13,0.36,0.31,0.56,55,4,5
"llama3","seed_989","trained","all_domains_20_samples",20,"temp_025","zero_shot","unstructured","fact_first","number_list","test_set_2",0.52,0.48,0.49,2,4,100,52,0.53,46,49,0.64,0.33,0.43,0.6,0.47,0.5,0.46,47,3,1
"llama2","seed_206","trained","all_domains_20_samples",20,"temp_06","zero_shot","unstructured","answer_first","number_list","test_set_2",0.36,0.64,0.34,0,10,100,36,0.36,64,34,0.36,0.33,0.43,0.2,0.2,0.43,0.46,56,2,8
"llama3","seed_989","trained","all_domains_20_samples",20,"temp_025","few_shot","unstructured","answer_first","markdown","test_set_1",0.45,0.55,0.42,0,4,99,45,0.45,55,42,0.64,0.21,0.77,0.47,0.43,0.31,0.19,53,3,1
"llama2","seed_206","trained","all_domains_20_samples",20,"temp_025","zero_shot","structured","fact_first","number_list","test_set_2",0.33,0.67,0.28,0,12,100,33,0.33,67,28,0.36,0.13,0.21,0.33,0.27,0.43,0.23,60,5,7
"llama2","seed_989","untrained","all_domains_0_samples",0,"temp_06","few_shot","structured","fact_first","markdown","test_set_2",0.33,0.67,0.2,2,42,100,33,0.34,65,20,0.43,0.2,0.36,0,0.07,0.29,0.08,38,13,29
"llama3","seed_989","trained","all_domains_20_samples",20,"temp_06","few_shot","structured","answer_first","number_list","test_set_2",0.59,0.41,0.54,0,10,100,59,0.59,41,54,0.57,0.4,0.43,0.47,0.47,0.71,0.77,36,5,5
"llama3","seed_206","trained","all_domains_20_samples",20,"temp_06","few_shot","structured","fact_first","number_list","test_set_2",0.58,0.42,0.54,0,9,100,58,0.58,42,54,0.79,0.53,0.5,0.33,0.47,0.57,0.62,37,4,5
"llama3","seed_206","trained","all_domains_20_samples",20,"temp_06","zero_shot","structured","fact_first","number_list","test_set_2",0.54,0.46,0.26,0,46,100,54,0.54,46,26,0.36,0.2,0.29,0.4,0.07,0.21,0.31,28,28,18
"llama3","seed_989","trained","all_domains_20_samples",20,"temp_025","few_shot","unstructured","fact_first","number_list","test_set_2",0.58,0.42,0.54,0,8,100,58,0.58,42,54,0.71,0.47,0.64,0.67,0.27,0.64,0.38,38,4,4
"llama3","seed_989","trained","all_domains_20_samples",20,"greedy","few_shot","structured","answer_first","markdown","test_set_1",0.48,0.52,0.44,0,6,99,48,0.48,52,44,0.5,0.29,0.69,0.47,0.43,0.46,0.31,49,4,2
"llama2","seed_206","trained","all_domains_20_samples",20,"greedy","few_shot","unstructured","fact_first","number_list","test_set_2",0.28,0.72,0.26,5,7,100,28,0.29,67,26,0.43,0.4,0.36,0.13,0.13,0.14,0.23,67,2,5
"llama2","seed_989","trained","all_domains_20_samples",20,"temp_025","zero_shot","structured","answer_first","number_list","test_set_2",0.39,0.61,0.33,0,14,100,39,0.39,61,33,0.43,0.4,0.29,0.2,0.13,0.57,0.31,53,6,8
"llama2","seed_206","trained","all_domains_20_samples",20,"temp_06","few_shot","unstructured","answer_first","number_list","test_set_2",0.34,0.66,0.3,0,8,100,34,0.34,66,30,0.21,0.4,0.43,0.2,0.2,0.36,0.31,62,4,4
"llama2","seed_989","trained","all_domains_10_samples",10,"greedy","few_shot","unstructured","fact_first","markdown","test_set_2",0.21,0.79,0.17,13,12,100,21,0.24,66,17,0.29,0.2,0.36,0.07,0.13,0.07,0.08,71,4,8
"llama3","seed_989","trained","all_domains_20_samples",20,"temp_06","zero_shot","unstructured","fact_first","number_list","test_set_2",0.51,0.49,0.49,1,4,100,51,0.52,48,49,0.64,0.27,0.43,0.67,0.53,0.5,0.38,47,2,2
"llama2","seed_989","trained","all_domains_10_samples",10,"temp_06","zero_shot","structured","fact_first","markdown","test_set_2",0.32,0.68,0.27,1,12,100,32,0.32,67,27,0.43,0.33,0.21,0.27,0.2,0.21,0.23,61,5,7
"llama3","seed_989","trained","all_domains_20_samples",20,"temp_06","zero_shot","structured","answer_first","markdown","test_set_1",0.49,0.51,0.48,0,6,99,49,0.49,51,48,0.64,0.36,0.54,0.53,0.43,0.69,0.25,45,1,5
"llama2","seed_989","trained","all_domains_20_samples",20,"temp_025","few_shot","structured","fact_first","number_list","test_set_1",0.45,0.55,0.4,0,10,99,45,0.45,55,40,0.21,0.5,0.54,0.27,0.5,0.38,0.44,49,5,5
"llama2","seed_989","trained","all_domains_10_samples",10,"temp_06","few_shot","structured","answer_first","number_list","test_set_2",0.27,0.73,0.21,0,16,100,27,0.27,73,21,0.21,0.27,0.43,0.07,0.27,0.14,0.08,63,6,10
"llama2","seed_206","trained","all_domains_20_samples",20,"temp_025","zero_shot","unstructured","fact_first","number_list","test_set_2",0.36,0.64,0.32,1,10,100,36,0.36,63,32,0.21,0.4,0.43,0.13,0.27,0.5,0.31,58,4,6
"llama3","seed_989","trained","all_domains_20_samples",20,"temp_06","few_shot","unstructured","answer_first","markdown","test_set_1",0.47,0.53,0.44,0,4,99,47,0.47,53,44,0.64,0.21,0.69,0.47,0.43,0.38,0.31,51,3,1
"llama2","seed_989","trained","all_domains_20_samples",20,"greedy","few_shot","unstructured","answer_first","markdown","test_set_1",0.42,0.58,0.41,0,7,99,42,0.42,58,41,0.21,0.43,0.54,0.4,0.57,0.46,0.31,51,1,6
"llama2","seed_989","trained","all_domains_20_samples",20,"greedy","zero_shot","unstructured","answer_first","number_list","test_set_2",0.4,0.6,0.35,0,11,100,40,0.4,60,35,0.36,0.47,0.36,0.27,0.27,0.36,0.38,54,5,6
"llama3","seed_989","trained","all_domains_20_samples",20,"temp_06","few_shot","unstructured","fact_first","number_list","test_set_2",0.54,0.46,0.48,0,8,100,54,0.54,46,48,0.86,0.2,0.64,0.53,0.33,0.57,0.23,44,6,2
"llama3","seed_989","trained","all_domains_20_samples",20,"greedy","zero_shot","structured","fact_first","number_list","test_set_2",0.56,0.44,0.25,1,45,100,56,0.57,43,25,0.43,0.2,0.21,0.27,0,0.43,0.23,30,31,14
"llama2","seed_989","trained","all_domains_20_samples",20,"greedy","few_shot","structured","answer_first","markdown","test_set_1",0.37,0.63,0.34,0,8,99,37,0.37,63,34,0.21,0.5,0.38,0.2,0.43,0.23,0.44,57,3,5
"llama3","seed_989","trained","all_domains_20_samples",20,"greedy","few_shot","structured","fact_first","number_list","test_set_2",0.54,0.46,0.49,0,9,100,54,0.54,46,49,0.5,0.33,0.5,0.33,0.47,0.57,0.77,42,5,4
"llama2","seed_989","trained","all_domains_20_samples",20,"temp_025","zero_shot","structured","answer_first","markdown","test_set_1",0.33,0.67,0.3,0,7,99,33,0.33,67,30,0.21,0.14,0.23,0.47,0.29,0.31,0.44,62,3,4
"llama2","seed_206","trained","all_domains_20_samples",20,"temp_06","zero_shot","structured","fact_first","number_list","test_set_2",0.33,0.67,0.27,0,14,100,33,0.33,67,27,0.21,0.47,0.21,0.07,0.27,0.36,0.31,59,6,8
"llama3","seed_989","trained","all_domains_20_samples",20,"temp_025","few_shot","structured","answer_first","markdown","test_set_1",0.49,0.51,0.46,0,5,99,49,0.49,51,46,0.5,0.29,0.77,0.53,0.43,0.46,0.31,48,3,2
"llama2","seed_989","trained","all_domains_20_samples",20,"temp_06","zero_shot","structured","answer_first","number_list","test_set_2",0.34,0.66,0.28,0,13,100,34,0.34,66,28,0.36,0.4,0.43,0.33,0.13,0.21,0.08,59,6,7
"llama3","seed_206","trained","all_domains_20_samples",20,"greedy","zero_shot","structured","answer_first","markdown","test_set_2",0.56,0.44,0.53,0,7,100,56,0.56,44,53,0.57,0.4,0.43,0.4,0.6,0.71,0.62,40,3,4
"llama2","seed_989","trained","all_domains_10_samples",10,"temp_06","few_shot","structured","fact_first","number_list","test_set_2",0.37,0.63,0.33,4,14,100,37,0.39,59,33,0.57,0.27,0.36,0.2,0.13,0.43,0.38,53,4,10
"llama3","seed_206","trained","all_domains_20_samples",20,"greedy","few_shot","unstructured","answer_first","markdown","test_set_2",0.54,0.46,0.5,0,6,100,54,0.54,46,50,0.57,0.4,0.64,0.33,0.47,0.64,0.46,44,4,2
"llama2","seed_206","trained","all_domains_10_samples",10,"temp_025","few_shot","structured","fact_first","markdown","test_set_2",0.26,0.74,0.2,15,17,100,26,0.31,59,20,0.43,0.27,0.21,0.07,0.13,0.14,0.15,63,6,11
"llama2","seed_206","trained","all_domains_20_samples",20,"temp_025","few_shot","unstructured","fact_first","number_list","test_set_2",0.25,0.75,0.23,5,7,100,25,0.26,70,23,0.21,0.33,0.36,0.27,0.2,0.14,0.08,70,2,5
"llama2","seed_206","trained","all_domains_20_samples",20,"greedy","few_shot","structured","answer_first","number_list","test_set_2",0.3,0.7,0.26,1,15,100,30,0.3,69,26,0.43,0.47,0.29,0.2,0.07,0.07,0.31,59,4,11
"llama2","seed_989","trained","all_domains_20_samples",20,"greedy","few_shot","unstructured","answer_first","number_list","test_set_2",0.31,0.69,0.28,0,7,100,31,0.31,69,28,0.29,0.4,0.36,0.2,0.2,0.21,0.31,65,3,4
"llama2","seed_206","trained","all_domains_20_samples",20,"temp_06","zero_shot","unstructured","fact_first","number_list","test_set_2",0.4,0.6,0.36,1,12,100,40,0.4,59,36,0.5,0.27,0.21,0.33,0.33,0.57,0.31,52,4,8
"llama3","seed_989","trained","all_domains_20_samples",20,"temp_025","zero_shot","structured","fact_first","number_list","test_set_2",0.51,0.49,0.25,0,43,100,51,0.51,49,25,0.43,0.33,0.29,0.2,0,0.21,0.31,32,26,17
"llama2","seed_989","trained","all_domains_10_samples",10,"temp_025","few_shot","unstructured","fact_first","markdown","test_set_2",0.23,0.77,0.2,11,12,100,23,0.26,66,20,0.5,0.2,0.29,0.07,0.2,0.14,0,68,3,9
"llama3","seed_989","trained","all_domains_20_samples",20,"temp_025","few_shot","structured","fact_first","number_list","test_set_2",0.52,0.48,0.48,1,9,100,52,0.53,47,48,0.57,0.47,0.36,0.33,0.53,0.64,0.46,43,4,5
"llama2","seed_989","trained","all_domains_20_samples",20,"greedy","zero_shot","structured","fact_first","number_list","test_set_2",0.38,0.62,0.33,0,12,100,38,0.38,62,33,0.43,0.33,0.21,0.4,0.33,0.29,0.31,55,5,7
"llama2","seed_989","trained","all_domains_20_samples",20,"temp_025","zero_shot","unstructured","answer_first","number_list","test_set_2",0.38,0.62,0.34,0,10,100,38,0.38,62,34,0.36,0.4,0.43,0.2,0.27,0.36,0.38,56,4,6
"llama2","seed_989","trained","all_domains_20_samples",20,"temp_06","zero_shot","structured","answer_first","markdown","test_set_1",0.34,0.66,0.31,0,7,99,34,0.34,66,31,0.29,0.14,0.23,0.4,0.36,0.31,0.44,61,3,4
"llama3","seed_206","trained","all_domains_20_samples",20,"temp_025","zero_shot","structured","answer_first","markdown","test_set_2",0.56,0.44,0.53,0,7,100,56,0.56,44,53,0.57,0.4,0.43,0.4,0.6,0.71,0.62,40,3,4
"llama2","seed_989","trained","all_domains_20_samples",20,"temp_025","few_shot","unstructured","answer_first","markdown","test_set_1",0.37,0.63,0.36,0,6,99,37,0.37,63,36,0.21,0.36,0.54,0.33,0.5,0.31,0.31,57,1,5
"llama3","seed_206","trained","all_domains_20_samples",20,"temp_025","few_shot","unstructured","answer_first","markdown","test_set_2",0.55,0.45,0.51,0,6,100,55,0.55,45,51,0.57,0.4,0.64,0.33,0.53,0.64,0.46,43,4,2
"llama3","seed_989","trained","all_domains_20_samples",20,"temp_06","few_shot","structured","answer_first","markdown","test_set_1",0.47,0.53,0.43,0,6,99,47,0.47,53,43,0.5,0.29,0.69,0.47,0.43,0.46,0.25,50,4,2
"llama2","seed_206","trained","all_domains_20_samples",20,"greedy","zero_shot","unstructured","answer_first","markdown","test_set_1",0.35,0.65,0.34,1,8,99,35,0.35,64,34,0.07,0.5,0.38,0.27,0.5,0.38,0.31,57,1,7
"llama3","seed_206","trained","all_domains_20_samples",20,"greedy","zero_shot","unstructured","answer_first","markdown","test_set_1",0.55,0.45,0.54,0,4,99,54,0.54,46,53,0.57,0.36,0.69,0.73,0.57,0.54,0.31,42,1,3
"llama2","seed_989","trained","all_domains_20_samples",20,"temp_06","few_shot","structured","fact_first","number_list","test_set_1",0.38,0.62,0.34,1,11,99,38,0.38,61,34,0.29,0.29,0.46,0.33,0.14,0.31,0.56,54,4,7
"llama2","seed_989","trained","all_domains_20_samples",20,"greedy","zero_shot","unstructured","fact_first","number_list","test_set_2",0.32,0.68,0.29,3,10,100,32,0.33,65,29,0.29,0.2,0.36,0.2,0.33,0.43,0.23,61,3,7
"llama3","seed_989","trained","all_domains_20_samples",20,"temp_06","zero_shot","structured","fact_first","number_list","test_set_2",0.53,0.47,0.24,0,43,100,53,0.53,47,24,0.36,0.2,0.29,0.2,0.07,0.29,0.31,33,29,14
"llama3","seed_989","trained","all_domains_20_samples",20,"temp_06","few_shot","structured","fact_first","number_list","test_set_2",0.56,0.44,0.53,0,10,100,56,0.56,44,53,0.64,0.27,0.5,0.53,0.47,0.57,0.77,37,3,7
"llama2","seed_206","trained","all_domains_20_samples",20,"temp_06","few_shot","unstructured","fact_first","number_list","test_set_2",0.26,0.74,0.24,2,7,100,26,0.27,72,24,0.14,0.4,0.21,0.2,0.27,0.21,0.23,69,2,5
"llama2","seed_989","trained","all_domains_20_samples",20,"temp_025","few_shot","structured","answer_first","markdown","test_set_1",0.36,0.64,0.33,0,8,99,36,0.36,64,33,0.21,0.5,0.31,0.27,0.43,0.23,0.38,58,3,5
"llama3","seed_206","trained","all_domains_20_samples",20,"temp_06","few_shot","unstructured","answer_first","markdown","test_set_2",0.55,0.45,0.51,0,6,100,55,0.55,45,51,0.57,0.4,0.64,0.33,0.53,0.64,0.46,43,4,2
"llama3","seed_206","trained","all_domains_20_samples",20,"temp_06","zero_shot","structured","answer_first","markdown","test_set_2",0.54,0.46,0.51,0,8,100,54,0.54,46,51,0.57,0.4,0.43,0.33,0.53,0.71,0.62,41,3,5
"llama2","seed_206","trained","all_domains_20_samples",20,"greedy","zero_shot","structured","answer_first","markdown","test_set_2",0.35,0.65,0.3,0,16,100,35,0.35,65,30,0.5,0.33,0.36,0.4,0,0.29,0.23,54,5,11
"llama2","seed_989","trained","all_domains_20_samples",20,"temp_025","few_shot","unstructured","answer_first","number_list","test_set_2",0.26,0.74,0.23,0,7,100,26,0.26,74,23,0.21,0.4,0.29,0.13,0.13,0.21,0.23,70,3,4
"llama2","seed_989","trained","all_domains_20_samples",20,"temp_025","zero_shot","structured","fact_first","number_list","test_set_2",0.35,0.65,0.3,0,12,100,35,0.35,65,30,0.43,0.33,0.29,0.27,0.2,0.29,0.31,58,5,7
"llama2","seed_206","trained","all_domains_20_samples",20,"greedy","zero_shot","unstructured","fact_first","markdown","test_set_1",0.35,0.65,0.35,2,7,99,35,0.36,63,35,0.21,0.43,0.46,0.27,0.36,0.46,0.31,57,0,7
"llama3","seed_206","trained","all_domains_20_samples",20,"greedy","few_shot","structured","answer_first","markdown","test_set_2",0.55,0.45,0.5,0,8,100,55,0.55,45,50,0.57,0.4,0.5,0.4,0.27,0.79,0.62,42,5,3
"llama2","seed_989","trained","all_domains_10_samples",10,"temp_06","few_shot","unstructured","fact_first","markdown","test_set_2",0.26,0.74,0.2,15,13,100,26,0.31,59,20,0.43,0.2,0.29,0.13,0.27,0,0.08,67,6,7
"llama3","seed_206","trained","all_domains_20_samples",20,"temp_025","zero_shot","unstructured","answer_first","markdown","test_set_1",0.55,0.45,0.54,0,4,99,54,0.54,46,53,0.57,0.36,0.69,0.73,0.57,0.54,0.31,42,1,3
"llama2","seed_989","trained","all_domains_20_samples",20,"temp_06","zero_shot","unstructured","answer_first","number_list","test_set_2",0.32,0.68,0.25,0,12,100,32,0.32,68,25,0.14,0.47,0.36,0.13,0.13,0.36,0.15,63,7,5
"llama3","seed_206","trained","all_domains_20_samples",20,"greedy","zero_shot","unstructured","fact_first","markdown","test_set_1",0.44,0.56,0.44,4,2,99,44,0.46,52,44,0.5,0.5,0.62,0.47,0.36,0.38,0.31,53,0,2
"llama3","seed_206","trained","all_domains_20_samples",20,"greedy","zero_shot","structured","fact_first","markdown","test_set_1",0.53,0.47,0.48,0,7,99,52,0.52,48,48,0.5,0.43,0.69,0.53,0.5,0.54,0.25,44,4,3
"llama2","seed_206","trained","all_domains_10_samples",10,"temp_06","few_shot","structured","fact_first","markdown","test_set_2",0.35,0.65,0.28,15,16,100,35,0.41,50,28,0.36,0.33,0.5,0.2,0.2,0.14,0.23,56,7,9
"llama2","seed_206","trained","all_domains_20_samples",20,"temp_025","zero_shot","unstructured","answer_first","markdown","test_set_1",0.35,0.65,0.33,1,9,99,35,0.35,64,33,0.07,0.5,0.38,0.27,0.43,0.38,0.31,57,2,7
"llama2","seed_989","trained","all_domains_20_samples",20,"temp_06","few_shot","unstructured","answer_first","markdown","test_set_1",0.39,0.61,0.37,0,7,99,39,0.39,61,37,0.21,0.43,0.54,0.27,0.5,0.46,0.25,55,2,5
"llama2","seed_206","trained","all_domains_20_samples",20,"greedy","zero_shot","structured","fact_first","markdown","test_set_1",0.45,0.55,0.42,0,8,99,45,0.45,55,42,0.36,0.57,0.31,0.2,0.64,0.46,0.44,49,3,5
"llama2","seed_206","trained","all_domains_20_samples",20,"greedy","few_shot","unstructured","fact_first","markdown","test_set_1",0.32,0.68,0.3,3,6,99,32,0.33,65,30,0.14,0.43,0.46,0.27,0.43,0.23,0.19,63,2,4
"llama2","seed_206","trained","all_domains_20_samples",20,"temp_025","few_shot","structured","answer_first","number_list","test_set_2",0.3,0.7,0.27,2,16,100,30,0.31,68,27,0.29,0.53,0.36,0.2,0.07,0.14,0.31,57,3,13
"llama2","seed_989","trained","all_domains_20_samples",20,"temp_025","zero_shot","unstructured","fact_first","number_list","test_set_2",0.44,0.56,0.41,2,9,100,44,0.45,54,41,0.5,0.53,0.43,0.2,0.4,0.5,0.31,50,3,6
"llama3","seed_989","trained","all_domains_20_samples",20,"greedy","few_shot","unstructured","answer_first","markdown","test_set_2",0.54,0.46,0.5,0,6,100,54,0.54,46,50,0.57,0.4,0.64,0.33,0.47,0.64,0.46,44,4,2
"llama3","seed_206","trained","all_domains_20_samples",20,"greedy","few_shot","unstructured","fact_first","markdown","test_set_1",0.53,0.47,0.51,1,3,99,52,0.53,47,50,0.36,0.36,0.46,0.67,0.79,0.54,0.38,46,2,1
"llama3","seed_989","trained","all_domains_20_samples",20,"greedy","zero_shot","structured","answer_first","markdown","test_set_2",0.56,0.44,0.53,0,7,100,56,0.56,44,53,0.57,0.4,0.43,0.4,0.6,0.71,0.62,40,3,4
"llama3","seed_206","trained","all_domains_20_samples",20,"greedy","few_shot","structured","fact_first","markdown","test_set_1",0.4,0.6,0.37,16,8,99,40,0.48,44,37,0.5,0.29,0.54,0.47,0.36,0.23,0.25,54,3,5
"llama3","seed_206","trained","all_domains_20_samples",20,"temp_06","zero_shot","unstructured","answer_first","markdown","test_set_1",0.55,0.45,0.54,0,4,99,54,0.54,46,53,0.57,0.36,0.77,0.73,0.5,0.54,0.31,42,1,3
"llama2","seed_206","trained","all_domains_20_samples",20,"greedy","few_shot","structured","fact_first","markdown","test_set_1",0.35,0.65,0.31,4,8,99,35,0.36,61,31,0.21,0.5,0.23,0.13,0.5,0.31,0.31,60,4,4
"llama3","seed_206","trained","all_domains_20_samples",20,"temp_025","zero_shot","unstructured","fact_first","markdown","test_set_1",0.46,0.54,0.46,1,2,99,46,0.46,53,46,0.43,0.57,0.54,0.6,0.36,0.46,0.31,51,0,2
"llama2","seed_989","trained","all_domains_20_samples",20,"greedy","few_shot","unstructured","fact_first","number_list","test_set_2",0.28,0.72,0.26,5,7,100,28,0.29,67,26,0.43,0.4,0.36,0.13,0.13,0.14,0.23,67,2,5
"llama3","seed_206","trained","all_domains_20_samples",20,"temp_025","zero_shot","structured","fact_first","markdown","test_set_1",0.55,0.45,0.52,0,7,99,54,0.54,46,51,0.57,0.5,0.62,0.67,0.57,0.54,0.19,41,3,4
"llama3","seed_206","trained","all_domains_20_samples",20,"temp_025","few_shot","structured","answer_first","markdown","test_set_2",0.54,0.46,0.49,0,8,100,54,0.54,46,49,0.57,0.4,0.5,0.4,0.27,0.79,0.54,43,5,3
"llama2","seed_989","trained","all_domains_20_samples",20,"temp_06","zero_shot","structured","fact_first","number_list","test_set_2",0.35,0.65,0.29,0,12,100,35,0.35,65,29,0.21,0.6,0.29,0.2,0.2,0.29,0.23,59,6,6
"llama2","seed_206","trained","all_domains_20_samples",20,"temp_025","zero_shot","structured","answer_first","markdown","test_set_2",0.33,0.67,0.28,0,16,100,33,0.33,67,28,0.43,0.4,0.29,0.4,0,0.21,0.23,56,5,11
"llama2","seed_206","trained","all_domains_20_samples",20,"temp_025","zero_shot","unstructured","fact_first","markdown","test_set_1",0.35,0.65,0.35,0,7,99,35,0.35,65,35,0.29,0.5,0.38,0.27,0.36,0.46,0.25,57,0,7
"llama2","seed_206","trained","all_domains_20_samples",20,"temp_06","zero_shot","unstructured","answer_first","markdown","test_set_1",0.34,0.66,0.32,2,10,99,34,0.35,64,32,0.07,0.57,0.38,0.27,0.43,0.23,0.31,57,2,8
"llama2","seed_989","trained","all_domains_20_samples",20,"temp_06","few_shot","unstructured","answer_first","number_list","test_set_2",0.31,0.69,0.28,0,7,100,31,0.31,69,28,0.29,0.33,0.36,0.13,0.27,0.21,0.38,65,3,4
"llama2","seed_206","trained","all_domains_20_samples",20,"greedy","few_shot","structured","fact_first","number_list","test_set_2",0.35,0.65,0.27,0,18,100,35,0.35,65,27,0.29,0.53,0.21,0.33,0.2,0.07,0.23,55,8,10
"llama3","seed_989","trained","all_domains_20_samples",20,"temp_025","few_shot","unstructured","answer_first","markdown","test_set_2",0.54,0.46,0.5,0,6,100,54,0.54,46,50,0.57,0.4,0.64,0.33,0.47,0.64,0.46,44,4,2
"llama3","seed_206","trained","all_domains_20_samples",20,"temp_025","few_shot","unstructured","fact_first","markdown","test_set_1",0.59,0.41,0.56,0,3,99,58,0.58,42,55,0.57,0.43,0.69,0.73,0.64,0.54,0.31,41,3,0
"llama3","seed_989","trained","all_domains_20_samples",20,"temp_025","zero_shot","structured","answer_first","markdown","test_set_2",0.55,0.45,0.53,0,7,100,55,0.55,45,53,0.57,0.4,0.43,0.4,0.6,0.71,0.62,40,2,5
"llama2","seed_989","trained","all_domains_20_samples",20,"temp_06","few_shot","structured","answer_first","markdown","test_set_1",0.39,0.61,0.37,0,8,99,39,0.39,61,37,0.29,0.57,0.31,0.33,0.43,0.23,0.44,54,2,6
"llama2","seed_206","trained","all_domains_20_samples",20,"temp_025","zero_shot","structured","fact_first","markdown","test_set_1",0.41,0.59,0.37,2,7,99,41,0.42,57,37,0.36,0.36,0.31,0.13,0.64,0.31,0.5,55,4,3
"llama2","seed_989","trained","all_domains_20_samples",20,"temp_06","zero_shot","unstructured","fact_first","number_list","test_set_2",0.39,0.61,0.36,3,11,100,39,0.4,58,36,0.43,0.33,0.36,0.33,0.47,0.43,0.15,53,3,8
"llama2","seed_206","trained","all_domains_20_samples",20,"greedy","few_shot","unstructured","answer_first","markdown","test_set_2",0.31,0.69,0.28,0,9,100,31,0.31,69,28,0.29,0.4,0.43,0.2,0.2,0.29,0.15,63,3,6
"llama3","seed_206","trained","all_domains_20_samples",20,"temp_025","few_shot","structured","fact_first","markdown","test_set_1",0.4,0.6,0.39,16,8,99,40,0.48,44,39,0.36,0.29,0.69,0.4,0.43,0.31,0.31,52,1,7
"llama2","seed_206","trained","all_domains_20_samples",20,"temp_025","few_shot","unstructured","fact_first","markdown","test_set_1",0.31,0.69,0.3,1,6,99,31,0.31,68,30,0.21,0.36,0.46,0.33,0.36,0.23,0.19,63,1,5
"llama3","seed_989","trained","all_domains_20_samples",20,"greedy","zero_shot","unstructured","answer_first","markdown","test_set_1",0.55,0.45,0.54,0,4,99,54,0.54,46,53,0.57,0.36,0.69,0.73,0.57,0.54,0.31,42,1,3
"llama2","seed_989","trained","all_domains_20_samples",20,"greedy","zero_shot","unstructured","answer_first","markdown","test_set_1",0.35,0.65,0.34,1,8,99,35,0.35,64,34,0.07,0.5,0.38,0.27,0.5,0.38,0.31,57,1,7
"llama3","seed_206","trained","all_domains_20_samples",20,"temp_06","zero_shot","structured","fact_first","markdown","test_set_1",0.52,0.48,0.48,0,6,99,51,0.51,49,48,0.57,0.36,0.77,0.47,0.57,0.46,0.25,45,3,3
"llama3","seed_206","trained","all_domains_20_samples",20,"temp_06","few_shot","structured","answer_first","markdown","test_set_2",0.56,0.44,0.5,0,9,100,56,0.56,44,50,0.57,0.33,0.5,0.4,0.33,0.79,0.62,41,6,3
"llama3","seed_989","trained","all_domains_20_samples",20,"temp_06","few_shot","unstructured","answer_first","markdown","test_set_2",0.55,0.45,0.49,0,8,100,55,0.55,45,49,0.57,0.4,0.57,0.33,0.47,0.64,0.46,43,6,2
"llama3","seed_206","trained","all_domains_20_samples",20,"temp_06","few_shot","unstructured","fact_first","markdown","test_set_1",0.51,0.49,0.48,4,3,99,50,0.52,46,48,0.57,0.29,0.38,0.6,0.64,0.54,0.38,48,2,1
"llama3","seed_989","trained","all_domains_20_samples",20,"greedy","zero_shot","unstructured","fact_first","markdown","test_set_1",0.44,0.56,0.44,4,2,99,44,0.46,52,44,0.5,0.5,0.62,0.47,0.36,0.38,0.31,53,0,2
"llama2","seed_206","trained","all_domains_20_samples",20,"temp_06","zero_shot","unstructured","fact_first","markdown","test_set_1",0.34,0.66,0.34,2,7,99,34,0.35,64,34,0.29,0.5,0.23,0.2,0.36,0.54,0.31,58,0,7
"llama2","seed_989","trained","all_domains_10_samples",10,"greedy","few_shot","structured","fact_first","markdown","test_set_2",0.41,0.59,0.31,11,17,100,41,0.46,48,31,0.64,0.33,0.43,0.2,0.27,0.14,0.15,52,10,7
"llama2","seed_989","trained","all_domains_20_samples",20,"temp_025","few_shot","unstructured","fact_first","number_list","test_set_2",0.29,0.71,0.27,1,6,100,29,0.29,70,27,0.36,0.27,0.36,0.13,0.33,0.14,0.31,67,2,4
"llama2","seed_206","trained","all_domains_20_samples",20,"temp_06","zero_shot","structured","answer_first","markdown","test_set_2",0.35,0.65,0.3,0,15,100,35,0.35,65,30,0.36,0.47,0.29,0.27,0.13,0.29,0.31,55,5,10
"llama3","seed_989","trained","all_domains_20_samples",20,"temp_06","zero_shot","structured","answer_first","markdown","test_set_2",0.57,0.43,0.54,0,7,100,57,0.57,43,54,0.57,0.47,0.5,0.33,0.6,0.71,0.62,39,3,4
"llama2","seed_206","trained","all_domains_20_samples",20,"temp_06","few_shot","structured","answer_first","number_list","test_set_2",0.32,0.68,0.26,2,17,100,32,0.33,66,26,0.29,0.4,0.36,0.13,0.07,0.29,0.31,57,6,11
"llama3","seed_989","trained","all_domains_20_samples",20,"temp_025","zero_shot","unstructured","answer_first","markdown","test_set_1",0.56,0.44,0.55,0,4,99,55,0.55,45,54,0.64,0.36,0.69,0.73,0.57,0.54,0.31,41,1,3
"llama3","seed_206","trained","all_domains_20_samples",20,"temp_06","few_shot","structured","fact_first","markdown","test_set_1",0.39,0.61,0.37,20,8,99,39,0.49,41,37,0.29,0.36,0.62,0.53,0.29,0.31,0.25,54,2,6
"llama3","seed_989","trained","all_domains_20_samples",20,"greedy","zero_shot","structured","fact_first","markdown","test_set_1",0.53,0.47,0.48,0,7,99,52,0.52,48,48,0.5,0.43,0.69,0.53,0.5,0.54,0.25,44,4,3
"llama2","seed_206","trained","all_domains_20_samples",20,"temp_06","zero_shot","structured","fact_first","markdown","test_set_1",0.41,0.59,0.36,0,8,99,41,0.41,59,36,0.57,0.21,0.23,0.13,0.36,0.38,0.63,55,5,3
"llama2","seed_206","trained","all_domains_20_samples",20,"temp_025","few_shot","structured","fact_first","markdown","test_set_1",0.32,0.68,0.27,6,8,99,32,0.34,62,27,0.14,0.43,0.31,0,0.43,0.23,0.38,64,5,3
"llama2","seed_989","trained","all_domains_20_samples",20,"temp_025","zero_shot","unstructured","answer_first","markdown","test_set_1",0.35,0.65,0.34,1,8,99,35,0.35,64,34,0.07,0.5,0.38,0.27,0.5,0.38,0.31,57,1,7
"llama2","seed_989","trained","all_domains_20_samples",20,"greedy","zero_shot","unstructured","fact_first","markdown","test_set_1",0.35,0.65,0.35,2,7,99,35,0.36,63,35,0.21,0.43,0.46,0.27,0.36,0.46,0.31,57,0,7
"llama3","seed_989","trained","all_domains_20_samples",20,"greedy","few_shot","unstructured","fact_first","markdown","test_set_1",0.53,0.47,0.51,1,3,99,52,0.53,47,50,0.36,0.36,0.46,0.67,0.79,0.54,0.38,46,2,1
"llama3","seed_989","trained","all_domains_20_samples",20,"temp_06","zero_shot","unstructured","answer_first","markdown","test_set_1",0.53,0.47,0.52,0,4,99,52,0.52,48,51,0.57,0.36,0.69,0.73,0.57,0.54,0.19,44,1,3
"llama3","seed_989","trained","all_domains_20_samples",20,"temp_025","zero_shot","unstructured","fact_first","markdown","test_set_1",0.45,0.55,0.45,0,2,99,45,0.45,55,45,0.5,0.5,0.62,0.67,0.21,0.38,0.31,52,0,2
"llama2","seed_206","trained","all_domains_20_samples",20,"temp_025","few_shot","unstructured","answer_first","markdown","test_set_2",0.33,0.67,0.3,0,9,100,33,0.33,67,30,0.29,0.4,0.5,0.2,0.2,0.36,0.15,61,3,6
"llama2","seed_206","trained","all_domains_20_samples",20,"temp_06","few_shot","unstructured","fact_first","markdown","test_set_1",0.29,0.71,0.26,1,7,99,29,0.29,70,26,0.21,0.21,0.38,0.27,0.43,0.23,0.13,66,3,4
"llama3","seed_989","trained","all_domains_20_samples",20,"greedy","few_shot","structured","answer_first","markdown","test_set_2",0.55,0.45,0.5,0,8,100,55,0.55,45,50,0.57,0.4,0.5,0.4,0.27,0.79,0.62,42,5,3
"llama2","seed_206","trained","all_domains_20_samples",20,"temp_025","few_shot","structured","fact_first","number_list","test_set_2",0.36,0.64,0.29,0,16,100,36,0.36,64,29,0.36,0.53,0.29,0.27,0.2,0.21,0.15,55,7,9
"llama2","seed_989","trained","all_domains_20_samples",20,"greedy","zero_shot","structured","answer_first","markdown","test_set_2",0.35,0.65,0.3,0,16,100,35,0.35,65,30,0.5,0.33,0.36,0.4,0,0.29,0.23,54,5,11
"llama2","seed_206","trained","all_domains_20_samples",20,"greedy","few_shot","structured","answer_first","markdown","test_set_2",0.31,0.69,0.25,0,11,100,31,0.31,69,25,0.36,0.47,0.29,0.33,0.13,0,0.15,64,6,5
"llama2","seed_989","trained","all_domains_20_samples",20,"temp_06","few_shot","unstructured","fact_first","number_list","test_set_2",0.29,0.71,0.27,3,7,100,29,0.3,68,27,0.36,0.47,0.36,0.13,0.13,0.21,0.23,66,2,5
"llama3","seed_989","trained","all_domains_20_samples",20,"temp_025","zero_shot","structured","fact_first","markdown","test_set_1",0.54,0.46,0.51,0,7,99,53,0.53,47,50,0.57,0.43,0.77,0.4,0.5,0.62,0.31,42,3,4
"llama3","seed_989","trained","all_domains_20_samples",20,"temp_025","few_shot","unstructured","fact_first","markdown","test_set_1",0.45,0.55,0.42,0,3,99,45,0.45,55,42,0.36,0.29,0.38,0.53,0.43,0.54,0.44,54,3,0
"llama2","seed_989","trained","all_domains_20_samples",20,"temp_06","zero_shot","unstructured","answer_first","markdown","test_set_1",0.36,0.64,0.33,1,10,99,36,0.36,63,33,0.07,0.57,0.38,0.2,0.43,0.38,0.31,56,3,7
"llama2","seed_989","trained","all_domains_20_samples",20,"greedy","zero_shot","structured","fact_first","markdown","test_set_1",0.45,0.55,0.42,0,8,99,45,0.45,55,42,0.36,0.57,0.31,0.2,0.64,0.46,0.44,49,3,5
"llama3","seed_989","trained","all_domains_20_samples",20,"greedy","few_shot","structured","fact_first","markdown","test_set_1",0.4,0.6,0.37,16,8,99,40,0.48,44,37,0.5,0.29,0.54,0.47,0.36,0.23,0.25,54,3,5
"llama3","seed_206","trained","all_domains_20_samples",20,"greedy","zero_shot","unstructured","answer_first","markdown","test_set_2",0.54,0.46,0.48,0,8,100,54,0.54,46,48,0.36,0.33,0.36,0.6,0.6,0.57,0.54,44,6,2
"llama3","seed_989","trained","all_domains_20_samples",20,"temp_06","zero_shot","unstructured","fact_first","markdown","test_set_1",0.55,0.45,0.55,1,2,99,54,0.55,45,54,0.71,0.5,0.85,0.53,0.36,0.38,0.5,43,0,2
"llama2","seed_989","trained","all_domains_20_samples",20,"temp_025","zero_shot","unstructured","fact_first","markdown","test_set_1",0.32,0.68,0.32,2,7,99,32,0.33,66,32,0.21,0.36,0.46,0.27,0.36,0.38,0.25,60,0,7
"llama3","seed_989","trained","all_domains_20_samples",20,"temp_025","few_shot","structured","answer_first","markdown","test_set_2",0.53,0.47,0.48,0,8,100,53,0.53,47,48,0.57,0.33,0.5,0.4,0.27,0.79,0.54,44,5,3
"llama2","seed_989","trained","all_domains_10_samples",10,"temp_025","few_shot","structured","fact_first","markdown","test_set_2",0.37,0.63,0.3,13,16,100,37,0.43,50,30,0.57,0.47,0.36,0.2,0.27,0.14,0.08,54,7,9
"llama2","seed_206","trained","all_domains_20_samples",20,"greedy","zero_shot","unstructured","answer_first","markdown","test_set_2",0.31,0.69,0.27,0,10,100,31,0.31,69,27,0.36,0.27,0.36,0.2,0.2,0.36,0.15,63,4,6
"llama2","seed_989","trained","all_domains_20_samples",20,"greedy","few_shot","structured","answer_first","number_list","test_set_2",0.3,0.7,0.26,1,15,100,30,0.3,69,26,0.43,0.47,0.29,0.2,0.07,0.07,0.31,59,4,11
"llama2","seed_989","trained","all_domains_20_samples",20,"greedy","few_shot","unstructured","fact_first","markdown","test_set_1",0.32,0.68,0.3,3,6,99,32,0.33,65,30,0.14,0.43,0.46,0.27,0.43,0.23,0.19,63,2,4
"llama2","seed_206","trained","all_domains_20_samples",20,"temp_06","few_shot","unstructured","answer_first","markdown","test_set_2",0.27,0.73,0.26,0,8,100,27,0.27,73,26,0.29,0.4,0.43,0.2,0.13,0.29,0.08,66,1,7
"llama3","seed_989","trained","all_domains_20_samples",20,"temp_06","few_shot","unstructured","fact_first","markdown","test_set_1",0.49,0.51,0.48,0,4,99,49,0.49,51,48,0.57,0.5,0.46,0.67,0.43,0.23,0.5,47,1,3
"llama2","seed_989","trained","all_domains_20_samples",20,"temp_025","zero_shot","structured","answer_first","markdown","test_set_2",0.34,0.66,0.29,0,16,100,34,0.34,66,29,0.5,0.4,0.36,0.33,0,0.21,0.23,55,5,11
"llama3","seed_206","trained","all_domains_20_samples",20,"temp_025","zero_shot","unstructured","answer_first","markdown","test_set_2",0.54,0.46,0.49,0,7,100,54,0.54,46,49,0.36,0.33,0.43,0.6,0.6,0.57,0.54,44,5,2
"llama3","seed_206","trained","all_domains_20_samples",20,"greedy","zero_shot","unstructured","fact_first","markdown","test_set_2",0.53,0.47,0.46,0,11,100,53,0.53,47,46,0.64,0.4,0.36,0.53,0.2,0.79,0.31,43,7,4
"llama2","seed_206","trained","all_domains_20_samples",20,"temp_06","few_shot","structured","fact_first","markdown","test_set_1",0.36,0.64,0.33,3,9,99,36,0.37,61,33,0.14,0.43,0.23,0.2,0.29,0.46,0.56,57,3,6
"llama3","seed_989","trained","all_domains_20_samples",20,"temp_025","few_shot","structured","fact_first","markdown","test_set_1",0.34,0.66,0.31,25,8,99,34,0.45,41,31,0.43,0.36,0.46,0.4,0.29,0.08,0.19,60,3,5
"llama3","seed_206","trained","all_domains_20_samples",20,"greedy","zero_shot","structured","fact_first","markdown","test_set_2",0.55,0.45,0.5,0,8,100,55,0.55,45,50,0.64,0.4,0.5,0.4,0.47,0.79,0.31,42,5,3
"llama2","seed_989","trained","all_domains_20_samples",20,"temp_025","zero_shot","structured","fact_first","markdown","test_set_1",0.43,0.57,0.39,1,7,99,43,0.43,56,39,0.43,0.57,0.38,0.13,0.5,0.31,0.44,53,4,3
"llama3","seed_989","trained","all_domains_20_samples",20,"temp_06","few_shot","structured","answer_first","markdown","test_set_2",0.59,0.41,0.52,0,9,100,59,0.59,41,52,0.57,0.4,0.57,0.33,0.4,0.79,0.62,39,7,2
"llama2","seed_989","trained","all_domains_20_samples",20,"temp_06","zero_shot","unstructured","fact_first","markdown","test_set_1",0.34,0.66,0.32,4,7,99,34,0.35,62,32,0.14,0.5,0.38,0.13,0.36,0.62,0.19,60,2,5
"llama3","seed_206","trained","all_domains_20_samples",20,"greedy","few_shot","unstructured","fact_first","markdown","test_set_2",0.48,0.52,0.47,2,6,100,48,0.49,50,47,0.71,0.33,0.5,0.4,0.47,0.36,0.54,47,1,5
"llama2","seed_206","trained","all_domains_20_samples",20,"temp_025","zero_shot","unstructured","answer_first","markdown","test_set_2",0.31,0.69,0.27,0,10,100,31,0.31,69,27,0.36,0.27,0.36,0.13,0.2,0.43,0.15,63,4,6
"llama2","seed_206","trained","all_domains_75_samples",75,"greedy","zero_shot","structured","answer_first","number_list","test_set_1",0.38,0.62,0.34,0,8,99,38,0.38,62,34,0.43,0.21,0.31,0.13,0.5,0.54,0.31,57,4,4
"llama3","seed_206","trained","all_domains_20_samples",20,"temp_025","zero_shot","unstructured","fact_first","markdown","test_set_2",0.54,0.46,0.48,1,10,100,54,0.55,45,48,0.64,0.33,0.36,0.4,0.53,0.71,0.38,42,6,4
"llama3","seed_206","trained","all_domains_20_samples",20,"temp_06","zero_shot","unstructured","answer_first","markdown","test_set_2",0.55,0.45,0.48,0,9,100,55,0.55,45,48,0.36,0.33,0.5,0.6,0.47,0.57,0.54,43,7,2
"llama2","seed_206","trained","all_domains_20_samples",20,"temp_025","few_shot","structured","answer_first","markdown","test_set_2",0.32,0.68,0.26,0,11,100,32,0.32,68,26,0.43,0.47,0.29,0.33,0.13,0,0.15,63,6,5
"llama2","seed_989","trained","all_domains_20_samples",20,"temp_06","zero_shot","structured","answer_first","markdown","test_set_2",0.31,0.69,0.26,0,15,100,31,0.31,69,26,0.29,0.4,0.29,0.27,0.07,0.21,0.31,59,5,10
"llama2","seed_989","trained","all_domains_20_samples",20,"temp_025","few_shot","unstructured","fact_first","markdown","test_set_1",0.33,0.67,0.31,2,6,99,33,0.34,65,31,0.36,0.36,0.38,0.33,0.5,0.15,0.13,62,2,4
"llama2","seed_989","trained","all_domains_20_samples",20,"greedy","few_shot","unstructured","answer_first","markdown","test_set_2",0.31,0.69,0.28,0,9,100,31,0.31,69,28,0.29,0.4,0.43,0.2,0.2,0.29,0.15,63,3,6
"llama3","seed_206","trained","all_domains_20_samples",20,"temp_025","zero_shot","structured","fact_first","markdown","test_set_2",0.6,0.4,0.55,0,7,100,60,0.6,40,55,0.57,0.6,0.64,0.4,0.47,0.79,0.38,38,5,2
"llama2","seed_206","trained","all_domains_20_samples",20,"greedy","zero_shot","unstructured","fact_first","markdown","test_set_2",0.35,0.65,0.32,3,8,100,35,0.36,62,32,0.5,0.2,0.5,0.33,0.27,0.21,0.23,60,3,5
"llama3","seed_989","trained","all_domains_20_samples",20,"temp_06","few_shot","structured","fact_first","markdown","test_set_1",0.41,0.59,0.37,18,9,99,41,0.5,41,37,0.5,0.29,0.69,0.47,0.29,0.23,0.19,53,4,5
"llama3","seed_206","trained","all_domains_20_samples",20,"temp_025","few_shot","unstructured","fact_first","markdown","test_set_2",0.54,0.46,0.49,2,7,100,54,0.55,44,49,0.71,0.33,0.57,0.47,0.6,0.29,0.46,44,5,2
"llama2","seed_989","trained","all_domains_20_samples",20,"greedy","few_shot","structured","fact_first","number_list","test_set_2",0.35,0.65,0.27,0,18,100,35,0.35,65,27,0.29,0.53,0.21,0.33,0.2,0.07,0.23,55,8,10
"llama2","seed_989","trained","all_domains_20_samples",20,"temp_06","zero_shot","structured","fact_first","markdown","test_set_1",0.41,0.59,0.35,1,7,99,41,0.41,58,35,0.5,0.36,0.38,0.13,0.5,0.31,0.31,57,6,1
"llama2","seed_989","trained","all_domains_10_samples",10,"temp_06","few_shot","structured","fact_first","markdown","test_set_2",0.39,0.61,0.32,7,16,100,39,0.42,54,32,0.64,0.4,0.36,0.13,0.27,0.14,0.31,52,7,9
"llama3","seed_206","trained","all_domains_20_samples",20,"temp_06","zero_shot","unstructured","fact_first","markdown","test_set_2",0.54,0.46,0.48,0,10,100,54,0.54,46,48,0.71,0.27,0.29,0.53,0.47,0.79,0.31,42,6,4
"llama2","seed_989","trained","all_domains_20_samples",20,"temp_025","few_shot","structured","answer_first","number_list","test_set_2",0.31,0.69,0.27,2,15,100,31,0.32,67,27,0.43,0.47,0.36,0.2,0.07,0.07,0.31,58,4,11
"llama3","seed_989","trained","all_domains_20_samples",20,"greedy","zero_shot","unstructured","answer_first","markdown","test_set_2",0.54,0.46,0.48,0,8,100,54,0.54,46,48,0.36,0.33,0.36,0.6,0.6,0.57,0.54,44,6,2
"llama2","seed_206","trained","all_domains_20_samples",20,"temp_06","zero_shot","unstructured","answer_first","markdown","test_set_2",0.3,0.7,0.26,0,11,100,30,0.3,70,26,0.36,0.27,0.36,0.13,0.13,0.5,0.08,63,4,7
"llama2","seed_206","trained","all_domains_75_samples",75,"temp_025","zero_shot","structured","answer_first","number_list","test_set_1",0.39,0.61,0.35,0,8,99,39,0.39,61,35,0.5,0.21,0.31,0.13,0.5,0.54,0.31,56,4,4
"llama3","seed_206","trained","all_domains_20_samples",20,"temp_06","zero_shot","structured","fact_first","markdown","test_set_2",0.56,0.44,0.5,0,9,100,56,0.56,44,50,0.57,0.47,0.5,0.27,0.4,0.79,0.54,41,6,3
"llama2","seed_989","trained","all_domains_20_samples",20,"greedy","few_shot","structured","fact_first","markdown","test_set_1",0.35,0.65,0.31,4,8,99,35,0.36,61,31,0.21,0.5,0.23,0.13,0.5,0.31,0.31,60,4,4
"llama3","seed_206","trained","all_domains_20_samples",20,"temp_06","few_shot","unstructured","fact_first","markdown","test_set_2",0.5,0.5,0.46,1,7,100,50,0.51,49,46,0.5,0.27,0.5,0.6,0.47,0.36,0.54,47,4,3
"llama3","seed_206","trained","all_domains_20_samples",20,"greedy","few_shot","structured","fact_first","markdown","test_set_2",0.42,0.58,0.35,23,11,100,42,0.55,35,35,0.64,0.4,0.36,0.2,0.2,0.43,0.23,54,7,4
"llama2","seed_989","trained","all_domains_20_samples",20,"temp_06","few_shot","unstructured","fact_first","markdown","test_set_1",0.31,0.69,0.29,1,8,99,31,0.31,68,29,0.29,0.36,0.54,0.33,0.29,0.15,0.13,62,2,6
"llama2","seed_206","trained","all_domains_20_samples",20,"greedy","zero_shot","structured","fact_first","markdown","test_set_2",0.35,0.65,0.31,0,11,100,35,0.35,65,31,0.43,0.33,0.5,0.33,0.33,0.14,0.08,58,4,7
"llama2","seed_206","trained","all_domains_20_samples",20,"temp_025","zero_shot","unstructured","fact_first","markdown","test_set_2",0.29,0.71,0.25,1,9,100,29,0.29,70,25,0.5,0.2,0.21,0.2,0.33,0.14,0.15,66,4,5
"llama2","seed_989","trained","all_domains_20_samples",20,"greedy","zero_shot","unstructured","answer_first","markdown","test_set_2",0.31,0.69,0.27,0,10,100,31,0.31,69,27,0.36,0.27,0.36,0.2,0.2,0.36,0.15,63,4,6
"llama3","seed_989","trained","all_domains_20_samples",20,"greedy","zero_shot","unstructured","fact_first","markdown","test_set_2",0.53,0.47,0.46,0,11,100,53,0.53,47,46,0.64,0.4,0.36,0.53,0.2,0.79,0.31,43,7,4
"llama2","seed_989","trained","all_domains_20_samples",20,"temp_025","few_shot","unstructured","answer_first","markdown","test_set_2",0.3,0.7,0.26,0,10,100,30,0.3,70,26,0.21,0.4,0.43,0.2,0.13,0.29,0.15,64,4,6
"llama3","seed_989","trained","all_domains_20_samples",20,"temp_025","zero_shot","unstructured","answer_first","markdown","test_set_2",0.54,0.46,0.48,0,8,100,54,0.54,46,48,0.36,0.33,0.43,0.6,0.6,0.57,0.46,44,6,2
"llama2","seed_206","trained","all_domains_75_samples",75,"greedy","few_shot","unstructured","answer_first","number_list","test_set_1",0.38,0.62,0.34,0,11,99,38,0.38,62,34,0.21,0.43,0.38,0.07,0.64,0.38,0.31,54,4,7
"llama2","seed_206","trained","all_domains_20_samples",20,"temp_06","few_shot","structured","answer_first","markdown","test_set_2",0.34,0.66,0.28,0,11,100,34,0.34,66,28,0.43,0.4,0.29,0.33,0.2,0.07,0.23,61,6,5
"llama3","seed_989","trained","all_domains_20_samples",20,"greedy","zero_shot","structured","fact_first","markdown","test_set_2",0.55,0.45,0.5,0,8,100,55,0.55,45,50,0.64,0.4,0.5,0.4,0.47,0.79,0.31,42,5,3
"llama3","seed_989","trained","all_domains_20_samples",20,"greedy","few_shot","unstructured","fact_first","markdown","test_set_2",0.48,0.52,0.47,2,6,100,48,0.49,50,47,0.71,0.33,0.5,0.4,0.47,0.36,0.54,47,1,5
"llama2","seed_206","trained","all_domains_75_samples",75,"temp_06","zero_shot","structured","answer_first","number_list","test_set_1",0.34,0.66,0.32,0,7,99,34,0.34,66,32,0.21,0.21,0.31,0.27,0.5,0.54,0.25,60,2,5
"llama3","seed_206","trained","all_domains_75_samples",75,"greedy","few_shot","unstructured","answer_first","number_list","test_set_1",0.51,0.49,0.48,0,5,99,50,0.5,50,48,0.57,0.29,0.77,0.6,0.5,0.46,0.25,46,2,3
"llama3","seed_989","trained","all_domains_20_samples",20,"temp_025","zero_shot","unstructured","fact_first","markdown","test_set_2",0.56,0.44,0.49,0,11,100,56,0.56,44,49,0.79,0.27,0.29,0.6,0.4,0.71,0.38,40,7,4
"llama2","seed_206","trained","all_domains_75_samples",75,"greedy","few_shot","structured","answer_first","number_list","test_set_1",0.4,0.6,0.38,0,5,99,40,0.4,60,38,0.36,0.21,0.38,0.2,0.57,0.46,0.5,56,2,3
"llama3","seed_206","trained","all_domains_20_samples",20,"temp_025","few_shot","structured","fact_first","markdown","test_set_2",0.51,0.49,0.45,18,11,100,51,0.62,31,45,0.71,0.6,0.29,0.4,0.33,0.43,0.38,44,6,5
"llama3","seed_989","trained","all_domains_20_samples",20,"temp_06","zero_shot","unstructured","answer_first","markdown","test_set_2",0.56,0.44,0.51,0,7,100,56,0.56,44,51,0.43,0.4,0.43,0.6,0.6,0.57,0.54,42,5,2
"llama2","seed_989","trained","all_domains_20_samples",20,"temp_025","few_shot","structured","fact_first","number_list","test_set_2",0.39,0.61,0.3,0,17,100,39,0.39,61,30,0.43,0.47,0.21,0.33,0.2,0.07,0.38,53,9,8
"llama2","seed_989","trained","all_domains_20_samples",20,"temp_025","zero_shot","unstructured","answer_first","markdown","test_set_2",0.33,0.67,0.29,0,10,100,33,0.33,67,29,0.36,0.27,0.43,0.2,0.2,0.43,0.15,61,4,6
"llama2","seed_206","trained","all_domains_20_samples",20,"temp_06","zero_shot","unstructured","fact_first","markdown","test_set_2",0.35,0.65,0.33,2,8,100,35,0.36,63,33,0.57,0.27,0.57,0.27,0.2,0.29,0.15,59,2,6
"llama3","seed_206","trained","all_domains_75_samples",75,"greedy","few_shot","structured","answer_first","number_list","test_set_1",0.52,0.48,0.49,0,4,99,51,0.51,49,49,0.5,0.21,0.62,0.67,0.57,0.38,0.5,46,2,2
"llama2","seed_989","trained","all_domains_20_samples",20,"temp_06","few_shot","structured","answer_first","number_list","test_set_2",0.32,0.68,0.26,3,17,100,32,0.33,65,26,0.29,0.4,0.36,0.2,0.33,0.14,0.08,57,6,11
"llama2","seed_206","trained","all_domains_20_samples",20,"greedy","few_shot","unstructured","fact_first","markdown","test_set_2",0.3,0.7,0.26,5,8,100,30,0.32,65,26,0.36,0.2,0.36,0.33,0.13,0.29,0.15,66,4,4
"llama2","seed_206","trained","all_domains_20_samples",20,"temp_025","zero_shot","structured","fact_first","markdown","test_set_2",0.32,0.68,0.29,0,12,100,32,0.32,68,29,0.43,0.13,0.43,0.33,0.27,0.14,0.31,59,3,9
"llama3","seed_989","trained","all_domains_20_samples",20,"temp_025","zero_shot","structured","fact_first","markdown","test_set_2",0.54,0.46,0.48,0,8,100,54,0.54,46,48,0.57,0.47,0.5,0.47,0.33,0.64,0.38,44,6,2
"llama3","seed_989","trained","all_domains_20_samples",20,"temp_025","few_shot","unstructured","fact_first","markdown","test_set_2",0.56,0.44,0.54,3,6,100,56,0.58,41,54,0.79,0.33,0.5,0.6,0.6,0.43,0.54,40,2,4
"llama2","seed_989","trained","all_domains_20_samples",20,"temp_06","few_shot","unstructured","answer_first","markdown","test_set_2",0.31,0.69,0.25,0,11,100,31,0.31,69,25,0.14,0.4,0.43,0.13,0.13,0.29,0.23,64,6,5
"llama2","seed_989","trained","all_domains_75_samples",75,"greedy","zero_shot","structured","answer_first","number_list","test_set_1",0.38,0.62,0.34,0,8,99,38,0.38,62,34,0.43,0.21,0.31,0.13,0.5,0.54,0.31,57,4,4
"llama3","seed_206","trained","all_domains_75_samples",75,"temp_025","few_shot","unstructured","answer_first","number_list","test_set_1",0.51,0.49,0.48,0,5,99,50,0.5,50,48,0.57,0.29,0.77,0.6,0.5,0.46,0.25,46,2,3
"llama2","seed_989","trained","all_domains_20_samples",20,"temp_025","few_shot","structured","fact_first","markdown","test_set_1",0.34,0.66,0.3,1,8,99,34,0.34,65,30,0.14,0.5,0.31,0.27,0.29,0.23,0.38,61,4,4
"llama3","seed_989","trained","all_domains_20_samples",20,"temp_06","zero_shot","unstructured","fact_first","markdown","test_set_2",0.54,0.46,0.46,3,12,100,54,0.56,43,46,0.64,0.33,0.36,0.67,0.2,0.71,0.31,42,8,4
"llama2","seed_206","trained","all_domains_75_samples",75,"temp_025","few_shot","unstructured","answer_first","number_list","test_set_1",0.36,0.64,0.32,0,11,99,36,0.36,64,32,0.21,0.36,0.38,0.07,0.64,0.31,0.31,56,4,7
"llama2","seed_989","trained","all_domains_20_samples",20,"greedy","zero_shot","unstructured","fact_first","markdown","test_set_2",0.35,0.65,0.32,3,8,100,35,0.36,62,32,0.5,0.2,0.5,0.33,0.27,0.21,0.23,60,3,5
"llama3","seed_206","trained","all_domains_20_samples",20,"temp_06","few_shot","structured","fact_first","markdown","test_set_2",0.52,0.48,0.43,15,12,100,52,0.61,33,43,0.64,0.27,0.21,0.53,0.33,0.43,0.62,45,9,3
"llama2","seed_989","trained","all_domains_20_samples",20,"temp_06","zero_shot","unstructured","answer_first","markdown","test_set_2",0.33,0.67,0.29,0,10,100,33,0.33,67,29,0.36,0.27,0.36,0.27,0.13,0.5,0.15,61,4,6
"llama3","seed_206","trained","all_domains_75_samples",75,"temp_025","few_shot","structured","answer_first","number_list","test_set_1",0.49,0.51,0.47,0,4,99,49,0.49,51,47,0.5,0.21,0.62,0.67,0.57,0.38,0.38,48,2,2
"llama3","seed_989","trained","all_domains_20_samples",20,"temp_06","few_shot","unstructured","fact_first","markdown","test_set_2",0.5,0.5,0.45,2,8,100,50,0.51,48,45,0.64,0.27,0.36,0.47,0.6,0.43,0.38,47,5,3
"llama3","seed_989","trained","all_domains_20_samples",20,"temp_06","zero_shot","structured","fact_first","markdown","test_set_2",0.53,0.47,0.48,0,7,100,53,0.53,47,48,0.5,0.6,0.5,0.33,0.27,0.79,0.38,45,5,2
"llama3","seed_206","trained","all_domains_75_samples",75,"temp_06","few_shot","unstructured","answer_first","number_list","test_set_1",0.51,0.49,0.48,0,5,99,50,0.5,50,48,0.57,0.29,0.77,0.6,0.5,0.46,0.25,46,2,3
"llama2","seed_989","trained","all_domains_20_samples",20,"greedy","few_shot","structured","answer_first","markdown","test_set_2",0.31,0.69,0.25,0,11,100,31,0.31,69,25,0.36,0.47,0.29,0.33,0.13,0,0.15,64,6,5
"llama2","seed_206","trained","all_domains_20_samples",20,"temp_06","zero_shot","structured","fact_first","markdown","test_set_2",0.32,0.68,0.3,0,11,100,32,0.32,68,30,0.5,0.27,0.43,0.33,0.27,0.14,0.15,59,2,9
"llama2","seed_989","trained","all_domains_75_samples",75,"temp_025","zero_shot","structured","answer_first","number_list","test_set_1",0.4,0.6,0.36,0,7,99,40,0.4,60,36,0.43,0.21,0.31,0.27,0.5,0.54,0.31,56,4,3
"llama2","seed_206","trained","all_domains_20_samples",20,"temp_025","few_shot","unstructured","fact_first","markdown","test_set_2",0.34,0.66,0.28,1,9,100,34,0.34,65,28,0.36,0.2,0.5,0.33,0.13,0.29,0.15,63,6,3
"llama2","seed_206","trained","all_domains_75_samples",75,"temp_025","few_shot","structured","answer_first","number_list","test_set_1",0.37,0.63,0.35,0,5,99,37,0.37,63,35,0.36,0.21,0.38,0.2,0.5,0.38,0.44,59,2,3
"llama3","seed_989","trained","all_domains_20_samples",20,"greedy","few_shot","structured","fact_first","markdown","test_set_2",0.42,0.58,0.35,23,11,100,42,0.55,35,35,0.64,0.4,0.36,0.2,0.2,0.43,0.23,54,7,4
"llama2","seed_989","trained","all_domains_20_samples",20,"temp_06","few_shot","structured","fact_first","number_list","test_set_2",0.37,0.63,0.28,0,17,100,37,0.37,63,28,0.36,0.4,0.29,0.27,0.13,0.29,0.23,55,9,8
"llama2","seed_989","trained","all_domains_20_samples",20,"temp_025","zero_shot","unstructured","fact_first","markdown","test_set_2",0.39,0.61,0.35,1,9,100,39,0.39,60,35,0.5,0.27,0.43,0.27,0.27,0.36,0.38,56,4,5
"llama3","seed_206","trained","all_domains_75_samples",75,"temp_06","few_shot","structured","answer_first","number_list","test_set_1",0.48,0.52,0.46,0,4,99,48,0.48,52,46,0.5,0.29,0.54,0.67,0.57,0.38,0.31,49,2,2
"llama2","seed_206","trained","all_domains_75_samples",75,"temp_06","few_shot","unstructured","answer_first","number_list","test_set_1",0.4,0.6,0.36,0,11,99,40,0.4,60,36,0.29,0.43,0.46,0.13,0.5,0.46,0.31,52,4,7
"llama3","seed_989","trained","all_domains_75_samples",75,"greedy","few_shot","unstructured","answer_first","number_list","test_set_1",0.51,0.49,0.48,0,5,99,50,0.5,50,48,0.57,0.29,0.77,0.6,0.5,0.46,0.25,46,2,3
"llama2","seed_989","trained","all_domains_20_samples",20,"greedy","zero_shot","structured","fact_first","markdown","test_set_2",0.35,0.65,0.31,0,11,100,35,0.35,65,31,0.43,0.33,0.5,0.33,0.33,0.14,0.08,58,4,7
"llama2","seed_989","trained","all_domains_20_samples",20,"temp_06","few_shot","structured","fact_first","markdown","test_set_1",0.41,0.59,0.38,2,9,99,41,0.42,57,38,0.07,0.57,0.31,0.4,0.5,0.46,0.38,52,3,6
"llama2","seed_989","trained","all_domains_75_samples",75,"temp_06","zero_shot","structured","answer_first","number_list","test_set_1",0.4,0.6,0.37,0,7,99,40,0.4,60,37,0.43,0.29,0.38,0.2,0.5,0.54,0.31,55,3,4
"llama2","seed_206","trained","all_domains_20_samples",20,"temp_06","few_shot","unstructured","fact_first","markdown","test_set_2",0.3,0.7,0.26,0,8,100,30,0.3,70,26,0.43,0.27,0.21,0.33,0.13,0.29,0.15,66,4,4
"llama3","seed_989","trained","all_domains_75_samples",75,"greedy","few_shot","structured","answer_first","number_list","test_set_1",0.52,0.48,0.49,0,4,99,51,0.51,49,49,0.5,0.21,0.62,0.67,0.57,0.38,0.5,46,2,2
"llama3","seed_989","trained","all_domains_75_samples",75,"temp_025","few_shot","unstructured","answer_first","number_list","test_set_1",0.49,0.51,0.47,0,5,99,49,0.49,51,47,0.57,0.29,0.77,0.6,0.5,0.38,0.25,47,2,3
"llama3","seed_989","trained","all_domains_20_samples",20,"temp_025","few_shot","structured","fact_first","markdown","test_set_2",0.53,0.47,0.46,15,11,100,53,0.62,32,46,0.64,0.47,0.43,0.33,0.4,0.43,0.54,43,7,4
"llama2","seed_989","trained","all_domains_20_samples",20,"temp_06","zero_shot","unstructured","fact_first","markdown","test_set_2",0.31,0.69,0.29,2,9,100,31,0.32,67,29,0.36,0.4,0.36,0.2,0.4,0.29,0,62,2,7
"llama2","seed_989","trained","all_domains_20_samples",20,"temp_025","few_shot","structured","answer_first","markdown","test_set_2",0.31,0.69,0.25,0,11,100,31,0.31,69,25,0.36,0.47,0.29,0.33,0.13,0,0.15,64,6,5
"llama2","seed_989","trained","all_domains_75_samples",75,"greedy","few_shot","unstructured","answer_first","number_list","test_set_1",0.38,0.62,0.34,0,11,99,38,0.38,62,34,0.21,0.43,0.38,0.07,0.64,0.38,0.31,54,4,7
"llama2","seed_989","trained","all_domains_20_samples",20,"temp_025","zero_shot","structured","fact_first","markdown","test_set_2",0.34,0.66,0.31,0,11,100,34,0.34,66,31,0.43,0.2,0.57,0.33,0.13,0.07,0.46,58,3,8
"llama2","seed_206","trained","all_domains_75_samples",75,"greedy","zero_shot","structured","answer_first","number_list","test_set_2",0.38,0.62,0.35,0,10,100,38,0.38,62,35,0.5,0.4,0.36,0.33,0.33,0.21,0.31,55,3,7
"llama2","seed_206","trained","all_domains_75_samples",75,"temp_06","few_shot","structured","answer_first","number_list","test_set_1",0.37,0.63,0.35,0,5,99,37,0.37,63,35,0.29,0.29,0.46,0.2,0.43,0.38,0.44,59,2,3
"llama3","seed_989","trained","all_domains_75_samples",75,"temp_06","few_shot","unstructured","answer_first","number_list","test_set_1",0.51,0.49,0.48,0,5,99,50,0.5,50,48,0.57,0.29,0.77,0.6,0.5,0.46,0.25,46,2,3
"llama3","seed_989","trained","all_domains_75_samples",75,"temp_025","few_shot","structured","answer_first","number_list","test_set_1",0.51,0.49,0.48,0,4,99,50,0.5,50,48,0.5,0.21,0.62,0.67,0.57,0.38,0.44,47,2,2
"llama3","seed_989","trained","all_domains_20_samples",20,"temp_06","few_shot","structured","fact_first","markdown","test_set_2",0.53,0.47,0.45,20,11,100,53,0.66,27,45,0.86,0.33,0.14,0.33,0.33,0.79,0.38,44,8,3
"llama2","seed_989","trained","all_domains_20_samples",20,"greedy","few_shot","unstructured","fact_first","markdown","test_set_2",0.3,0.7,0.26,5,8,100,30,0.32,65,26,0.36,0.2,0.36,0.33,0.13,0.29,0.15,66,4,4
"llama2","seed_206","trained","all_domains_20_samples",20,"greedy","few_shot","structured","fact_first","markdown","test_set_2",0.34,0.66,0.27,5,15,100,34,0.36,61,27,0.43,0.33,0.43,0.13,0.2,0.21,0.15,58,7,8
"llama3","seed_206","trained","all_domains_75_samples",75,"greedy","few_shot","unstructured","answer_first","number_list","test_set_2",0.57,0.43,0.55,0,3,100,57,0.57,43,55,0.36,0.4,0.64,0.6,0.53,0.79,0.54,42,2,1
"llama2","seed_206","trained","all_domains_75_samples",75,"temp_025","zero_shot","structured","answer_first","number_list","test_set_2",0.38,0.62,0.35,0,10,100,38,0.38,62,35,0.5,0.4,0.36,0.33,0.33,0.21,0.31,55,3,7
"llama2","seed_989","trained","all_domains_20_samples",20,"temp_06","zero_shot","structured","fact_first","markdown","test_set_2",0.33,0.67,0.29,0,12,100,33,0.33,67,29,0.5,0.33,0.5,0.13,0.07,0.21,0.31,59,4,8
"llama3","seed_989","trained","all_domains_75_samples",75,"temp_06","few_shot","structured","answer_first","number_list","test_set_1",0.54,0.46,0.52,0,4,99,53,0.53,47,51,0.5,0.29,0.69,0.67,0.57,0.38,0.5,44,2,2
"llama2","seed_989","trained","all_domains_75_samples",75,"temp_025","few_shot","unstructured","answer_first","number_list","test_set_1",0.36,0.64,0.32,0,11,99,36,0.36,64,32,0.21,0.36,0.38,0.07,0.57,0.46,0.25,56,4,7
"llama2","seed_989","trained","all_domains_20_samples",20,"temp_06","few_shot","structured","answer_first","markdown","test_set_2",0.28,0.72,0.23,0,11,100,28,0.28,72,23,0.29,0.4,0.21,0.27,0.13,0,0.31,66,5,6
"llama3","seed_206","trained","all_domains_75_samples",75,"temp_025","few_shot","unstructured","answer_first","number_list","test_set_2",0.57,0.43,0.54,0,4,100,57,0.57,43,54,0.36,0.4,0.64,0.53,0.53,0.79,0.54,42,3,1
"llama2","seed_989","trained","all_domains_20_samples",20,"temp_025","few_shot","unstructured","fact_first","markdown","test_set_2",0.28,0.72,0.24,2,8,100,28,0.29,70,24,0.5,0.2,0.36,0.2,0.13,0.21,0.08,68,4,4
"llama2","seed_989","trained","all_domains_75_samples",75,"greedy","few_shot","structured","answer_first","number_list","test_set_1",0.4,0.6,0.38,0,5,99,40,0.4,60,38,0.36,0.21,0.38,0.2,0.57,0.46,0.5,56,2,3
"llama3","seed_206","trained","all_domains_75_samples",75,"greedy","few_shot","structured","answer_first","number_list","test_set_2",0.58,0.42,0.53,0,6,100,58,0.58,42,53,0.5,0.27,0.64,0.4,0.47,0.79,0.69,41,5,1
"llama2","seed_206","trained","all_domains_75_samples",75,"temp_06","zero_shot","structured","answer_first","number_list","test_set_2",0.38,0.62,0.35,0,10,100,38,0.38,62,35,0.43,0.33,0.36,0.27,0.4,0.29,0.38,55,3,7
"llama3","seed_206","trained","all_domains_75_samples",75,"temp_06","few_shot","unstructured","answer_first","number_list","test_set_2",0.57,0.43,0.55,0,3,100,57,0.57,43,55,0.43,0.4,0.64,0.47,0.6,0.79,0.54,42,2,1
"llama2","seed_989","trained","all_domains_75_samples",75,"temp_06","few_shot","unstructured","answer_first","number_list","test_set_1",0.41,0.59,0.37,0,11,99,41,0.41,59,37,0.21,0.43,0.38,0.07,0.71,0.46,0.38,51,4,7
"llama2","seed_206","trained","all_domains_20_samples",20,"temp_025","few_shot","structured","fact_first","markdown","test_set_2",0.29,0.71,0.23,1,15,100,29,0.29,70,23,0.29,0.4,0.14,0.2,0.2,0.14,0.23,62,6,9
"llama3","seed_206","trained","all_domains_75_samples",75,"temp_025","few_shot","structured","answer_first","number_list","test_set_2",0.58,0.42,0.53,0,6,100,58,0.58,42,53,0.5,0.27,0.64,0.4,0.47,0.79,0.69,41,5,1
"llama2","seed_989","trained","all_domains_75_samples",75,"greedy","zero_shot","structured","answer_first","number_list","test_set_2",0.38,0.62,0.35,0,10,100,38,0.38,62,35,0.5,0.4,0.36,0.33,0.33,0.21,0.31,55,3,7
"llama2","seed_989","trained","all_domains_20_samples",20,"temp_06","few_shot","unstructured","fact_first","markdown","test_set_2",0.3,0.7,0.27,3,7,100,30,0.31,67,27,0.5,0.33,0.36,0.33,0.07,0.21,0.08,66,3,4
"llama3","seed_989","trained","all_domains_75_samples",75,"greedy","few_shot","unstructured","answer_first","number_list","test_set_2",0.57,0.43,0.55,0,3,100,57,0.57,43,55,0.36,0.4,0.64,0.6,0.53,0.79,0.54,42,2,1
"llama3","seed_206","trained","all_domains_75_samples",75,"temp_06","few_shot","structured","answer_first","number_list","test_set_2",0.6,0.4,0.55,0,7,100,60,0.6,40,55,0.57,0.33,0.57,0.47,0.47,0.79,0.69,38,5,2
"llama2","seed_989","trained","all_domains_75_samples",75,"temp_025","few_shot","structured","answer_first","number_list","test_set_1",0.38,0.62,0.36,0,5,99,38,0.38,62,36,0.36,0.21,0.38,0.2,0.5,0.46,0.44,58,2,3
"llama2","seed_206","trained","all_domains_75_samples",75,"greedy","few_shot","unstructured","answer_first","number_list","test_set_2",0.37,0.63,0.34,0,7,100,37,0.37,63,34,0.5,0.53,0.43,0.13,0.2,0.36,0.23,59,3,4
"llama2","seed_989","trained","all_domains_75_samples",75,"temp_025","zero_shot","structured","answer_first","number_list","test_set_2",0.38,0.62,0.35,0,10,100,38,0.38,62,35,0.5,0.4,0.36,0.33,0.33,0.21,0.31,55,3,7
"llama3","seed_989","trained","all_domains_75_samples",75,"temp_025","few_shot","unstructured","answer_first","number_list","test_set_2",0.58,0.42,0.55,0,4,100,58,0.58,42,55,0.36,0.4,0.71,0.53,0.53,0.79,0.54,41,3,1
"llama2","seed_206","trained","all_domains_20_samples",20,"temp_06","few_shot","structured","fact_first","markdown","test_set_2",0.35,0.65,0.29,1,15,100,35,0.35,64,29,0.57,0.33,0.36,0.2,0.2,0.21,0.15,56,6,9
"llama3","seed_989","trained","all_domains_75_samples",75,"greedy","few_shot","structured","answer_first","number_list","test_set_2",0.58,0.42,0.53,0,6,100,58,0.58,42,53,0.5,0.27,0.64,0.4,0.47,0.79,0.69,41,5,1
"llama3","seed_989","trained","all_domains_75_samples",75,"temp_06","few_shot","unstructured","answer_first","number_list","test_set_2",0.57,0.43,0.55,0,3,100,57,0.57,43,55,0.36,0.47,0.64,0.6,0.53,0.71,0.54,42,2,1
"llama2","seed_989","trained","all_domains_75_samples",75,"temp_06","zero_shot","structured","answer_first","number_list","test_set_2",0.36,0.64,0.32,0,10,100,36,0.36,64,32,0.5,0.33,0.36,0.27,0.27,0.21,0.31,58,4,6
"llama2","seed_206","trained","all_domains_75_samples",75,"temp_025","few_shot","unstructured","answer_first","number_list","test_set_2",0.37,0.63,0.35,0,7,100,37,0.37,63,35,0.5,0.53,0.5,0.13,0.2,0.36,0.23,58,2,5
"llama3","seed_989","trained","all_domains_75_samples",75,"temp_025","few_shot","structured","answer_first","number_list","test_set_2",0.58,0.42,0.53,0,6,100,58,0.58,42,53,0.5,0.27,0.64,0.4,0.47,0.79,0.69,41,5,1
"llama2","seed_989","trained","all_domains_75_samples",75,"temp_06","few_shot","structured","answer_first","number_list","test_set_1",0.38,0.62,0.36,0,5,99,38,0.38,62,36,0.36,0.29,0.46,0.27,0.36,0.46,0.38,58,2,3
"llama2","seed_206","trained","all_domains_75_samples",75,"greedy","zero_shot","unstructured","answer_first","number_list","test_set_1",0.43,0.57,0.39,0,10,99,43,0.43,57,39,0.36,0.36,0.38,0.47,0.5,0.31,0.38,50,4,6
"llama3","seed_206","trained","all_domains_75_samples",75,"greedy","zero_shot","structured","answer_first","number_list","test_set_1",0.52,0.48,0.48,0,7,99,51,0.51,49,48,0.5,0.29,0.54,0.6,0.5,0.62,0.38,44,3,4
"llama3","seed_206","trained","all_domains_75_samples",75,"greedy","zero_shot","unstructured","answer_first","number_list","test_set_1",0.51,0.49,0.46,0,6,99,50,0.5,50,46,0.5,0.36,0.69,0.53,0.43,0.46,0.31,47,4,2
"llama3","seed_989","trained","all_domains_75_samples",75,"temp_06","few_shot","structured","answer_first","number_list","test_set_2",0.6,0.4,0.56,0,5,100,60,0.6,40,56,0.57,0.4,0.64,0.47,0.47,0.79,0.62,39,4,1
"llama2","seed_989","trained","all_domains_20_samples",20,"greedy","few_shot","structured","fact_first","markdown","test_set_2",0.34,0.66,0.27,5,15,100,34,0.36,61,27,0.43,0.33,0.43,0.13,0.2,0.21,0.15,58,7,8
"llama2","seed_206","trained","all_domains_75_samples",75,"temp_06","few_shot","unstructured","answer_first","number_list","test_set_2",0.38,0.62,0.35,0,7,100,38,0.38,62,35,0.5,0.47,0.57,0.13,0.2,0.36,0.23,58,3,4
"llama3","seed_206","trained","all_domains_75_samples",75,"temp_025","zero_shot","structured","answer_first","number_list","test_set_1",0.52,0.48,0.48,0,7,99,51,0.51,49,48,0.5,0.29,0.54,0.6,0.5,0.62,0.38,44,3,4
"llama3","seed_206","trained","all_domains_75_samples",75,"temp_025","zero_shot","unstructured","answer_first","number_list","test_set_1",0.49,0.51,0.46,0,5,99,49,0.49,51,46,0.5,0.36,0.69,0.6,0.43,0.38,0.31,48,3,2
"llama2","seed_206","trained","all_domains_75_samples",75,"temp_025","zero_shot","unstructured","answer_first","number_list","test_set_1",0.41,0.59,0.37,0,10,99,41,0.41,59,37,0.36,0.36,0.31,0.47,0.5,0.31,0.31,52,4,6
"llama3","seed_206","trained","all_domains_75_samples",75,"temp_06","zero_shot","unstructured","answer_first","number_list","test_set_1",0.48,0.52,0.44,0,6,99,48,0.48,52,44,0.5,0.36,0.62,0.53,0.36,0.46,0.31,49,4,2
"llama2","seed_206","trained","all_domains_75_samples",75,"greedy","few_shot","structured","answer_first","number_list","test_set_2",0.33,0.67,0.27,0,11,100,33,0.33,67,27,0.29,0.33,0.29,0.33,0.13,0.21,0.31,62,6,5
"llama3","seed_206","trained","all_domains_75_samples",75,"temp_06","zero_shot","structured","answer_first","number_list","test_set_1",0.51,0.49,0.47,0,7,99,50,0.5,50,47,0.5,0.21,0.54,0.6,0.5,0.62,0.38,45,3,4
"llama2","seed_989","trained","all_domains_75_samples",75,"greedy","few_shot","unstructured","answer_first","number_list","test_set_2",0.37,0.63,0.34,0,7,100,37,0.37,63,34,0.5,0.53,0.43,0.13,0.2,0.36,0.23,59,3,4
"llama2","seed_206","trained","all_domains_75_samples",75,"temp_06","zero_shot","unstructured","answer_first","number_list","test_set_1",0.42,0.58,0.39,0,9,99,42,0.42,58,39,0.29,0.5,0.31,0.47,0.5,0.38,0.31,51,3,6
"llama3","seed_989","trained","all_domains_75_samples",75,"greedy","zero_shot","unstructured","answer_first","number_list","test_set_1",0.51,0.49,0.46,0,6,99,50,0.5,50,46,0.5,0.36,0.69,0.53,0.43,0.46,0.31,47,4,2
"llama3","seed_989","trained","all_domains_75_samples",75,"greedy","zero_shot","structured","answer_first","number_list","test_set_1",0.52,0.48,0.48,0,7,99,51,0.51,49,48,0.5,0.29,0.54,0.6,0.5,0.62,0.38,44,3,4
"llama2","seed_989","trained","all_domains_20_samples",20,"temp_025","few_shot","structured","fact_first","markdown","test_set_2",0.35,0.65,0.27,0,15,100,35,0.35,65,27,0.5,0.47,0.29,0.2,0.13,0.21,0.08,58,8,7
"llama3","seed_989","trained","all_domains_75_samples",75,"temp_025","zero_shot","unstructured","answer_first","number_list","test_set_1",0.48,0.52,0.44,0,6,99,48,0.48,52,44,0.5,0.36,0.62,0.53,0.36,0.46,0.31,49,4,2
"llama2","seed_989","trained","all_domains_75_samples",75,"greedy","zero_shot","unstructured","answer_first","number_list","test_set_1",0.43,0.57,0.39,0,10,99,43,0.43,57,39,0.36,0.36,0.38,0.47,0.5,0.31,0.38,50,4,6
"llama3","seed_989","trained","all_domains_75_samples",75,"temp_025","zero_shot","structured","answer_first","number_list","test_set_1",0.52,0.48,0.48,0,7,99,51,0.51,49,48,0.5,0.29,0.54,0.6,0.5,0.62,0.38,44,3,4
"llama2","seed_989","trained","all_domains_75_samples",75,"temp_025","few_shot","unstructured","answer_first","number_list","test_set_2",0.38,0.62,0.34,0,7,100,38,0.38,62,34,0.5,0.53,0.43,0.13,0.2,0.36,0.23,59,4,3
"llama2","seed_206","trained","all_domains_75_samples",75,"temp_025","few_shot","structured","answer_first","number_list","test_set_2",0.36,0.64,0.29,0,11,100,36,0.36,64,29,0.36,0.33,0.29,0.4,0.13,0.21,0.31,60,7,4
"llama3","seed_989","trained","all_domains_75_samples",75,"temp_06","zero_shot","unstructured","answer_first","number_list","test_set_1",0.49,0.51,0.44,0,7,99,49,0.49,51,44,0.57,0.29,0.54,0.47,0.43,0.46,0.38,48,5,2
"llama3","seed_989","trained","all_domains_75_samples",75,"temp_06","zero_shot","structured","answer_first","number_list","test_set_1",0.52,0.48,0.48,1,7,99,51,0.52,48,48,0.5,0.29,0.54,0.6,0.5,0.62,0.38,44,3,4
"llama2","seed_989","trained","all_domains_75_samples",75,"temp_025","zero_shot","unstructured","answer_first","number_list","test_set_1",0.43,0.57,0.39,0,10,99,43,0.43,57,39,0.36,0.43,0.38,0.47,0.5,0.31,0.31,50,4,6
"llama2","seed_989","trained","all_domains_20_samples",20,"temp_06","few_shot","structured","fact_first","markdown","test_set_2",0.37,0.63,0.32,1,12,100,37,0.37,62,32,0.43,0.47,0.29,0.27,0.33,0.21,0.23,56,5,7
"llama3","seed_206","trained","all_domains_75_samples",75,"greedy","zero_shot","unstructured","answer_first","number_list","test_set_2",0.57,0.43,0.56,0,3,100,57,0.57,43,56,0.64,0.4,0.57,0.6,0.53,0.64,0.54,41,1,2
"llama2","seed_206","trained","all_domains_75_samples",75,"greedy","few_shot","structured","fact_first","number_list","test_set_1",0.33,0.67,0.32,3,8,99,33,0.34,64,32,0.21,0.43,0.46,0.2,0.29,0.31,0.38,59,1,7
"llama2","seed_989","trained","all_domains_75_samples",75,"temp_06","few_shot","unstructured","answer_first","number_list","test_set_2",0.37,0.63,0.35,0,7,100,37,0.37,63,35,0.5,0.6,0.43,0.13,0.27,0.29,0.23,58,2,5
"llama3","seed_206","trained","all_domains_75_samples",75,"greedy","zero_shot","structured","answer_first","number_list","test_set_2",0.59,0.41,0.55,0,6,100,59,0.59,41,55,0.57,0.4,0.71,0.33,0.47,0.79,0.62,39,4,2
"llama3","seed_206","trained","all_domains_75_samples",75,"temp_025","zero_shot","unstructured","answer_first","number_list","test_set_2",0.56,0.44,0.55,0,3,100,56,0.56,44,55,0.57,0.4,0.57,0.6,0.53,0.64,0.54,42,1,2
"llama2","seed_206","trained","all_domains_75_samples",75,"temp_06","few_shot","structured","answer_first","number_list","test_set_2",0.34,0.66,0.28,0,10,100,34,0.34,66,28,0.36,0.33,0.36,0.33,0.13,0.21,0.23,62,6,4
"llama2","seed_989","trained","all_domains_75_samples",75,"temp_06","zero_shot","unstructured","answer_first","number_list","test_set_1",0.43,0.57,0.4,0,9,99,43,0.43,57,40,0.43,0.5,0.31,0.47,0.5,0.31,0.31,50,3,6
"llama3","seed_206","trained","all_domains_75_samples",75,"temp_025","zero_shot","structured","answer_first","number_list","test_set_2",0.59,0.41,0.55,0,6,100,59,0.59,41,55,0.57,0.4,0.71,0.33,0.47,0.79,0.62,39,4,2
"llama3","seed_206","trained","all_domains_75_samples",75,"temp_06","zero_shot","unstructured","answer_first","number_list","test_set_2",0.57,0.43,0.55,0,4,100,57,0.57,43,55,0.64,0.4,0.57,0.53,0.53,0.64,0.54,41,2,2
"llama2","seed_206","trained","all_domains_75_samples",75,"greedy","zero_shot","unstructured","answer_first","number_list","test_set_2",0.42,0.58,0.38,0,7,100,42,0.42,58,38,0.43,0.4,0.5,0.27,0.27,0.36,0.46,55,4,3
"llama3","seed_206","trained","all_domains_75_samples",75,"temp_06","zero_shot","structured","answer_first","number_list","test_set_2",0.59,0.41,0.55,0,6,100,59,0.59,41,55,0.57,0.4,0.71,0.33,0.47,0.79,0.62,39,4,2
"llama2","seed_206","trained","all_domains_75_samples",75,"temp_025","few_shot","structured","fact_first","number_list","test_set_1",0.29,0.71,0.28,0,9,99,29,0.29,71,28,0.14,0.5,0.38,0.13,0.21,0.31,0.31,62,1,8
"llama3","seed_989","trained","all_domains_75_samples",75,"greedy","zero_shot","unstructured","answer_first","number_list","test_set_2",0.57,0.43,0.56,0,3,100,57,0.57,43,56,0.64,0.4,0.57,0.6,0.53,0.64,0.54,41,1,2
"llama2","seed_989","trained","all_domains_75_samples",75,"greedy","few_shot","structured","answer_first","number_list","test_set_2",0.33,0.67,0.27,0,11,100,33,0.33,67,27,0.29,0.33,0.29,0.33,0.13,0.21,0.31,62,6,5
"llama3","seed_989","trained","all_domains_75_samples",75,"greedy","zero_shot","structured","answer_first","number_list","test_set_2",0.59,0.41,0.55,0,6,100,59,0.59,41,55,0.57,0.4,0.71,0.33,0.47,0.79,0.62,39,4,2
"llama3","seed_989","trained","all_domains_75_samples",75,"temp_025","zero_shot","unstructured","answer_first","number_list","test_set_2",0.57,0.43,0.56,0,3,100,57,0.57,43,56,0.64,0.4,0.57,0.6,0.53,0.64,0.54,41,1,2
"llama2","seed_206","trained","all_domains_75_samples",75,"temp_025","zero_shot","unstructured","answer_first","number_list","test_set_2",0.44,0.56,0.39,0,8,100,44,0.44,56,39,0.43,0.4,0.5,0.2,0.4,0.36,0.46,53,5,3
"llama3","seed_989","trained","all_domains_75_samples",75,"temp_025","zero_shot","structured","answer_first","number_list","test_set_2",0.59,0.41,0.55,0,6,100,59,0.59,41,55,0.57,0.4,0.71,0.33,0.47,0.79,0.62,39,4,2
"llama3","seed_989","trained","all_domains_75_samples",75,"temp_06","zero_shot","unstructured","answer_first","number_list","test_set_2",0.58,0.42,0.57,0,3,100,58,0.58,42,57,0.64,0.33,0.64,0.6,0.6,0.64,0.54,40,1,2
"llama2","seed_206","trained","all_domains_75_samples",75,"temp_06","few_shot","structured","fact_first","number_list","test_set_1",0.35,0.65,0.33,0,9,99,35,0.35,65,33,0.07,0.43,0.54,0.33,0.36,0.23,0.38,57,2,7
"llama2","seed_206","trained","all_domains_75_samples",75,"temp_06","zero_shot","unstructured","answer_first","number_list","test_set_2",0.45,0.55,0.41,0,7,100,45,0.45,55,41,0.43,0.47,0.43,0.2,0.4,0.43,0.54,52,4,3
"llama3","seed_989","trained","all_domains_75_samples",75,"temp_06","zero_shot","structured","answer_first","number_list","test_set_2",0.59,0.41,0.55,0,6,100,59,0.59,41,55,0.57,0.4,0.71,0.33,0.47,0.79,0.62,39,4,2
"llama2","seed_989","trained","all_domains_75_samples",75,"temp_025","few_shot","structured","answer_first","number_list","test_set_2",0.33,0.67,0.27,0,11,100,33,0.33,67,27,0.36,0.33,0.29,0.27,0.13,0.21,0.31,62,6,5
"llama2","seed_989","trained","all_domains_75_samples",75,"greedy","zero_shot","unstructured","answer_first","number_list","test_set_2",0.42,0.58,0.38,0,7,100,42,0.42,58,38,0.43,0.4,0.5,0.27,0.27,0.36,0.46,55,4,3
"llama2","seed_989","trained","all_domains_75_samples",75,"greedy","few_shot","structured","fact_first","number_list","test_set_1",0.33,0.67,0.32,3,8,99,33,0.34,64,32,0.21,0.43,0.46,0.2,0.29,0.31,0.38,59,1,7
"llama2","seed_989","trained","all_domains_75_samples",75,"temp_025","zero_shot","unstructured","answer_first","number_list","test_set_2",0.45,0.55,0.41,0,7,100,45,0.45,55,41,0.5,0.4,0.57,0.27,0.27,0.36,0.54,52,4,3
"llama2","seed_989","trained","all_domains_75_samples",75,"temp_06","few_shot","structured","answer_first","number_list","test_set_2",0.34,0.66,0.3,0,11,100,34,0.34,66,30,0.43,0.33,0.29,0.4,0.13,0.21,0.31,59,4,7
"llama2","seed_989","trained","all_domains_75_samples",75,"temp_06","zero_shot","unstructured","answer_first","number_list","test_set_2",0.47,0.53,0.44,0,7,100,47,0.47,53,44,0.64,0.4,0.5,0.27,0.47,0.36,0.46,49,3,4
"llama2","seed_989","trained","all_domains_75_samples",75,"temp_025","few_shot","structured","fact_first","number_list","test_set_1",0.41,0.59,0.39,1,8,99,41,0.41,58,39,0.29,0.5,0.54,0.33,0.43,0.38,0.31,52,2,6
"llama2","seed_989","trained","all_domains_75_samples",75,"temp_06","few_shot","structured","fact_first","number_list","test_set_1",0.36,0.64,0.34,2,8,99,36,0.37,62,34,0.21,0.36,0.54,0.47,0.21,0.31,0.31,57,2,6
"llama2","seed_206","trained","all_domains_75_samples",75,"greedy","few_shot","structured","fact_first","number_list","test_set_2",0.24,0.76,0.18,1,12,100,24,0.24,75,18,0.36,0.2,0.14,0.13,0.27,0,0.15,70,6,6
"llama2","seed_206","trained","all_domains_75_samples",75,"temp_025","few_shot","structured","fact_first","number_list","test_set_2",0.28,0.72,0.22,4,12,100,28,0.29,68,22,0.43,0.33,0,0.33,0.2,0.07,0.15,66,6,6
"llama2","seed_206","trained","all_domains_75_samples",75,"temp_06","few_shot","structured","fact_first","number_list","test_set_2",0.26,0.74,0.22,0,12,100,26,0.26,74,22,0.14,0.33,0.14,0.47,0.2,0.14,0.08,66,4,8
"llama2","seed_989","trained","all_domains_75_samples",75,"greedy","few_shot","structured","fact_first","number_list","test_set_2",0.24,0.76,0.18,1,12,100,24,0.24,75,18,0.36,0.2,0.14,0.13,0.27,0,0.15,70,6,6
"llama2","seed_989","trained","all_domains_75_samples",75,"temp_025","few_shot","structured","fact_first","number_list","test_set_2",0.31,0.69,0.25,0,12,100,31,0.31,69,25,0.43,0.4,0.21,0.27,0.27,0,0.15,63,6,6
"llama2","seed_989","trained","all_domains_75_samples",75,"temp_06","few_shot","structured","fact_first","number_list","test_set_2",0.31,0.69,0.28,2,12,100,31,0.32,67,28,0.29,0.4,0.21,0.4,0.33,0.14,0.15,60,3,9
"llama3","seed_206","trained","all_domains_75_samples",75,"greedy","zero_shot","unstructured","fact_first","number_list","test_set_1",0.41,0.59,0.38,3,7,99,41,0.42,56,38,0.5,0.36,0.46,0.4,0.43,0.38,0.19,54,3,4
"llama2","seed_206","trained","all_domains_75_samples",75,"greedy","zero_shot","unstructured","fact_first","number_list","test_set_1",0.34,0.66,0.33,2,11,99,34,0.35,64,33,0.43,0.21,0.23,0.33,0.43,0.46,0.25,55,1,10
"llama3","seed_206","trained","all_domains_75_samples",75,"greedy","zero_shot","structured","fact_first","number_list","test_set_1",0.46,0.54,0.44,0,4,99,46,0.46,54,44,0.43,0.36,0.46,0.53,0.5,0.62,0.25,51,2,2
"llama3","seed_206","trained","all_domains_75_samples",75,"temp_025","zero_shot","unstructured","fact_first","number_list","test_set_1",0.4,0.6,0.37,3,7,99,40,0.41,57,37,0.5,0.36,0.46,0.4,0.43,0.38,0.13,55,3,4
"llama3","seed_206","trained","all_domains_75_samples",75,"greedy","zero_shot","unstructured","answer_first","markdown","test_set_1",0.55,0.45,0.51,0,7,99,54,0.54,46,50,0.5,0.43,0.62,0.6,0.57,0.54,0.31,42,4,3
"llama2","seed_206","trained","all_domains_75_samples",75,"greedy","zero_shot","structured","fact_first","number_list","test_set_1",0.39,0.61,0.36,0,10,99,39,0.39,61,36,0.36,0.43,0.31,0.4,0.36,0.31,0.38,53,3,7
"llama2","seed_206","trained","all_domains_75_samples",75,"greedy","zero_shot","unstructured","answer_first","markdown","test_set_1",0.41,0.59,0.39,0,6,99,41,0.41,59,39,0.36,0.5,0.38,0.33,0.5,0.38,0.31,54,2,4
"llama3","seed_206","trained","all_domains_75_samples",75,"greedy","zero_shot","unstructured","fact_first","markdown","test_set_1",0.48,0.52,0.43,0,6,99,48,0.48,52,43,0.36,0.29,0.54,0.47,0.5,0.54,0.38,50,5,1
"llama3","seed_206","trained","all_domains_75_samples",75,"temp_06","zero_shot","unstructured","fact_first","number_list","test_set_1",0.41,0.59,0.39,2,6,99,41,0.42,57,39,0.43,0.36,0.54,0.4,0.43,0.46,0.19,54,2,4
"llama3","seed_206","trained","all_domains_75_samples",75,"temp_025","zero_shot","structured","fact_first","number_list","test_set_1",0.44,0.56,0.42,0,4,99,44,0.44,56,42,0.5,0.29,0.46,0.47,0.36,0.62,0.31,53,2,2
"llama2","seed_206","trained","all_domains_75_samples",75,"temp_025","zero_shot","unstructured","fact_first","number_list","test_set_1",0.36,0.64,0.34,3,11,99,36,0.37,61,34,0.36,0.29,0.31,0.47,0.43,0.38,0.19,54,2,9
"llama3","seed_206","trained","all_domains_75_samples",75,"temp_025","zero_shot","unstructured","answer_first","markdown","test_set_1",0.55,0.45,0.51,0,7,99,54,0.54,46,50,0.5,0.43,0.62,0.6,0.5,0.62,0.31,42,4,3
"llama3","seed_206","trained","all_domains_75_samples",75,"greedy","zero_shot","structured","answer_first","markdown","test_set_1",0.49,0.51,0.47,0,6,99,49,0.49,51,47,0.5,0.29,0.69,0.47,0.5,0.46,0.44,46,2,4
"llama2","seed_206","trained","all_domains_75_samples",75,"greedy","zero_shot","unstructured","fact_first","markdown","test_set_1",0.29,0.71,0.26,2,18,99,29,0.3,69,26,0,0.5,0.38,0.2,0.29,0.38,0.13,55,3,15
"llama2","seed_206","trained","all_domains_75_samples",75,"temp_025","zero_shot","structured","fact_first","number_list","test_set_1",0.44,0.56,0.41,0,9,99,44,0.44,56,41,0.5,0.5,0.38,0.4,0.43,0.31,0.38,49,3,6
"llama3","seed_989","trained","all_domains_75_samples",75,"greedy","zero_shot","unstructured","fact_first","number_list","test_set_1",0.41,0.59,0.38,3,7,99,41,0.42,56,38,0.5,0.36,0.46,0.4,0.43,0.38,0.19,54,3,4
"llama3","seed_206","trained","all_domains_75_samples",75,"temp_025","zero_shot","unstructured","fact_first","markdown","test_set_1",0.46,0.54,0.42,2,5,99,46,0.47,52,42,0.36,0.29,0.62,0.33,0.43,0.54,0.44,52,4,1
"llama3","seed_206","trained","all_domains_75_samples",75,"temp_06","zero_shot","structured","fact_first","number_list","test_set_1",0.55,0.45,0.52,0,4,99,54,0.54,46,51,0.5,0.43,0.62,0.53,0.57,0.62,0.38,44,3,1
"llama2","seed_206","trained","all_domains_75_samples",75,"greedy","zero_shot","structured","answer_first","markdown","test_set_1",0.37,0.63,0.21,16,61,99,37,0.44,47,21,0.07,0.21,0.38,0.2,0.29,0.23,0.13,17,16,45
"llama3","seed_206","trained","all_domains_75_samples",75,"greedy","zero_shot","structured","fact_first","markdown","test_set_1",0.54,0.46,0.52,0,6,99,53,0.53,47,51,0.64,0.43,0.77,0.6,0.5,0.54,0.19,42,2,4
"llama2","seed_206","trained","all_domains_75_samples",75,"temp_025","zero_shot","unstructured","answer_first","markdown","test_set_1",0.41,0.59,0.39,0,6,99,41,0.41,59,39,0.36,0.43,0.38,0.4,0.57,0.38,0.25,54,2,4
"llama3","seed_206","trained","all_domains_75_samples",75,"temp_06","zero_shot","unstructured","answer_first","markdown","test_set_1",0.54,0.46,0.51,0,6,99,53,0.53,47,50,0.57,0.43,0.62,0.6,0.5,0.54,0.31,43,3,3
"llama3","seed_206","trained","all_domains_75_samples",75,"temp_025","zero_shot","structured","answer_first","markdown","test_set_1",0.48,0.52,0.46,0,6,99,48,0.48,52,46,0.5,0.29,0.69,0.47,0.5,0.46,0.38,47,2,4
"llama3","seed_206","trained","all_domains_75_samples",75,"temp_06","zero_shot","unstructured","fact_first","markdown","test_set_1",0.46,0.54,0.43,3,5,99,46,0.47,51,43,0.43,0.36,0.69,0.33,0.57,0.54,0.19,51,3,2
"llama2","seed_206","trained","all_domains_75_samples",75,"temp_06","zero_shot","unstructured","fact_first","number_list","test_set_1",0.36,0.64,0.34,2,10,99,36,0.37,62,34,0.36,0.43,0.46,0.4,0.36,0.15,0.25,55,2,8
"llama2","seed_206","trained","all_domains_75_samples",75,"greedy","few_shot","unstructured","fact_first","number_list","test_set_1",0.39,0.61,0.36,2,10,99,39,0.4,59,36,0.36,0.5,0.31,0.27,0.43,0.46,0.25,53,3,7
"llama2","seed_206","trained","all_domains_75_samples",75,"greedy","zero_shot","structured","fact_first","markdown","test_set_1",0.33,0.67,0.3,5,21,99,33,0.35,62,30,0.29,0.5,0.23,0.4,0.29,0.23,0.19,48,3,18
"llama3","seed_989","trained","all_domains_75_samples",75,"temp_025","zero_shot","unstructured","fact_first","number_list","test_set_1",0.46,0.54,0.43,0,7,99,46,0.46,54,43,0.5,0.43,0.54,0.4,0.43,0.38,0.38,49,3,4
"llama2","seed_206","trained","all_domains_75_samples",75,"temp_025","zero_shot","unstructured","fact_first","markdown","test_set_1",0.3,0.7,0.27,3,18,99,30,0.31,67,27,0,0.64,0.31,0.2,0.43,0.31,0.06,54,3,15
"llama2","seed_206","trained","all_domains_75_samples",75,"temp_06","zero_shot","structured","fact_first","number_list","test_set_1",0.37,0.63,0.34,0,10,99,37,0.37,63,34,0.14,0.36,0.31,0.4,0.64,0.38,0.19,55,3,7
"llama3","seed_989","trained","all_domains_75_samples",75,"greedy","zero_shot","structured","fact_first","number_list","test_set_1",0.46,0.54,0.44,0,4,99,46,0.46,54,44,0.43,0.36,0.46,0.53,0.5,0.62,0.25,51,2,2
"llama3","seed_206","trained","all_domains_75_samples",75,"temp_025","zero_shot","structured","fact_first","markdown","test_set_1",0.56,0.44,0.54,0,6,99,55,0.55,45,53,0.5,0.5,0.69,0.6,0.5,0.69,0.31,40,2,4
"llama3","seed_989","trained","all_domains_75_samples",75,"greedy","zero_shot","unstructured","answer_first","markdown","test_set_1",0.55,0.45,0.51,0,7,99,54,0.54,46,50,0.5,0.43,0.62,0.6,0.57,0.54,0.31,42,4,3
"llama3","seed_206","trained","all_domains_75_samples",75,"greedy","few_shot","unstructured","fact_first","number_list","test_set_1",0.47,0.53,0.46,2,5,99,47,0.48,51,46,0.5,0.36,0.46,0.53,0.57,0.54,0.31,48,1,4
"llama3","seed_206","trained","all_domains_75_samples",75,"temp_06","zero_shot","structured","answer_first","markdown","test_set_1",0.51,0.49,0.48,0,6,99,50,0.5,50,48,0.5,0.36,0.69,0.53,0.5,0.46,0.38,45,2,4
"llama2","seed_206","trained","all_domains_75_samples",75,"greedy","few_shot","unstructured","answer_first","markdown","test_set_1",0.43,0.57,0.4,0,8,99,43,0.43,57,40,0.29,0.5,0.54,0.27,0.5,0.38,0.38,51,3,5
"llama2","seed_206","trained","all_domains_75_samples",75,"temp_06","zero_shot","unstructured","answer_first","markdown","test_set_1",0.42,0.58,0.41,0,6,99,42,0.42,58,41,0.36,0.57,0.31,0.4,0.5,0.46,0.31,52,1,5
"llama3","seed_206","trained","all_domains_75_samples",75,"greedy","few_shot","structured","fact_first","number_list","test_set_1",0.51,0.49,0.48,0,6,99,50,0.5,50,48,0.57,0.29,0.54,0.4,0.71,0.54,0.38,45,2,4
"llama3","seed_989","trained","all_domains_75_samples",75,"greedy","zero_shot","unstructured","fact_first","markdown","test_set_1",0.48,0.52,0.43,0,6,99,48,0.48,52,43,0.36,0.29,0.54,0.47,0.5,0.54,0.38,50,5,1
"llama2","seed_206","trained","all_domains_75_samples",75,"temp_025","zero_shot","structured","answer_first","markdown","test_set_1",0.36,0.64,0.21,17,57,99,36,0.43,47,21,0.07,0.21,0.38,0.2,0.29,0.23,0.13,21,15,42
"llama3","seed_989","trained","all_domains_75_samples",75,"temp_06","zero_shot","unstructured","fact_first","number_list","test_set_1",0.46,0.54,0.43,1,7,99,46,0.46,53,43,0.57,0.43,0.54,0.4,0.43,0.38,0.31,49,3,4
"llama2","seed_989","trained","all_domains_75_samples",75,"greedy","zero_shot","unstructured","fact_first","number_list","test_set_1",0.34,0.66,0.33,2,11,99,34,0.35,64,33,0.43,0.21,0.23,0.33,0.43,0.46,0.25,55,1,10
"llama2","seed_206","trained","all_domains_75_samples",75,"greedy","few_shot","structured","answer_first","markdown","test_set_1",0.38,0.62,0.36,0,8,99,38,0.38,62,36,0.21,0.36,0.31,0.2,0.36,0.38,0.69,55,2,6
"llama2","seed_989","trained","all_domains_75_samples",75,"greedy","zero_shot","structured","fact_first","number_list","test_set_1",0.39,0.61,0.36,0,10,99,39,0.39,61,36,0.36,0.43,0.31,0.4,0.36,0.31,0.38,53,3,7
"llama3","seed_989","trained","all_domains_75_samples",75,"temp_025","zero_shot","structured","fact_first","number_list","test_set_1",0.47,0.53,0.44,0,4,99,47,0.47,53,44,0.5,0.36,0.46,0.6,0.5,0.46,0.25,51,3,1
"llama3","seed_989","trained","all_domains_75_samples",75,"temp_025","zero_shot","unstructured","answer_first","markdown","test_set_1",0.55,0.45,0.51,0,7,99,54,0.54,46,50,0.5,0.43,0.62,0.6,0.57,0.54,0.31,42,4,3
"llama3","seed_206","trained","all_domains_75_samples",75,"temp_06","zero_shot","structured","fact_first","markdown","test_set_1",0.53,0.47,0.49,0,6,99,52,0.52,48,49,0.43,0.29,0.69,0.47,0.43,0.85,0.38,44,3,3
"llama3","seed_206","trained","all_domains_75_samples",75,"temp_025","few_shot","unstructured","fact_first","number_list","test_set_1",0.46,0.54,0.44,2,5,99,46,0.47,52,44,0.5,0.36,0.54,0.4,0.5,0.54,0.31,50,2,3
"llama2","seed_206","trained","all_domains_75_samples",75,"temp_06","zero_shot","unstructured","fact_first","markdown","test_set_1",0.29,0.71,0.24,4,19,99,29,0.3,67,24,0.07,0.5,0.31,0.2,0.36,0.23,0.06,56,5,14
"llama2","seed_206","trained","all_domains_75_samples",75,"temp_025","zero_shot","structured","fact_first","markdown","test_set_1",0.31,0.69,0.28,5,21,99,31,0.33,64,28,0.21,0.36,0.31,0.27,0.43,0.23,0.19,50,3,18
"llama2","seed_206","trained","all_domains_75_samples",75,"temp_025","few_shot","unstructured","fact_first","number_list","test_set_1",0.36,0.64,0.34,2,10,99,36,0.37,62,34,0.29,0.29,0.31,0.2,0.5,0.46,0.38,55,2,8
"llama2","seed_989","trained","all_domains_75_samples",75,"greedy","zero_shot","unstructured","answer_first","markdown","test_set_1",0.41,0.59,0.39,0,6,99,41,0.41,59,39,0.36,0.5,0.38,0.33,0.5,0.38,0.31,54,2,4
"llama3","seed_206","trained","all_domains_75_samples",75,"greedy","few_shot","structured","answer_first","markdown","test_set_1",0.56,0.44,0.55,0,9,99,55,0.55,45,54,0.64,0.43,0.62,0.53,0.57,0.62,0.44,36,1,8
"llama3","seed_989","trained","all_domains_75_samples",75,"greedy","zero_shot","structured","answer_first","markdown","test_set_1",0.49,0.51,0.47,0,6,99,49,0.49,51,47,0.5,0.29,0.69,0.47,0.5,0.46,0.44,46,2,4
"llama3","seed_206","trained","all_domains_75_samples",75,"greedy","zero_shot","unstructured","fact_first","number_list","test_set_2",0.46,0.54,0.45,0,4,100,46,0.46,54,45,0.36,0.27,0.5,0.4,0.6,0.43,0.62,51,1,3
"llama3","seed_989","trained","all_domains_75_samples",75,"temp_025","zero_shot","unstructured","fact_first","markdown","test_set_1",0.51,0.49,0.46,0,5,99,50,0.5,50,46,0.43,0.29,0.69,0.47,0.57,0.54,0.31,48,4,1
"llama2","seed_206","trained","all_domains_75_samples",75,"greedy","few_shot","unstructured","fact_first","markdown","test_set_1",0.36,0.64,0.33,3,8,99,36,0.37,61,33,0.29,0.57,0.38,0.27,0.29,0.31,0.25,58,3,5
"llama3","seed_206","trained","all_domains_75_samples",75,"temp_025","few_shot","structured","fact_first","number_list","test_set_1",0.52,0.48,0.51,0,7,99,51,0.51,49,50,0.64,0.29,0.54,0.4,0.5,0.69,0.5,42,1,6
"llama3","seed_206","trained","all_domains_75_samples",75,"greedy","few_shot","unstructured","answer_first","markdown","test_set_1",0.57,0.43,0.55,0,3,99,56,0.56,44,54,0.5,0.29,0.69,0.6,0.57,0.69,0.5,42,2,1
"llama2","seed_206","trained","all_domains_75_samples",75,"greedy","few_shot","structured","fact_first","markdown","test_set_1",0.39,0.61,0.37,1,9,99,39,0.39,60,37,0.21,0.57,0.54,0.53,0.21,0.23,0.31,53,2,7
"llama2","seed_206","trained","all_domains_75_samples",75,"temp_06","zero_shot","structured","answer_first","markdown","test_set_1",0.38,0.62,0.21,14,60,99,38,0.44,48,21,0.07,0.21,0.31,0.2,0.36,0.23,0.13,18,17,43
"llama2","seed_989","trained","all_domains_75_samples",75,"greedy","zero_shot","unstructured","fact_first","markdown","test_set_1",0.29,0.71,0.26,2,18,99,29,0.3,69,26,0,0.5,0.38,0.2,0.29,0.38,0.13,55,3,15
"llama2","seed_206","trained","all_domains_75_samples",75,"temp_025","few_shot","unstructured","answer_first","markdown","test_set_1",0.42,0.58,0.39,0,8,99,42,0.42,58,39,0.29,0.5,0.54,0.2,0.5,0.38,0.38,52,3,5
"llama3","seed_989","trained","all_domains_75_samples",75,"temp_06","zero_shot","unstructured","answer_first","markdown","test_set_1",0.55,0.45,0.47,0,10,99,54,0.54,46,47,0.43,0.43,0.62,0.6,0.5,0.46,0.31,42,7,3
"llama3","seed_206","trained","all_domains_75_samples",75,"temp_06","few_shot","unstructured","fact_first","number_list","test_set_1",0.49,0.51,0.47,2,6,99,49,0.5,49,47,0.5,0.36,0.54,0.53,0.64,0.38,0.38,46,2,4
"llama3","seed_989","trained","all_domains_75_samples",75,"temp_06","zero_shot","structured","fact_first","number_list","test_set_1",0.51,0.49,0.47,0,4,99,50,0.5,50,47,0.64,0.29,0.38,0.53,0.57,0.54,0.38,48,3,1
"llama3","seed_206","trained","all_domains_75_samples",75,"greedy","few_shot","unstructured","fact_first","markdown","test_set_1",0.46,0.54,0.44,0,4,99,46,0.46,54,44,0.5,0.29,0.77,0.6,0.29,0.31,0.38,51,2,2
"llama3","seed_989","trained","all_domains_75_samples",75,"greedy","zero_shot","structured","fact_first","markdown","test_set_1",0.54,0.46,0.52,0,6,99,53,0.53,47,51,0.64,0.43,0.77,0.6,0.5,0.54,0.19,42,2,4
"llama2","seed_989","trained","all_domains_75_samples",75,"temp_025","zero_shot","unstructured","fact_first","number_list","test_set_1",0.27,0.73,0.25,9,12,99,27,0.3,64,25,0.43,0.14,0.08,0.33,0.36,0.23,0.19,62,2,10
"llama3","seed_989","trained","all_domains_75_samples",75,"temp_025","zero_shot","structured","answer_first","markdown","test_set_1",0.49,0.51,0.47,0,6,99,49,0.49,51,47,0.5,0.29,0.69,0.47,0.5,0.46,0.44,46,2,4
"llama3","seed_206","trained","all_domains_75_samples",75,"temp_025","zero_shot","unstructured","fact_first","number_list","test_set_2",0.47,0.53,0.46,0,4,100,47,0.47,53,46,0.43,0.27,0.5,0.4,0.67,0.5,0.46,50,1,3
"llama2","seed_989","trained","all_domains_75_samples",75,"temp_025","zero_shot","structured","fact_first","number_list","test_set_1",0.34,0.66,0.32,0,10,99,34,0.34,66,32,0.43,0.29,0.31,0.33,0.29,0.23,0.38,57,2,8
"llama3","seed_206","trained","all_domains_75_samples",75,"temp_025","few_shot","structured","answer_first","markdown","test_set_1",0.56,0.44,0.55,0,9,99,55,0.55,45,54,0.64,0.43,0.62,0.53,0.57,0.62,0.44,36,1,8
"llama3","seed_206","trained","all_domains_75_samples",75,"greedy","few_shot","structured","fact_first","markdown","test_set_1",0.53,0.47,0.51,0,7,99,52,0.52,48,50,0.5,0.29,0.62,0.47,0.57,0.69,0.44,42,2,5
"llama3","seed_989","trained","all_domains_75_samples",75,"temp_06","zero_shot","unstructured","fact_first","markdown","test_set_1",0.47,0.53,0.42,1,6,99,47,0.47,52,42,0.36,0.29,0.54,0.47,0.57,0.62,0.19,51,5,1
"llama3","seed_206","trained","all_domains_75_samples",75,"temp_025","few_shot","unstructured","answer_first","markdown","test_set_1",0.58,0.42,0.56,0,3,99,57,0.57,43,55,0.5,0.29,0.77,0.6,0.57,0.69,0.5,41,2,1
"llama2","seed_206","trained","all_domains_75_samples",75,"temp_06","zero_shot","structured","fact_first","markdown","test_set_1",0.26,0.74,0.22,4,28,99,26,0.27,70,22,0.14,0.29,0.38,0.2,0.29,0.15,0.13,49,4,24
"llama3","seed_206","trained","all_domains_75_samples",75,"temp_06","few_shot","structured","fact_first","number_list","test_set_1",0.47,0.53,0.44,0,8,99,47,0.47,53,44,0.57,0.29,0.46,0.47,0.43,0.46,0.44,47,3,5
"llama2","seed_989","trained","all_domains_75_samples",75,"temp_025","zero_shot","unstructured","answer_first","markdown","test_set_1",0.39,0.61,0.37,0,6,99,39,0.39,61,37,0.36,0.5,0.31,0.33,0.5,0.38,0.25,56,2,4
"llama2","seed_206","trained","all_domains_75_samples",75,"temp_06","few_shot","unstructured","fact_first","number_list","test_set_1",0.35,0.65,0.34,2,9,99,35,0.36,63,34,0.36,0.43,0.31,0.27,0.43,0.38,0.25,56,1,8
"llama2","seed_989","trained","all_domains_75_samples",75,"greedy","zero_shot","structured","answer_first","markdown","test_set_1",0.37,0.63,0.21,16,61,99,37,0.44,47,21,0.07,0.21,0.38,0.2,0.29,0.23,0.13,17,16,45
"llama3","seed_989","trained","all_domains_75_samples",75,"greedy","few_shot","unstructured","fact_first","number_list","test_set_1",0.47,0.53,0.46,2,5,99,47,0.48,51,46,0.5,0.36,0.46,0.53,0.57,0.54,0.31,48,1,4
"llama2","seed_206","trained","all_domains_75_samples",75,"temp_025","few_shot","unstructured","fact_first","markdown","test_set_1",0.35,0.65,0.32,0,8,99,35,0.35,65,32,0.43,0.5,0.08,0.33,0.36,0.31,0.25,59,3,5
"llama3","seed_206","trained","all_domains_75_samples",75,"greedy","zero_shot","unstructured","answer_first","markdown","test_set_2",0.56,0.44,0.52,0,6,100,56,0.56,44,52,0.36,0.47,0.57,0.53,0.47,0.64,0.62,42,4,2
"llama3","seed_206","trained","all_domains_75_samples",75,"temp_025","few_shot","unstructured","fact_first","markdown","test_set_1",0.49,0.51,0.47,1,4,99,49,0.49,50,47,0.64,0.36,0.69,0.47,0.5,0.23,0.44,48,2,2
"llama3","seed_206","trained","all_domains_75_samples",75,"greedy","zero_shot","structured","fact_first","number_list","test_set_2",0.57,0.43,0.54,0,6,100,57,0.57,43,54,0.64,0.53,0.57,0.47,0.47,0.64,0.46,40,3,3
"llama3","seed_206","trained","all_domains_125_samples",125,"greedy","zero_shot","unstructured","answer_first","number_list","test_set_1",0.46,0.54,0.42,0,7,99,46,0.46,54,42,0.64,0.29,0.54,0.4,0.43,0.46,0.25,50,4,3
"llama3","seed_989","trained","all_domains_75_samples",75,"temp_025","zero_shot","structured","fact_first","markdown","test_set_1",0.53,0.47,0.51,2,6,99,52,0.53,46,50,0.57,0.43,0.77,0.53,0.43,0.62,0.25,43,2,4
"llama3","seed_206","trained","all_domains_75_samples",75,"temp_06","zero_shot","unstructured","fact_first","number_list","test_set_2",0.44,0.56,0.43,0,4,100,44,0.44,56,43,0.36,0.27,0.43,0.4,0.6,0.36,0.62,53,1,3
"llama2","seed_206","trained","all_domains_75_samples",75,"temp_025","few_shot","structured","answer_first","markdown","test_set_1",0.34,0.66,0.32,0,8,99,34,0.34,66,32,0.21,0.36,0.31,0.13,0.36,0.31,0.56,59,2,6
"llama3","seed_989","trained","all_domains_75_samples",75,"temp_06","zero_shot","structured","answer_first","markdown","test_set_1",0.51,0.49,0.48,0,6,99,50,0.5,50,48,0.57,0.29,0.69,0.47,0.5,0.46,0.44,45,2,4
"llama3","seed_206","trained","all_domains_75_samples",75,"temp_06","few_shot","unstructured","answer_first","markdown","test_set_1",0.56,0.44,0.54,0,3,99,55,0.55,45,53,0.5,0.29,0.69,0.6,0.57,0.62,0.5,43,2,1
"llama3","seed_206","trained","all_domains_75_samples",75,"greedy","zero_shot","unstructured","fact_first","markdown","test_set_2",0.44,0.56,0.43,1,6,100,44,0.44,55,43,0.43,0.33,0.43,0.47,0.47,0.43,0.46,51,1,5
"llama2","seed_989","trained","all_domains_75_samples",75,"temp_025","zero_shot","unstructured","fact_first","markdown","test_set_1",0.28,0.72,0.22,1,17,99,28,0.28,71,22,0,0.29,0.23,0.27,0.29,0.31,0.19,60,6,11
"llama3","seed_206","trained","all_domains_75_samples",75,"temp_025","few_shot","structured","fact_first","markdown","test_set_1",0.52,0.48,0.51,0,6,99,51,0.51,49,50,0.5,0.5,0.85,0.47,0.43,0.46,0.38,43,1,5
"llama2","seed_989","trained","all_domains_75_samples",75,"temp_06","zero_shot","structured","fact_first","number_list","test_set_1",0.38,0.62,0.35,0,11,99,38,0.38,62,35,0.36,0.5,0.38,0.27,0.36,0.38,0.25,53,3,8
"llama3","seed_206","trained","all_domains_75_samples",75,"temp_06","few_shot","structured","answer_first","markdown","test_set_1",0.57,0.43,0.56,0,8,99,56,0.56,44,55,0.57,0.5,0.62,0.6,0.57,0.69,0.38,36,1,7
"llama2","seed_989","trained","all_domains_75_samples",75,"temp_06","zero_shot","unstructured","fact_first","number_list","test_set_1",0.33,0.67,0.33,3,10,99,33,0.34,64,33,0.29,0.21,0.38,0.47,0.43,0.38,0.19,56,0,10
"llama2","seed_989","trained","all_domains_75_samples",75,"greedy","zero_shot","structured","fact_first","markdown","test_set_1",0.33,0.67,0.3,5,21,99,33,0.35,62,30,0.29,0.5,0.23,0.4,0.29,0.23,0.19,48,3,18
"llama3","seed_989","trained","all_domains_75_samples",75,"greedy","few_shot","structured","fact_first","number_list","test_set_1",0.51,0.49,0.48,0,6,99,50,0.5,50,48,0.57,0.29,0.54,0.4,0.71,0.54,0.38,45,2,4
"llama2","seed_206","trained","all_domains_75_samples",75,"temp_06","few_shot","unstructured","answer_first","markdown","test_set_1",0.42,0.58,0.4,0,8,99,42,0.42,58,40,0.29,0.5,0.62,0.2,0.5,0.38,0.38,51,2,6
"llama2","seed_206","trained","all_domains_125_samples",125,"greedy","zero_shot","unstructured","answer_first","number_list","test_set_1",0.31,0.69,0.31,3,9,99,31,0.32,66,31,0.21,0.36,0.23,0.33,0.43,0.46,0.19,59,0,9
"llama2","seed_989","trained","all_domains_75_samples",75,"temp_06","zero_shot","unstructured","answer_first","markdown","test_set_1",0.44,0.56,0.43,0,4,99,44,0.44,56,43,0.36,0.5,0.46,0.47,0.57,0.38,0.31,52,1,3
"llama3","seed_206","trained","all_domains_125_samples",125,"temp_025","zero_shot","unstructured","answer_first","number_list","test_set_1",0.46,0.54,0.42,0,7,99,46,0.46,54,42,0.64,0.29,0.54,0.4,0.43,0.46,0.25,50,4,3
"llama3","seed_989","trained","all_domains_75_samples",75,"greedy","zero_shot","unstructured","fact_first","number_list","test_set_2",0.46,0.54,0.45,0,4,100,46,0.46,54,45,0.36,0.27,0.5,0.4,0.6,0.43,0.62,51,1,3
"llama3","seed_206","trained","all_domains_75_samples",75,"temp_025","zero_shot","unstructured","answer_first","markdown","test_set_2",0.56,0.44,0.53,0,6,100,56,0.56,44,53,0.43,0.47,0.57,0.53,0.47,0.64,0.62,41,3,3
"llama3","seed_989","trained","all_domains_75_samples",75,"temp_025","few_shot","unstructured","fact_first","number_list","test_set_1",0.43,0.57,0.42,4,5,99,43,0.45,53,42,0.5,0.43,0.38,0.4,0.5,0.54,0.25,52,1,4
"llama3","seed_206","trained","all_domains_75_samples",75,"temp_06","few_shot","unstructured","fact_first","markdown","test_set_1",0.46,0.54,0.44,2,4,99,46,0.47,52,44,0.57,0.36,0.62,0.47,0.36,0.31,0.44,51,2,2
"llama2","seed_206","trained","all_domains_75_samples",75,"temp_025","few_shot","structured","fact_first","markdown","test_set_1",0.4,0.6,0.38,7,10,99,40,0.43,53,38,0.36,0.5,0.54,0.2,0.29,0.38,0.44,51,2,8
"llama3","seed_206","trained","all_domains_75_samples",75,"temp_025","zero_shot","structured","fact_first","number_list","test_set_2",0.48,0.52,0.45,0,6,100,48,0.48,52,45,0.5,0.6,0.57,0.27,0.4,0.5,0.31,49,3,3
"llama3","seed_989","trained","all_domains_75_samples",75,"temp_06","zero_shot","structured","fact_first","markdown","test_set_1",0.47,0.53,0.45,0,6,99,47,0.47,53,45,0.43,0.29,0.85,0.47,0.43,0.54,0.25,48,2,4
"llama3","seed_206","trained","all_domains_75_samples",75,"greedy","zero_shot","structured","answer_first","markdown","test_set_2",0.55,0.45,0.49,1,8,100,55,0.56,44,49,0.5,0.47,0.43,0.33,0.4,0.71,0.62,43,6,2
"llama2","seed_989","trained","all_domains_75_samples",75,"greedy","few_shot","unstructured","fact_first","number_list","test_set_1",0.39,0.61,0.36,2,10,99,39,0.4,59,36,0.36,0.5,0.31,0.27,0.43,0.46,0.25,53,3,7
"llama3","seed_989","trained","all_domains_75_samples",75,"greedy","few_shot","unstructured","answer_first","markdown","test_set_1",0.57,0.43,0.55,0,3,99,56,0.56,44,54,0.5,0.29,0.69,0.6,0.57,0.69,0.5,42,2,1
"llama3","seed_206","trained","all_domains_75_samples",75,"temp_025","zero_shot","unstructured","fact_first","markdown","test_set_2",0.45,0.55,0.44,2,6,100,45,0.46,53,44,0.43,0.33,0.43,0.33,0.47,0.64,0.46,50,1,5
"llama2","seed_989","trained","all_domains_75_samples",75,"temp_025","zero_shot","structured","answer_first","markdown","test_set_1",0.37,0.63,0.22,15,57,99,37,0.44,48,22,0.07,0.21,0.31,0.2,0.43,0.23,0.13,20,15,42
"llama3","seed_206","trained","all_domains_125_samples",125,"greedy","zero_shot","structured","answer_first","number_list","test_set_1",0.51,0.49,0.48,0,4,99,50,0.5,50,48,0.43,0.57,0.62,0.47,0.57,0.38,0.38,47,2,2
"llama2","seed_206","trained","all_domains_75_samples",75,"temp_06","few_shot","unstructured","fact_first","markdown","test_set_1",0.42,0.58,0.38,1,8,99,42,0.42,57,38,0.36,0.57,0.38,0.47,0.36,0.31,0.25,53,4,4
"llama2","seed_206","trained","all_domains_75_samples",75,"greedy","zero_shot","structured","fact_first","number_list","test_set_2",0.38,0.62,0.34,0,7,100,38,0.38,62,34,0.5,0.47,0.43,0.27,0.2,0.29,0.23,59,4,3
"llama2","seed_206","trained","all_domains_75_samples",75,"greedy","zero_shot","unstructured","answer_first","markdown","test_set_2",0.37,0.63,0.35,0,5,100,37,0.37,63,35,0.5,0.33,0.5,0.33,0.27,0.29,0.23,60,2,3
"llama3","seed_206","trained","all_domains_75_samples",75,"temp_06","few_shot","structured","fact_first","markdown","test_set_1",0.47,0.53,0.46,0,7,99,47,0.47,53,46,0.5,0.36,0.69,0.47,0.43,0.54,0.31,46,1,6
"llama3","seed_989","trained","all_domains_75_samples",75,"temp_025","few_shot","structured","fact_first","number_list","test_set_1",0.49,0.51,0.48,0,6,99,49,0.49,51,48,0.57,0.21,0.62,0.47,0.57,0.62,0.38,45,1,5
"llama3","seed_989","trained","all_domains_75_samples",75,"greedy","few_shot","structured","answer_first","markdown","test_set_1",0.56,0.44,0.55,0,9,99,55,0.55,45,54,0.64,0.43,0.62,0.53,0.57,0.62,0.44,36,1,8
"llama3","seed_989","trained","all_domains_75_samples",75,"temp_025","zero_shot","unstructured","fact_first","number_list","test_set_2",0.48,0.52,0.47,0,4,100,48,0.48,52,47,0.29,0.27,0.57,0.47,0.53,0.57,0.62,49,1,3
"llama3","seed_206","trained","all_domains_125_samples",125,"temp_06","zero_shot","unstructured","answer_first","number_list","test_set_1",0.45,0.55,0.41,0,7,99,45,0.45,55,41,0.64,0.29,0.62,0.4,0.29,0.46,0.25,51,4,3
"llama2","seed_989","trained","all_domains_75_samples",75,"temp_06","zero_shot","unstructured","fact_first","markdown","test_set_1",0.29,0.71,0.26,2,17,99,29,0.3,69,26,0.07,0.5,0.23,0.2,0.29,0.46,0.13,56,3,14
"llama2","seed_206","trained","all_domains_75_samples",75,"greedy","zero_shot","unstructured","fact_first","number_list","test_set_2",0.26,0.74,0.26,3,9,100,26,0.27,71,26,0.43,0.4,0.21,0.2,0.27,0.14,0.15,65,0,9
"llama3","seed_989","trained","all_domains_75_samples",75,"temp_06","few_shot","unstructured","fact_first","number_list","test_set_1",0.45,0.55,0.44,0,5,99,45,0.45,55,44,0.5,0.43,0.54,0.33,0.5,0.54,0.31,50,1,4
"llama3","seed_989","trained","all_domains_75_samples",75,"greedy","few_shot","unstructured","fact_first","markdown","test_set_1",0.46,0.54,0.44,0,4,99,46,0.46,54,44,0.5,0.29,0.77,0.6,0.29,0.31,0.38,51,2,2
"llama3","seed_206","trained","all_domains_75_samples",75,"temp_06","zero_shot","unstructured","answer_first","markdown","test_set_2",0.57,0.43,0.53,0,7,100,57,0.57,43,53,0.43,0.53,0.5,0.53,0.47,0.64,0.62,40,4,3
"llama2","seed_989","trained","all_domains_75_samples",75,"temp_025","zero_shot","structured","fact_first","markdown","test_set_1",0.33,0.67,0.26,3,24,99,33,0.34,64,26,0.29,0.29,0.31,0.33,0.21,0.23,0.19,49,7,17
"llama3","seed_206","trained","all_domains_75_samples",75,"greedy","zero_shot","structured","fact_first","markdown","test_set_2",0.58,0.42,0.5,0,9,100,58,0.58,42,50,0.64,0.53,0.64,0.27,0.4,0.64,0.38,41,8,1
"llama3","seed_206","trained","all_domains_75_samples",75,"temp_06","zero_shot","structured","fact_first","number_list","test_set_2",0.53,0.47,0.49,1,7,100,53,0.54,46,49,0.57,0.33,0.57,0.4,0.4,0.57,0.62,44,4,3
"llama2","seed_206","trained","all_domains_125_samples",125,"temp_025","zero_shot","unstructured","answer_first","number_list","test_set_1",0.33,0.67,0.33,3,8,99,33,0.34,64,33,0.29,0.36,0.23,0.33,0.43,0.54,0.19,58,0,8
"llama3","seed_206","trained","all_domains_75_samples",75,"temp_025","zero_shot","structured","answer_first","markdown","test_set_2",0.55,0.45,0.49,1,8,100,55,0.56,44,49,0.5,0.47,0.43,0.33,0.4,0.71,0.62,43,6,2
"llama2","seed_206","trained","all_domains_125_samples",125,"greedy","zero_shot","structured","answer_first","number_list","test_set_1",0.39,0.61,0.37,0,6,99,39,0.39,61,37,0.29,0.36,0.31,0.4,0.5,0.46,0.31,56,2,4
"llama3","seed_206","trained","all_domains_75_samples",75,"temp_06","zero_shot","unstructured","fact_first","markdown","test_set_2",0.47,0.53,0.46,1,6,100,47,0.47,52,46,0.43,0.27,0.57,0.47,0.47,0.5,0.54,48,1,5
"llama3","seed_989","trained","all_domains_75_samples",75,"temp_025","few_shot","unstructured","answer_first","markdown","test_set_1",0.56,0.44,0.54,0,3,99,55,0.55,45,53,0.5,0.29,0.69,0.6,0.57,0.62,0.5,43,2,1
"llama2","seed_989","trained","all_domains_75_samples",75,"greedy","few_shot","unstructured","answer_first","markdown","test_set_1",0.43,0.57,0.4,0,8,99,43,0.43,57,40,0.29,0.5,0.54,0.27,0.5,0.38,0.38,51,3,5
"llama3","seed_206","trained","all_domains_125_samples",125,"greedy","zero_shot","unstructured","fact_first","number_list","test_set_1",0.45,0.55,0.43,2,7,99,45,0.46,53,43,0.57,0.5,0.38,0.33,0.57,0.46,0.25,49,2,5
"llama2","seed_206","trained","all_domains_75_samples",75,"temp_06","few_shot","structured","answer_first","markdown","test_set_1",0.31,0.69,0.3,0,8,99,31,0.31,69,30,0.14,0.36,0.31,0.13,0.36,0.31,0.5,61,1,7
"llama3","seed_206","trained","all_domains_125_samples",125,"temp_025","zero_shot","structured","answer_first","number_list","test_set_1",0.48,0.52,0.46,0,4,99,48,0.48,52,46,0.36,0.5,0.62,0.47,0.57,0.38,0.38,49,2,2
"llama3","seed_989","trained","all_domains_75_samples",75,"temp_06","zero_shot","unstructured","fact_first","number_list","test_set_2",0.42,0.58,0.41,2,4,100,42,0.43,56,41,0.36,0.27,0.43,0.47,0.6,0.36,0.38,55,1,3
"llama3","seed_989","trained","all_domains_125_samples",125,"greedy","zero_shot","unstructured","answer_first","number_list","test_set_1",0.46,0.54,0.42,0,7,99,46,0.46,54,42,0.64,0.29,0.54,0.4,0.43,0.46,0.25,50,4,3
"llama2","seed_206","trained","all_domains_75_samples",75,"greedy","zero_shot","unstructured","fact_first","markdown","test_set_2",0.36,0.64,0.3,4,20,100,36,0.38,60,30,0.43,0.2,0.5,0.27,0.2,0.36,0.15,50,6,14
"llama3","seed_989","trained","all_domains_75_samples",75,"temp_06","few_shot","structured","fact_first","number_list","test_set_1",0.56,0.44,0.52,0,6,99,55,0.55,45,51,0.64,0.21,0.69,0.53,0.57,0.54,0.44,42,4,2
"llama2","seed_989","trained","all_domains_75_samples",75,"temp_025","few_shot","unstructured","fact_first","number_list","test_set_1",0.38,0.62,0.35,2,10,99,38,0.39,60,35,0.43,0.36,0.23,0.33,0.5,0.38,0.25,54,3,7
"llama3","seed_206","trained","all_domains_75_samples",75,"greedy","few_shot","unstructured","fact_first","number_list","test_set_2",0.49,0.51,0.48,0,4,100,49,0.49,51,48,0.43,0.33,0.5,0.53,0.47,0.5,0.62,48,1,3
"llama2","seed_989","trained","all_domains_75_samples",75,"temp_06","zero_shot","structured","answer_first","markdown","test_set_1",0.39,0.61,0.21,13,56,99,39,0.45,48,21,0.07,0.29,0.31,0.13,0.29,0.31,0.13,22,18,38
"llama3","seed_989","trained","all_domains_75_samples",75,"greedy","few_shot","structured","fact_first","markdown","test_set_1",0.53,0.47,0.51,0,7,99,52,0.52,48,50,0.5,0.29,0.62,0.47,0.57,0.69,0.44,42,2,5
"llama3","seed_989","trained","all_domains_75_samples",75,"temp_025","few_shot","structured","answer_first","markdown","test_set_1",0.55,0.45,0.55,0,7,99,54,0.54,46,54,0.64,0.43,0.54,0.53,0.57,0.69,0.44,38,0,7
"llama2","seed_206","trained","all_domains_75_samples",75,"temp_025","zero_shot","structured","fact_first","number_list","test_set_2",0.42,0.58,0.39,0,8,100,42,0.42,58,39,0.64,0.4,0.5,0.4,0.4,0.21,0.15,53,3,5
"llama3","seed_989","trained","all_domains_75_samples",75,"temp_025","few_shot","unstructured","fact_first","markdown","test_set_1",0.46,0.54,0.44,2,4,99,46,0.47,52,44,0.64,0.29,0.69,0.47,0.36,0.31,0.38,51,2,2
"llama3","seed_989","trained","all_domains_75_samples",75,"greedy","zero_shot","unstructured","answer_first","markdown","test_set_2",0.56,0.44,0.52,0,6,100,56,0.56,44,52,0.36,0.47,0.57,0.53,0.47,0.64,0.62,42,4,2
"llama2","seed_206","trained","all_domains_125_samples",125,"greedy","zero_shot","unstructured","fact_first","number_list","test_set_1",0.32,0.68,0.31,5,7,99,32,0.34,63,31,0.07,0.43,0.15,0.33,0.57,0.46,0.19,61,1,6
"llama2","seed_206","trained","all_domains_75_samples",75,"temp_025","zero_shot","unstructured","answer_first","markdown","test_set_2",0.38,0.62,0.35,0,5,100,38,0.38,62,35,0.5,0.33,0.5,0.33,0.27,0.36,0.15,60,3,2
"llama3","seed_206","trained","all_domains_75_samples",75,"temp_025","zero_shot","structured","fact_first","markdown","test_set_2",0.54,0.46,0.49,2,8,100,54,0.55,44,49,0.43,0.4,0.71,0.33,0.53,0.57,0.46,43,5,3
"llama3","seed_989","trained","all_domains_75_samples",75,"greedy","zero_shot","structured","fact_first","number_list","test_set_2",0.57,0.43,0.54,0,6,100,57,0.57,43,54,0.64,0.53,0.57,0.47,0.47,0.64,0.46,40,3,3
"llama3","seed_206","trained","all_domains_75_samples",75,"temp_06","zero_shot","structured","answer_first","markdown","test_set_2",0.54,0.46,0.47,1,9,100,54,0.55,45,47,0.5,0.47,0.36,0.33,0.4,0.64,0.62,44,7,2
"llama3","seed_206","trained","all_domains_125_samples",125,"greedy","zero_shot","unstructured","answer_first","markdown","test_set_1",0.51,0.49,0.48,0,4,99,50,0.5,50,48,0.57,0.43,0.62,0.53,0.29,0.54,0.44,47,2,2
"llama2","seed_989","trained","all_domains_75_samples",75,"greedy","few_shot","unstructured","fact_first","markdown","test_set_1",0.36,0.64,0.33,3,8,99,36,0.37,61,33,0.29,0.57,0.38,0.27,0.29,0.31,0.25,58,3,5
"llama3","seed_206","trained","all_domains_125_samples",125,"temp_025","zero_shot","unstructured","fact_first","number_list","test_set_1",0.43,0.57,0.42,3,6,99,43,0.44,54,42,0.64,0.5,0.23,0.33,0.5,0.54,0.25,51,1,5
"llama3","seed_989","trained","all_domains_75_samples",75,"temp_06","few_shot","unstructured","answer_first","markdown","test_set_1",0.56,0.44,0.54,0,4,99,55,0.55,45,53,0.5,0.29,0.69,0.53,0.57,0.69,0.5,42,2,2
"llama2","seed_206","trained","all_domains_75_samples",75,"temp_025","zero_shot","unstructured","fact_first","number_list","test_set_2",0.25,0.75,0.24,4,9,100,25,0.26,71,24,0.36,0.4,0.14,0.13,0.2,0.21,0.23,67,1,8
"llama3","seed_989","trained","all_domains_75_samples",75,"greedy","zero_shot","unstructured","fact_first","markdown","test_set_2",0.44,0.56,0.43,1,6,100,44,0.44,55,43,0.43,0.33,0.43,0.47,0.47,0.43,0.46,51,1,5
"llama2","seed_206","trained","all_domains_75_samples",75,"temp_06","few_shot","structured","fact_first","markdown","test_set_1",0.35,0.65,0.34,4,10,99,35,0.36,61,34,0.29,0.43,0.46,0.2,0.29,0.31,0.44,55,1,9
"llama2","seed_989","trained","all_domains_75_samples",75,"temp_06","zero_shot","structured","fact_first","markdown","test_set_1",0.39,0.61,0.3,4,27,99,39,0.41,57,30,0.43,0.43,0.15,0.33,0.29,0.31,0.19,42,9,18
"llama3","seed_206","trained","all_domains_125_samples",125,"temp_06","zero_shot","structured","answer_first","number_list","test_set_1",0.52,0.48,0.51,0,3,99,51,0.51,49,50,0.5,0.57,0.62,0.47,0.57,0.38,0.44,46,1,2
"llama2","seed_206","trained","all_domains_125_samples",125,"temp_025","zero_shot","structured","answer_first","number_list","test_set_1",0.38,0.62,0.36,0,6,99,38,0.38,62,36,0.21,0.36,0.31,0.4,0.5,0.46,0.31,57,2,4
"llama2","seed_206","trained","all_domains_125_samples",125,"temp_06","zero_shot","unstructured","answer_first","number_list","test_set_1",0.34,0.66,0.34,4,9,99,34,0.35,62,34,0.29,0.36,0.23,0.47,0.43,0.38,0.25,56,0,9
"llama3","seed_989","trained","all_domains_125_samples",125,"temp_025","zero_shot","unstructured","answer_first","number_list","test_set_1",0.48,0.52,0.44,0,7,99,48,0.48,52,44,0.64,0.36,0.54,0.4,0.43,0.54,0.25,48,4,3
"llama3","seed_206","trained","all_domains_75_samples",75,"temp_025","few_shot","unstructured","fact_first","number_list","test_set_2",0.48,0.52,0.46,1,4,100,48,0.48,51,46,0.36,0.27,0.5,0.47,0.47,0.5,0.69,50,2,2
"llama2","seed_206","trained","all_domains_125_samples",125,"greedy","zero_shot","unstructured","answer_first","markdown","test_set_1",0.35,0.65,0.34,0,7,99,35,0.35,65,34,0.14,0.5,0.46,0.33,0.43,0.38,0.19,58,1,6
"llama3","seed_206","trained","all_domains_75_samples",75,"greedy","few_shot","structured","fact_first","number_list","test_set_2",0.58,0.42,0.58,0,3,100,58,0.58,42,58,0.64,0.6,0.64,0.33,0.53,0.57,0.77,39,0,3
"llama3","seed_989","trained","all_domains_75_samples",75,"temp_06","few_shot","unstructured","fact_first","markdown","test_set_1",0.44,0.56,0.42,3,4,99,44,0.45,53,42,0.36,0.36,0.62,0.47,0.43,0.31,0.44,53,2,2
"llama2","seed_206","trained","all_domains_75_samples",75,"greedy","zero_shot","structured","answer_first","markdown","test_set_2",0.31,0.69,0.17,19,59,100,31,0.38,50,17,0,0.33,0.36,0.33,0.07,0,0.08,24,14,45
"llama3","seed_989","trained","all_domains_75_samples",75,"temp_025","zero_shot","unstructured","answer_first","markdown","test_set_2",0.57,0.43,0.55,0,4,100,57,0.57,43,55,0.43,0.53,0.57,0.53,0.53,0.64,0.62,41,2,2
"llama2","seed_989","trained","all_domains_75_samples",75,"temp_025","few_shot","unstructured","answer_first","markdown","test_set_1",0.43,0.57,0.4,0,8,99,43,0.43,57,40,0.29,0.5,0.54,0.2,0.43,0.38,0.5,51,3,5
"llama3","seed_989","trained","all_domains_75_samples",75,"temp_025","few_shot","structured","fact_first","markdown","test_set_1",0.54,0.46,0.52,0,7,99,53,0.53,47,51,0.64,0.5,0.69,0.47,0.5,0.62,0.25,41,2,5
"llama3","seed_206","trained","all_domains_125_samples",125,"greedy","zero_shot","structured","fact_first","number_list","test_set_1",0.47,0.53,0.45,0,3,99,47,0.47,53,45,0.36,0.21,0.62,0.67,0.5,0.46,0.38,51,2,1
"llama3","seed_206","trained","all_domains_125_samples",125,"temp_06","zero_shot","unstructured","fact_first","number_list","test_set_1",0.47,0.53,0.45,0,6,99,47,0.47,53,45,0.64,0.5,0.38,0.4,0.5,0.46,0.31,48,2,4
"llama3","seed_989","trained","all_domains_75_samples",75,"temp_06","few_shot","structured","answer_first","markdown","test_set_1",0.59,0.41,0.58,0,8,99,58,0.58,42,57,0.64,0.43,0.77,0.53,0.57,0.62,0.5,34,1,7
"llama3","seed_206","trained","all_domains_125_samples",125,"temp_025","zero_shot","unstructured","answer_first","markdown","test_set_1",0.51,0.49,0.49,0,4,99,50,0.5,50,49,0.57,0.5,0.62,0.53,0.29,0.54,0.44,46,1,3
"llama3","seed_206","trained","all_domains_75_samples",75,"temp_06","zero_shot","structured","fact_first","markdown","test_set_2",0.53,0.47,0.48,0,7,100,53,0.53,47,48,0.79,0.47,0.5,0.33,0.47,0.5,0.31,45,5,2
"llama3","seed_989","trained","all_domains_75_samples",75,"temp_025","zero_shot","structured","fact_first","number_list","test_set_2",0.56,0.44,0.52,0,6,100,56,0.56,44,52,0.64,0.6,0.43,0.33,0.53,0.64,0.46,42,4,2
"llama3","seed_989","trained","all_domains_75_samples",75,"greedy","zero_shot","structured","answer_first","markdown","test_set_2",0.55,0.45,0.49,1,8,100,55,0.56,44,49,0.5,0.47,0.43,0.33,0.4,0.71,0.62,43,6,2
"llama2","seed_206","trained","all_domains_75_samples",75,"temp_06","zero_shot","structured","fact_first","number_list","test_set_2",0.38,0.62,0.34,0,8,100,38,0.38,62,34,0.21,0.53,0.5,0.33,0.27,0.14,0.38,58,4,4
"llama3","seed_206","trained","all_domains_75_samples",75,"greedy","few_shot","unstructured","answer_first","markdown","test_set_2",0.57,0.43,0.55,0,3,100,57,0.57,43,55,0.5,0.47,0.71,0.4,0.53,0.64,0.62,42,2,1
"llama2","seed_206","trained","all_domains_75_samples",75,"temp_025","zero_shot","unstructured","fact_first","markdown","test_set_2",0.4,0.6,0.33,2,18,100,40,0.41,58,33,0.5,0.33,0.43,0.33,0.2,0.29,0.23,49,7,11
"llama3","seed_989","trained","all_domains_75_samples",75,"temp_025","zero_shot","unstructured","fact_first","markdown","test_set_2",0.45,0.55,0.44,0,6,100,45,0.45,55,44,0.5,0.33,0.43,0.4,0.47,0.5,0.46,50,1,5
"llama2","seed_989","trained","all_domains_75_samples",75,"temp_06","few_shot","unstructured","fact_first","number_list","test_set_1",0.38,0.62,0.34,0,9,99,38,0.38,62,34,0.14,0.57,0.38,0.2,0.43,0.54,0.19,56,4,5
"llama2","seed_206","trained","all_domains_75_samples",75,"temp_06","zero_shot","unstructured","answer_first","markdown","test_set_2",0.37,0.63,0.34,0,5,100,37,0.37,63,34,0.5,0.27,0.5,0.33,0.2,0.36,0.23,61,3,2
"llama2","seed_206","trained","all_domains_125_samples",125,"temp_025","zero_shot","unstructured","fact_first","number_list","test_set_1",0.37,0.63,0.36,8,8,99,37,0.4,55,36,0.21,0.57,0.31,0.33,0.5,0.46,0.19,55,1,7
"llama3","seed_989","trained","all_domains_125_samples",125,"temp_06","zero_shot","unstructured","answer_first","number_list","test_set_1",0.46,0.54,0.43,0,6,99,46,0.46,54,43,0.64,0.29,0.54,0.4,0.43,0.46,0.31,50,3,3
"llama3","seed_989","trained","all_domains_125_samples",125,"greedy","zero_shot","structured","answer_first","number_list","test_set_1",0.51,0.49,0.48,0,4,99,50,0.5,50,48,0.43,0.57,0.62,0.47,0.57,0.38,0.38,47,2,2
"llama2","seed_206","trained","all_domains_75_samples",75,"greedy","zero_shot","structured","fact_first","markdown","test_set_2",0.31,0.69,0.26,7,20,100,31,0.33,62,26,0.21,0.33,0.29,0.27,0.27,0.14,0.31,54,5,15
"llama2","seed_206","trained","all_domains_125_samples",125,"greedy","zero_shot","structured","fact_first","number_list","test_set_1",0.41,0.59,0.38,0,6,99,41,0.41,59,38,0.36,0.29,0.54,0.33,0.36,0.38,0.44,55,3,3
"llama2","seed_989","trained","all_domains_75_samples",75,"greedy","few_shot","structured","answer_first","markdown","test_set_1",0.38,0.62,0.36,0,8,99,38,0.38,62,36,0.21,0.36,0.31,0.2,0.36,0.38,0.69,55,2,6
"llama2","seed_989","trained","all_domains_125_samples",125,"greedy","zero_shot","unstructured","answer_first","number_list","test_set_1",0.31,0.69,0.31,3,9,99,31,0.32,66,31,0.21,0.36,0.23,0.33,0.43,0.46,0.19,59,0,9
"llama2","seed_989","trained","all_domains_75_samples",75,"temp_025","few_shot","unstructured","fact_first","markdown","test_set_1",0.38,0.62,0.35,1,9,99,38,0.38,61,35,0.36,0.64,0.23,0.27,0.36,0.31,0.31,55,3,6
"llama2","seed_206","trained","all_domains_125_samples",125,"temp_06","zero_shot","structured","answer_first","number_list","test_set_1",0.36,0.64,0.34,0,6,99,36,0.36,64,34,0.21,0.36,0.31,0.33,0.5,0.46,0.25,59,2,4
"llama3","seed_206","trained","all_domains_75_samples",75,"temp_06","few_shot","unstructured","fact_first","number_list","test_set_2",0.49,0.51,0.47,2,4,100,49,0.5,49,47,0.36,0.27,0.5,0.53,0.53,0.43,0.69,49,2,2
"llama2","seed_206","trained","all_domains_75_samples",75,"temp_06","zero_shot","unstructured","fact_first","number_list","test_set_2",0.27,0.73,0.26,4,8,100,27,0.28,69,26,0.29,0.4,0.21,0.2,0.33,0.21,0.15,66,1,7
"llama3","seed_206","trained","all_domains_125_samples",125,"greedy","zero_shot","structured","answer_first","markdown","test_set_1",0.51,0.49,0.17,0,64,99,50,0.5,50,17,0.21,0.14,0.23,0.2,0.14,0.15,0.13,18,33,31
"llama3","seed_206","trained","all_domains_75_samples",75,"greedy","few_shot","unstructured","fact_first","markdown","test_set_2",0.47,0.53,0.43,0,6,100,47,0.47,53,43,0.5,0.33,0.5,0.33,0.4,0.43,0.54,51,4,2
"llama3","seed_989","trained","all_domains_125_samples",125,"greedy","zero_shot","unstructured","fact_first","number_list","test_set_1",0.45,0.55,0.43,2,7,99,45,0.46,53,43,0.57,0.5,0.38,0.33,0.57,0.46,0.25,49,2,5
"llama3","seed_989","trained","all_domains_75_samples",75,"temp_06","zero_shot","unstructured","answer_first","markdown","test_set_2",0.57,0.43,0.53,0,7,100,57,0.57,43,53,0.5,0.47,0.57,0.53,0.47,0.64,0.54,40,4,3
"llama3","seed_206","trained","all_domains_75_samples",75,"temp_025","few_shot","structured","fact_first","number_list","test_set_2",0.54,0.46,0.54,0,3,100,54,0.54,46,54,0.57,0.53,0.57,0.47,0.4,0.57,0.69,43,0,3
"llama3","seed_206","trained","all_domains_125_samples",125,"temp_025","zero_shot","structured","fact_first","number_list","test_set_1",0.54,0.46,0.52,0,3,99,53,0.53,47,51,0.5,0.21,0.77,0.67,0.57,0.62,0.31,45,2,1
"llama2","seed_206","trained","all_domains_125_samples",125,"greedy","few_shot","unstructured","answer_first","number_list","test_set_1",0.42,0.58,0.39,0,9,99,42,0.42,58,39,0.29,0.43,0.54,0.33,0.57,0.38,0.25,51,3,6
"llama3","seed_206","trained","all_domains_125_samples",125,"temp_06","zero_shot","unstructured","answer_first","markdown","test_set_1",0.51,0.49,0.49,0,7,99,50,0.5,50,49,0.57,0.5,0.62,0.53,0.29,0.54,0.44,43,1,6
"llama3","seed_989","trained","all_domains_75_samples",75,"greedy","zero_shot","structured","fact_first","markdown","test_set_2",0.58,0.42,0.5,0,9,100,58,0.58,42,50,0.64,0.53,0.64,0.27,0.4,0.64,0.38,41,8,1
"llama3","seed_989","trained","all_domains_75_samples",75,"temp_06","zero_shot","structured","fact_first","number_list","test_set_2",0.53,0.47,0.49,0,6,100,53,0.53,47,49,0.57,0.33,0.64,0.4,0.47,0.5,0.54,45,4,2
"llama3","seed_989","trained","all_domains_75_samples",75,"temp_025","zero_shot","structured","answer_first","markdown","test_set_2",0.55,0.45,0.49,1,8,100,55,0.56,44,49,0.5,0.47,0.43,0.33,0.4,0.71,0.62,43,6,2
"llama3","seed_206","trained","all_domains_75_samples",75,"temp_025","few_shot","unstructured","answer_first","markdown","test_set_2",0.58,0.42,0.56,0,3,100,58,0.58,42,56,0.5,0.47,0.71,0.4,0.53,0.71,0.62,41,2,1
"llama3","seed_989","trained","all_domains_75_samples",75,"temp_06","few_shot","structured","fact_first","markdown","test_set_1",0.51,0.49,0.49,0,6,99,50,0.5,50,49,0.5,0.43,0.54,0.47,0.5,0.54,0.5,44,1,5
"llama2","seed_206","trained","all_domains_125_samples",125,"temp_025","zero_shot","unstructured","answer_first","markdown","test_set_1",0.37,0.63,0.36,0,6,99,37,0.37,63,36,0.14,0.5,0.54,0.4,0.43,0.38,0.19,57,1,5
"llama3","seed_206","trained","all_domains_75_samples",75,"greedy","few_shot","structured","answer_first","markdown","test_set_2",0.6,0.4,0.56,0,6,100,60,0.6,40,56,0.5,0.33,0.64,0.53,0.4,0.79,0.77,38,4,2
"llama2","seed_206","trained","all_domains_125_samples",125,"greedy","zero_shot","structured","answer_first","markdown","test_set_1",0.38,0.62,0.25,6,43,99,38,0.4,56,25,0.07,0.21,0.38,0.2,0.36,0.38,0.19,31,13,30
"llama3","seed_989","trained","all_domains_75_samples",75,"temp_06","zero_shot","unstructured","fact_first","markdown","test_set_2",0.46,0.54,0.45,1,6,100,46,0.46,53,45,0.43,0.33,0.5,0.33,0.53,0.5,0.54,49,1,5
"llama2","seed_989","trained","all_domains_75_samples",75,"greedy","zero_shot","structured","fact_first","number_list","test_set_2",0.38,0.62,0.34,0,7,100,38,0.38,62,34,0.5,0.47,0.43,0.27,0.2,0.29,0.23,59,4,3
"llama3","seed_206","trained","all_domains_125_samples",125,"greedy","zero_shot","unstructured","answer_first","number_list","test_set_2",0.53,0.47,0.52,0,3,100,53,0.53,47,52,0.29,0.27,0.64,0.6,0.6,0.71,0.54,45,1,2
"llama2","seed_989","trained","all_domains_75_samples",75,"greedy","zero_shot","unstructured","answer_first","markdown","test_set_2",0.37,0.63,0.35,0,5,100,37,0.37,63,35,0.5,0.33,0.5,0.33,0.27,0.29,0.23,60,2,3
"llama2","seed_206","trained","all_domains_75_samples",75,"temp_025","zero_shot","structured","answer_first","markdown","test_set_2",0.32,0.68,0.16,20,62,100,32,0.4,48,16,0,0.27,0.29,0.33,0.13,0,0.08,22,16,46
"llama3","seed_989","trained","all_domains_125_samples",125,"temp_025","zero_shot","structured","answer_first","number_list","test_set_1",0.51,0.49,0.48,0,4,99,50,0.5,50,48,0.43,0.57,0.62,0.47,0.57,0.38,0.38,47,2,2
"llama2","seed_989","trained","all_domains_75_samples",75,"greedy","few_shot","structured","fact_first","markdown","test_set_1",0.39,0.61,0.37,1,9,99,39,0.39,60,37,0.21,0.57,0.54,0.53,0.21,0.23,0.31,53,2,7
"llama2","seed_206","trained","all_domains_75_samples",75,"temp_06","zero_shot","unstructured","fact_first","markdown","test_set_2",0.38,0.62,0.29,2,23,100,38,0.39,60,29,0.29,0.13,0.36,0.33,0.4,0.36,0.15,48,9,14
"llama3","seed_989","trained","all_domains_75_samples",75,"greedy","few_shot","unstructured","fact_first","number_list","test_set_2",0.49,0.51,0.48,0,4,100,49,0.49,51,48,0.43,0.33,0.5,0.53,0.47,0.5,0.62,48,1,3
"llama3","seed_989","trained","all_domains_125_samples",125,"temp_025","zero_shot","unstructured","fact_first","number_list","test_set_1",0.46,0.54,0.44,2,8,99,46,0.47,52,44,0.57,0.5,0.38,0.33,0.57,0.46,0.31,47,2,6
"llama2","seed_989","trained","all_domains_75_samples",75,"temp_06","few_shot","unstructured","answer_first","markdown","test_set_1",0.39,0.61,0.36,0,9,99,39,0.39,61,36,0.29,0.43,0.46,0.2,0.36,0.38,0.44,54,3,6
"llama3","seed_206","trained","all_domains_125_samples",125,"temp_025","zero_shot","structured","answer_first","markdown","test_set_1",0.52,0.48,0.19,0,61,99,51,0.51,49,19,0.21,0.14,0.23,0.27,0.14,0.23,0.13,19,32,29
"llama2","seed_989","trained","all_domains_125_samples",125,"greedy","zero_shot","structured","answer_first","number_list","test_set_1",0.39,0.61,0.37,0,6,99,39,0.39,61,37,0.29,0.36,0.31,0.4,0.5,0.46,0.31,56,2,4
"llama3","seed_206","trained","all_domains_75_samples",75,"temp_025","few_shot","unstructured","fact_first","markdown","test_set_2",0.46,0.54,0.42,1,6,100,46,0.46,53,42,0.43,0.33,0.5,0.33,0.47,0.36,0.54,52,4,2
"llama2","seed_206","trained","all_domains_125_samples",125,"greedy","few_shot","structured","answer_first","number_list","test_set_1",0.35,0.65,0.33,0,9,99,35,0.35,65,33,0.29,0.43,0.46,0.13,0.5,0.38,0.19,57,2,7
"llama2","seed_206","trained","all_domains_125_samples",125,"temp_06","zero_shot","unstructured","fact_first","number_list","test_set_1",0.29,0.71,0.29,6,8,99,29,0.31,65,29,0.14,0.57,0.31,0.4,0.43,0.23,0,62,0,8
"llama2","seed_206","trained","all_domains_125_samples",125,"temp_025","zero_shot","structured","fact_first","number_list","test_set_1",0.38,0.62,0.36,0,7,99,38,0.38,62,36,0.29,0.14,0.54,0.33,0.57,0.46,0.25,56,2,5
"llama2","seed_206","trained","all_domains_75_samples",75,"greedy","few_shot","unstructured","fact_first","number_list","test_set_2",0.25,0.75,0.21,3,10,100,25,0.26,72,21,0.21,0.4,0.14,0.07,0.2,0.21,0.23,69,4,6
"llama2","seed_989","trained","all_domains_75_samples",75,"greedy","zero_shot","unstructured","fact_first","number_list","test_set_2",0.26,0.74,0.26,3,9,100,26,0.27,71,26,0.43,0.4,0.21,0.2,0.27,0.14,0.15,65,0,9
"llama3","seed_206","trained","all_domains_125_samples",125,"temp_06","zero_shot","structured","fact_first","number_list","test_set_1",0.52,0.48,0.48,0,5,99,51,0.51,49,48,0.43,0.36,0.69,0.67,0.43,0.54,0.31,46,3,2
"llama3","seed_206","trained","all_domains_125_samples",125,"greedy","few_shot","unstructured","answer_first","number_list","test_set_1",0.46,0.54,0.44,0,7,99,46,0.46,54,44,0.43,0.36,0.54,0.33,0.5,0.62,0.38,48,2,5
"llama3","seed_206","trained","all_domains_75_samples",75,"temp_06","few_shot","structured","fact_first","number_list","test_set_2",0.6,0.4,0.58,0,3,100,60,0.6,40,58,0.71,0.47,0.5,0.47,0.6,0.71,0.62,39,2,1
"llama3","seed_989","trained","all_domains_125_samples",125,"greedy","zero_shot","unstructured","answer_first","markdown","test_set_1",0.51,0.49,0.48,0,4,99,50,0.5,50,48,0.57,0.43,0.62,0.53,0.29,0.54,0.44,47,2,2
"llama2","seed_206","trained","all_domains_75_samples",75,"temp_025","zero_shot","structured","fact_first","markdown","test_set_2",0.34,0.66,0.26,6,20,100,34,0.36,60,26,0.21,0.27,0.43,0.33,0.27,0.07,0.23,54,8,12
"llama3","seed_989","trained","all_domains_75_samples",75,"temp_025","zero_shot","structured","fact_first","markdown","test_set_2",0.55,0.45,0.48,0,8,100,55,0.55,45,48,0.64,0.53,0.71,0.2,0.33,0.5,0.46,44,7,1
"llama3","seed_989","trained","all_domains_75_samples",75,"temp_06","zero_shot","structured","answer_first","markdown","test_set_2",0.56,0.44,0.5,1,8,100,56,0.57,43,50,0.5,0.47,0.43,0.33,0.47,0.71,0.62,42,6,2
"llama2","seed_989","trained","all_domains_125_samples",125,"temp_025","zero_shot","unstructured","answer_first","number_list","test_set_1",0.33,0.67,0.33,3,8,99,33,0.34,64,33,0.29,0.36,0.23,0.27,0.43,0.62,0.19,58,0,8
"llama3","seed_206","trained","all_domains_75_samples",75,"temp_06","few_shot","unstructured","answer_first","markdown","test_set_2",0.57,0.43,0.54,0,4,100,57,0.57,43,54,0.5,0.47,0.71,0.4,0.47,0.64,0.62,42,3,1
"llama3","seed_206","trained","all_domains_125_samples",125,"temp_025","zero_shot","unstructured","answer_first","number_list","test_set_2",0.54,0.46,0.52,0,4,100,54,0.54,46,52,0.29,0.27,0.64,0.6,0.6,0.71,0.54,44,2,2
"llama3","seed_206","trained","all_domains_75_samples",75,"greedy","few_shot","structured","fact_first","markdown","test_set_2",0.6,0.4,0.53,0,8,100,60,0.6,40,53,0.57,0.4,0.57,0.4,0.4,0.64,0.77,39,7,1
"llama2","seed_206","trained","all_domains_125_samples",125,"temp_06","zero_shot","unstructured","answer_first","markdown","test_set_1",0.38,0.62,0.37,0,7,99,38,0.38,62,37,0.14,0.57,0.46,0.47,0.43,0.38,0.19,55,1,6
"llama2","seed_989","trained","all_domains_75_samples",75,"temp_06","few_shot","unstructured","fact_first","markdown","test_set_1",0.37,0.63,0.33,3,9,99,37,0.38,60,33,0.21,0.71,0.31,0.2,0.36,0.31,0.25,57,4,5
"llama3","seed_206","trained","all_domains_75_samples",75,"temp_025","few_shot","structured","answer_first","markdown","test_set_2",0.61,0.39,0.57,0,6,100,61,0.61,39,57,0.5,0.4,0.64,0.53,0.4,0.79,0.77,37,4,2
"llama3","seed_989","trained","all_domains_125_samples",125,"temp_06","zero_shot","structured","answer_first","number_list","test_set_1",0.53,0.47,0.52,0,3,99,52,0.52,48,51,0.57,0.57,0.62,0.47,0.57,0.46,0.38,45,1,2
"llama3","seed_989","trained","all_domains_125_samples",125,"temp_06","zero_shot","unstructured","fact_first","number_list","test_set_1",0.45,0.55,0.42,2,7,99,45,0.46,53,42,0.64,0.5,0.31,0.33,0.5,0.46,0.25,50,3,4
"llama3","seed_206","trained","all_domains_125_samples",125,"greedy","few_shot","structured","answer_first","number_list","test_set_1",0.45,0.55,0.42,0,5,99,45,0.45,55,42,0.36,0.29,0.62,0.53,0.43,0.38,0.38,52,3,2
"llama2","seed_989","trained","all_domains_75_samples",75,"greedy","zero_shot","unstructured","fact_first","markdown","test_set_2",0.36,0.64,0.3,4,20,100,36,0.38,60,30,0.43,0.2,0.5,0.27,0.2,0.36,0.15,50,6,14
"llama3","seed_989","trained","all_domains_75_samples",75,"temp_025","few_shot","unstructured","fact_first","number_list","test_set_2",0.54,0.46,0.53,2,4,100,54,0.55,44,53,0.43,0.4,0.43,0.6,0.47,0.71,0.69,43,1,3
"llama2","seed_989","trained","all_domains_75_samples",75,"temp_025","zero_shot","structured","fact_first","number_list","test_set_2",0.44,0.56,0.39,0,7,100,44,0.44,56,39,0.64,0.4,0.57,0.33,0.33,0.14,0.31,54,5,2
"llama2","seed_206","trained","all_domains_125_samples",125,"temp_025","few_shot","unstructured","answer_first","number_list","test_set_1",0.39,0.61,0.36,0,9,99,39,0.39,61,36,0.29,0.36,0.46,0.33,0.5,0.38,0.25,54,3,6
"llama3","seed_206","trained","all_domains_125_samples",125,"temp_06","zero_shot","structured","answer_first","markdown","test_set_1",0.48,0.52,0.17,1,63,99,48,0.48,51,17,0.21,0.14,0.15,0.13,0.14,0.31,0.13,19,31,32
"llama3","seed_206","trained","all_domains_75_samples",75,"temp_06","few_shot","unstructured","fact_first","markdown","test_set_2",0.47,0.53,0.43,1,6,100,47,0.47,52,43,0.43,0.27,0.57,0.27,0.47,0.5,0.54,51,4,2
"llama2","seed_989","trained","all_domains_75_samples",75,"temp_025","zero_shot","unstructured","answer_first","markdown","test_set_2",0.36,0.64,0.34,0,5,100,36,0.36,64,34,0.5,0.27,0.5,0.27,0.27,0.36,0.23,61,2,3
"llama2","seed_206","trained","all_domains_75_samples",75,"temp_06","zero_shot","structured","answer_first","markdown","test_set_2",0.33,0.67,0.16,17,63,100,33,0.4,50,16,0,0.27,0.36,0.33,0.07,0,0.08,21,17,46
"llama2","seed_206","trained","all_domains_125_samples",125,"temp_025","zero_shot","structured","answer_first","markdown","test_set_1",0.37,0.63,0.24,7,41,99,37,0.4,56,24,0.07,0.21,0.38,0.2,0.29,0.38,0.19,34,13,28
"llama3","seed_206","trained","all_domains_125_samples",125,"temp_025","few_shot","unstructured","answer_first","number_list","test_set_1",0.46,0.54,0.44,0,6,99,46,0.46,54,44,0.43,0.36,0.54,0.33,0.5,0.62,0.38,49,2,4
"llama2","seed_989","trained","all_domains_75_samples",75,"temp_025","few_shot","structured","answer_first","markdown","test_set_1",0.37,0.63,0.36,0,7,99,37,0.37,63,36,0.21,0.36,0.31,0.27,0.36,0.38,0.63,56,1,6
"llama3","seed_989","trained","all_domains_125_samples",125,"temp_025","zero_shot","unstructured","answer_first","markdown","test_set_1",0.49,0.51,0.48,0,4,99,49,0.49,51,48,0.57,0.43,0.62,0.47,0.29,0.62,0.44,47,1,3
"llama3","seed_989","trained","all_domains_125_samples",125,"greedy","zero_shot","structured","fact_first","number_list","test_set_1",0.47,0.53,0.45,0,3,99,47,0.47,53,45,0.36,0.21,0.62,0.67,0.5,0.46,0.38,51,2,1
"llama2","seed_989","trained","all_domains_125_samples",125,"greedy","zero_shot","unstructured","fact_first","number_list","test_set_1",0.32,0.68,0.31,5,7,99,32,0.34,63,31,0.07,0.43,0.15,0.33,0.57,0.46,0.19,61,1,6
"llama3","seed_206","trained","all_domains_125_samples",125,"temp_06","zero_shot","unstructured","answer_first","number_list","test_set_2",0.53,0.47,0.52,0,3,100,53,0.53,47,52,0.29,0.27,0.64,0.6,0.6,0.71,0.54,45,1,2
"llama3","seed_989","trained","all_domains_75_samples",75,"greedy","few_shot","structured","fact_first","number_list","test_set_2",0.58,0.42,0.58,0,3,100,58,0.58,42,58,0.64,0.6,0.64,0.33,0.53,0.57,0.77,39,0,3
"llama2","seed_989","trained","all_domains_125_samples",125,"temp_025","zero_shot","structured","answer_first","number_list","test_set_1",0.4,0.6,0.39,0,5,99,40,0.4,60,39,0.36,0.36,0.38,0.4,0.43,0.54,0.31,55,1,4
"llama3","seed_989","trained","all_domains_75_samples",75,"temp_06","zero_shot","structured","fact_first","markdown","test_set_2",0.6,0.4,0.53,0,9,100,60,0.6,40,53,0.71,0.27,0.71,0.2,0.6,0.71,0.54,38,7,2
"llama2","seed_206","trained","all_domains_125_samples",125,"temp_06","zero_shot","structured","fact_first","number_list","test_set_1",0.27,0.73,0.26,0,7,99,27,0.27,73,26,0.21,0.21,0.54,0.2,0.36,0.15,0.19,66,1,6
"llama3","seed_989","trained","all_domains_75_samples",75,"greedy","few_shot","unstructured","answer_first","markdown","test_set_2",0.57,0.43,0.55,0,3,100,57,0.57,43,55,0.5,0.47,0.71,0.4,0.53,0.64,0.62,42,2,1
"llama2","seed_206","trained","all_domains_125_samples",125,"greedy","few_shot","structured","fact_first","number_list","test_set_1",0.35,0.65,0.33,1,8,99,35,0.35,64,33,0.07,0.5,0.38,0.33,0.36,0.38,0.31,58,2,6
"llama2","seed_989","trained","all_domains_125_samples",125,"greedy","zero_shot","unstructured","answer_first","markdown","test_set_1",0.35,0.65,0.34,0,7,99,35,0.35,65,34,0.14,0.5,0.46,0.33,0.43,0.38,0.19,58,1,6
"llama2","seed_206","trained","all_domains_75_samples",75,"greedy","few_shot","unstructured","answer_first","markdown","test_set_2",0.4,0.6,0.38,0,6,100,40,0.4,60,38,0.5,0.53,0.57,0.2,0.27,0.36,0.23,56,2,4
"llama2","seed_206","trained","all_domains_75_samples",75,"temp_06","zero_shot","structured","fact_first","markdown","test_set_2",0.29,0.71,0.27,5,22,100,29,0.31,66,27,0.43,0.27,0.29,0.33,0.33,0,0.23,51,2,20
"llama2","seed_989","trained","all_domains_75_samples",75,"temp_025","zero_shot","unstructured","fact_first","number_list","test_set_2",0.27,0.73,0.25,3,9,100,27,0.28,70,25,0.43,0.4,0.14,0.2,0.07,0.29,0.23,66,2,7
"llama3","seed_206","trained","all_domains_125_samples",125,"greedy","zero_shot","unstructured","fact_first","number_list","test_set_2",0.47,0.53,0.45,2,3,100,47,0.48,51,45,0.36,0.53,0.43,0.4,0.47,0.5,0.46,52,2,1
"llama3","seed_206","trained","all_domains_125_samples",125,"greedy","zero_shot","structured","answer_first","number_list","test_set_2",0.56,0.44,0.54,0,5,100,56,0.56,44,54,0.43,0.27,0.5,0.6,0.47,0.86,0.69,41,2,3
"llama2","seed_206","trained","all_domains_125_samples",125,"greedy","few_shot","unstructured","fact_first","number_list","test_set_1",0.41,0.59,0.39,1,8,99,41,0.41,58,39,0.14,0.36,0.46,0.33,0.5,0.62,0.38,52,2,6
"llama2","seed_206","trained","all_domains_75_samples",75,"temp_025","few_shot","unstructured","fact_first","number_list","test_set_2",0.31,0.69,0.27,3,10,100,31,0.32,66,27,0.36,0.27,0.29,0.2,0.4,0.21,0.15,63,4,6
"llama3","seed_989","trained","all_domains_75_samples",75,"temp_06","few_shot","unstructured","fact_first","number_list","test_set_2",0.49,0.51,0.47,2,4,100,49,0.5,49,47,0.36,0.33,0.5,0.47,0.4,0.57,0.69,49,2,2
"llama3","seed_206","trained","all_domains_75_samples",75,"temp_025","few_shot","structured","fact_first","markdown","test_set_2",0.61,0.39,0.55,0,8,100,61,0.61,39,55,0.57,0.53,0.5,0.53,0.4,0.64,0.69,37,6,2
"llama2","seed_989","trained","all_domains_125_samples",125,"temp_06","zero_shot","unstructured","answer_first","number_list","test_set_1",0.35,0.65,0.35,3,9,99,35,0.36,62,35,0.14,0.36,0.38,0.4,0.5,0.46,0.25,55,0,9
"llama3","seed_206","trained","all_domains_75_samples",75,"temp_06","few_shot","structured","answer_first","markdown","test_set_2",0.6,0.4,0.57,0,6,100,60,0.6,40,57,0.5,0.4,0.64,0.53,0.4,0.79,0.77,37,3,3
"llama3","seed_206","trained","all_domains_125_samples",125,"temp_025","few_shot","structured","answer_first","number_list","test_set_1",0.45,0.55,0.42,0,5,99,45,0.45,55,42,0.36,0.29,0.62,0.53,0.43,0.38,0.38,52,3,2
"llama3","seed_989","trained","all_domains_125_samples",125,"greedy","zero_shot","structured","answer_first","markdown","test_set_1",0.51,0.49,0.17,0,64,99,50,0.5,50,17,0.21,0.14,0.23,0.2,0.14,0.15,0.13,18,33,31
"llama3","seed_989","trained","all_domains_75_samples",75,"greedy","few_shot","unstructured","fact_first","markdown","test_set_2",0.47,0.53,0.43,0,6,100,47,0.47,53,43,0.5,0.33,0.5,0.33,0.4,0.43,0.54,51,4,2
"llama3","seed_206","trained","all_domains_125_samples",125,"temp_06","few_shot","unstructured","answer_first","number_list","test_set_1",0.47,0.53,0.45,0,7,99,47,0.47,53,45,0.43,0.36,0.54,0.33,0.5,0.69,0.38,47,2,5
"llama2","seed_989","trained","all_domains_75_samples",75,"greedy","zero_shot","structured","answer_first","markdown","test_set_2",0.31,0.69,0.17,19,59,100,31,0.38,50,17,0,0.33,0.36,0.33,0.07,0,0.08,24,14,45
"llama2","seed_989","trained","all_domains_75_samples",75,"temp_025","few_shot","structured","fact_first","markdown","test_set_1",0.35,0.65,0.33,1,9,99,35,0.35,64,33,0.21,0.29,0.38,0.4,0.43,0.31,0.31,57,2,7
"llama2","seed_989","trained","all_domains_75_samples",75,"temp_06","zero_shot","structured","fact_first","number_list","test_set_2",0.38,0.62,0.34,0,10,100,38,0.38,62,34,0.36,0.4,0.36,0.2,0.4,0.29,0.38,56,4,6
"llama3","seed_989","trained","all_domains_125_samples",125,"temp_06","zero_shot","unstructured","answer_first","markdown","test_set_1",0.48,0.52,0.45,0,6,99,48,0.48,52,45,0.57,0.5,0.54,0.47,0.29,0.46,0.38,48,3,3
"llama3","seed_989","trained","all_domains_125_samples",125,"greedy","zero_shot","unstructured","answer_first","number_list","test_set_2",0.53,0.47,0.52,0,3,100,53,0.53,47,52,0.29,0.27,0.64,0.6,0.6,0.71,0.54,45,1,2
"llama3","seed_989","trained","all_domains_125_samples",125,"temp_025","zero_shot","structured","fact_first","number_list","test_set_1",0.51,0.49,0.47,0,5,99,50,0.5,50,47,0.29,0.36,0.69,0.67,0.5,0.54,0.31,47,3,2
"llama2","seed_206","trained","all_domains_75_samples",75,"greedy","few_shot","unstructured","fact_first","markdown","test_set_2",0.35,0.65,0.34,1,4,100,35,0.35,64,34,0.36,0.33,0.36,0.47,0.4,0.21,0.23,62,1,3
"llama2","seed_989","trained","all_domains_75_samples",75,"temp_06","zero_shot","unstructured","answer_first","markdown","test_set_2",0.36,0.64,0.34,0,5,100,36,0.36,64,34,0.5,0.27,0.36,0.4,0.33,0.36,0.15,61,2,3
"llama2","seed_989","trained","all_domains_75_samples",75,"temp_025","zero_shot","unstructured","fact_first","markdown","test_set_2",0.45,0.55,0.39,2,18,100,45,0.46,53,39,0.57,0.33,0.57,0.27,0.33,0.36,0.31,43,6,12
"llama2","seed_206","trained","all_domains_125_samples",125,"temp_025","few_shot","structured","answer_first","number_list","test_set_1",0.35,0.65,0.32,0,9,99,35,0.35,65,32,0.21,0.43,0.46,0.13,0.5,0.38,0.19,58,3,6
"llama3","seed_989","trained","all_domains_75_samples",75,"temp_025","few_shot","unstructured","answer_first","markdown","test_set_2",0.56,0.44,0.54,0,3,100,56,0.56,44,54,0.5,0.47,0.64,0.4,0.53,0.64,0.62,43,2,1
"llama3","seed_989","trained","all_domains_75_samples",75,"temp_025","few_shot","structured","fact_first","number_list","test_set_2",0.59,0.41,0.59,0,3,100,59,0.59,41,59,0.71,0.53,0.5,0.6,0.53,0.43,0.85,38,0,3
"llama2","seed_206","trained","all_domains_125_samples",125,"greedy","few_shot","unstructured","answer_first","markdown","test_set_1",0.4,0.6,0.38,0,6,99,40,0.4,60,38,0.29,0.5,0.46,0.33,0.43,0.46,0.25,55,2,4
"llama2","seed_206","trained","all_domains_125_samples",125,"temp_06","zero_shot","structured","answer_first","markdown","test_set_1",0.4,0.6,0.22,8,45,99,40,0.43,52,22,0,0.21,0.23,0.27,0.29,0.31,0.25,32,18,27
"llama2","seed_989","trained","all_domains_125_samples",125,"greedy","zero_shot","structured","fact_first","number_list","test_set_1",0.41,0.59,0.38,0,6,99,41,0.41,59,38,0.36,0.29,0.54,0.33,0.36,0.38,0.44,55,3,3
"llama2","seed_989","trained","all_domains_125_samples",125,"temp_06","zero_shot","structured","answer_first","number_list","test_set_1",0.35,0.65,0.34,0,6,99,35,0.35,65,34,0.29,0.36,0.31,0.33,0.43,0.46,0.25,59,1,5
"llama3","seed_206","trained","all_domains_125_samples",125,"temp_025","zero_shot","unstructured","fact_first","number_list","test_set_2",0.47,0.53,0.45,0,3,100,47,0.47,53,45,0.21,0.47,0.43,0.47,0.53,0.43,0.62,52,2,1
"llama2","seed_206","trained","all_domains_125_samples",125,"temp_06","few_shot","unstructured","answer_first","number_list","test_set_1",0.37,0.63,0.34,0,9,99,37,0.37,63,34,0.21,0.43,0.54,0.4,0.36,0.31,0.19,56,3,6
"llama2","seed_989","trained","all_domains_75_samples",75,"greedy","zero_shot","structured","fact_first","markdown","test_set_2",0.31,0.69,0.26,7,20,100,31,0.33,62,26,0.21,0.33,0.29,0.27,0.27,0.14,0.31,54,5,15
"llama3","seed_206","trained","all_domains_125_samples",125,"temp_025","zero_shot","structured","answer_first","number_list","test_set_2",0.55,0.45,0.53,0,5,100,55,0.55,45,53,0.43,0.27,0.5,0.6,0.47,0.79,0.69,42,2,3
"llama3","seed_206","trained","all_domains_125_samples",125,"greedy","few_shot","structured","fact_first","number_list","test_set_1",0.51,0.49,0.47,0,4,99,50,0.5,50,47,0.64,0.5,0.62,0.47,0.5,0.23,0.38,48,3,1
"llama2","seed_989","trained","all_domains_125_samples",125,"temp_025","zero_shot","unstructured","fact_first","number_list","test_set_1",0.28,0.72,0.28,5,6,99,28,0.29,67,28,0.14,0.43,0.31,0.27,0.36,0.38,0.13,65,0,6
"llama2","seed_989","trained","all_domains_125_samples",125,"temp_025","zero_shot","unstructured","answer_first","markdown","test_set_1",0.37,0.63,0.36,0,7,99,37,0.37,63,36,0.14,0.5,0.54,0.4,0.43,0.38,0.19,56,1,6
"llama3","seed_206","trained","all_domains_125_samples",125,"greedy","few_shot","unstructured","answer_first","markdown","test_set_1",0.46,0.54,0.42,0,5,99,46,0.46,54,42,0.57,0.29,0.31,0.53,0.36,0.46,0.44,52,4,1
"llama3","seed_206","trained","all_domains_125_samples",125,"greedy","few_shot","unstructured","fact_first","number_list","test_set_1",0.51,0.49,0.48,1,5,99,50,0.51,49,48,0.5,0.43,0.54,0.53,0.43,0.69,0.31,46,2,3
"llama3","seed_989","trained","all_domains_125_samples",125,"temp_025","zero_shot","structured","answer_first","markdown","test_set_1",0.52,0.48,0.17,0,65,99,51,0.51,49,17,0.21,0.14,0.23,0.2,0.07,0.23,0.13,17,34,31
"llama2","seed_206","trained","all_domains_125_samples",125,"greedy","zero_shot","unstructured","answer_first","number_list","test_set_2",0.41,0.59,0.38,0,6,100,41,0.41,59,38,0.5,0.33,0.5,0.27,0.2,0.43,0.46,56,3,3
"llama3","seed_989","trained","all_domains_75_samples",75,"temp_025","few_shot","unstructured","fact_first","markdown","test_set_2",0.43,0.57,0.39,2,6,100,43,0.44,55,39,0.36,0.27,0.5,0.27,0.47,0.43,0.46,55,4,2
"llama3","seed_206","trained","all_domains_125_samples",125,"temp_06","few_shot","structured","answer_first","number_list","test_set_1",0.44,0.56,0.41,0,5,99,44,0.44,56,41,0.36,0.21,0.62,0.47,0.43,0.46,0.38,53,3,2
"llama3","seed_206","trained","all_domains_75_samples",75,"temp_06","few_shot","structured","fact_first","markdown","test_set_2",0.59,0.41,0.51,0,10,100,59,0.59,41,51,0.71,0.27,0.5,0.33,0.33,0.71,0.77,39,8,2
"llama3","seed_989","trained","all_domains_125_samples",125,"greedy","few_shot","unstructured","answer_first","number_list","test_set_1",0.46,0.54,0.44,0,7,99,46,0.46,54,44,0.43,0.36,0.54,0.33,0.5,0.62,0.38,48,2,5
"llama3","seed_989","trained","all_domains_75_samples",75,"greedy","few_shot","structured","answer_first","markdown","test_set_2",0.6,0.4,0.56,0,6,100,60,0.6,40,56,0.5,0.33,0.64,0.53,0.4,0.79,0.77,38,4,2
"llama2","seed_206","trained","all_domains_125_samples",125,"greedy","few_shot","structured","answer_first","markdown","test_set_1",0.45,0.55,0.42,0,8,99,45,0.45,55,42,0.43,0.43,0.31,0.33,0.57,0.31,0.56,49,3,5
"llama3","seed_989","trained","all_domains_125_samples",125,"temp_025","zero_shot","unstructured","answer_first","number_list","test_set_2",0.53,0.47,0.52,0,3,100,53,0.53,47,52,0.29,0.27,0.64,0.6,0.6,0.71,0.54,45,1,2
"llama2","seed_989","trained","all_domains_75_samples",75,"temp_06","zero_shot","unstructured","fact_first","number_list","test_set_2",0.3,0.7,0.28,3,9,100,30,0.31,67,28,0.29,0.4,0.29,0.2,0.33,0.21,0.23,63,2,7
"llama3","seed_206","trained","all_domains_125_samples",125,"greedy","zero_shot","unstructured","answer_first","markdown","test_set_2",0.52,0.48,0.46,0,10,100,52,0.52,48,46,0.36,0.4,0.5,0.6,0.27,0.64,0.46,44,6,4
"llama3","seed_989","trained","all_domains_125_samples",125,"temp_06","zero_shot","structured","fact_first","number_list","test_set_1",0.52,0.48,0.51,1,3,99,51,0.52,48,50,0.5,0.36,0.69,0.67,0.57,0.46,0.31,46,1,2
"llama2","seed_206","trained","all_domains_75_samples",75,"temp_025","few_shot","unstructured","answer_first","markdown","test_set_2",0.38,0.62,0.36,0,6,100,38,0.38,62,36,0.5,0.47,0.57,0.2,0.27,0.36,0.15,58,2,4
"llama3","seed_989","trained","all_domains_75_samples",75,"temp_06","few_shot","unstructured","answer_first","markdown","test_set_2",0.56,0.44,0.53,0,4,100,56,0.56,44,53,0.5,0.4,0.64,0.4,0.47,0.71,0.62,43,3,1
"llama2","seed_206","trained","all_domains_125_samples",125,"temp_025","few_shot","unstructured","fact_first","number_list","test_set_1",0.36,0.64,0.34,4,8,99,36,0.38,60,34,0.07,0.36,0.46,0.27,0.43,0.46,0.38,57,2,6
"llama2","seed_206","trained","all_domains_75_samples",75,"temp_06","few_shot","unstructured","fact_first","number_list","test_set_2",0.28,0.72,0.26,2,8,100,28,0.29,70,26,0.07,0.47,0.14,0.27,0.33,0.29,0.23,66,2,6
"llama2","seed_206","trained","all_domains_125_samples",125,"temp_025","few_shot","structured","fact_first","number_list","test_set_1",0.32,0.68,0.31,1,7,99,32,0.32,67,31,0.29,0.36,0.31,0.27,0.29,0.23,0.44,61,1,6
"llama2","seed_989","trained","all_domains_75_samples",75,"temp_06","few_shot","structured","answer_first","markdown","test_set_1",0.38,0.62,0.37,0,7,99,38,0.38,62,37,0.21,0.36,0.38,0.27,0.36,0.38,0.63,55,1,6
"llama3","seed_206","trained","all_domains_125_samples",125,"temp_06","zero_shot","unstructured","fact_first","number_list","test_set_2",0.49,0.51,0.47,4,3,100,49,0.51,47,47,0.29,0.47,0.43,0.4,0.6,0.64,0.46,50,2,1
"llama3","seed_989","trained","all_domains_75_samples",75,"temp_06","few_shot","structured","fact_first","number_list","test_set_2",0.54,0.46,0.53,0,3,100,54,0.54,46,53,0.57,0.47,0.43,0.53,0.4,0.64,0.69,44,1,2
"llama2","seed_989","trained","all_domains_125_samples",125,"greedy","zero_shot","structured","answer_first","markdown","test_set_1",0.38,0.62,0.25,6,43,99,38,0.4,56,25,0.07,0.21,0.38,0.2,0.36,0.38,0.19,31,13,30
"llama2","seed_989","trained","all_domains_75_samples",75,"temp_025","zero_shot","structured","answer_first","markdown","test_set_2",0.32,0.68,0.17,21,64,100,32,0.41,47,17,0,0.33,0.29,0.33,0.13,0,0.08,19,15,49
"llama3","seed_206","trained","all_domains_125_samples",125,"temp_06","zero_shot","structured","answer_first","number_list","test_set_2",0.55,0.45,0.53,0,5,100,55,0.55,45,53,0.43,0.27,0.5,0.6,0.47,0.79,0.69,42,2,3
"llama2","seed_206","trained","all_domains_125_samples",125,"greedy","zero_shot","structured","answer_first","number_list","test_set_2",0.46,0.54,0.43,0,7,100,46,0.46,54,43,0.43,0.53,0.57,0.47,0.33,0.29,0.38,50,3,4
"llama2","seed_989","trained","all_domains_75_samples",75,"temp_06","zero_shot","unstructured","fact_first","markdown","test_set_2",0.39,0.61,0.31,3,20,100,39,0.4,58,31,0.57,0.13,0.5,0.33,0.2,0.21,0.23,49,8,12
"llama2","seed_989","trained","all_domains_125_samples",125,"temp_025","zero_shot","structured","fact_first","number_list","test_set_1",0.37,0.63,0.35,0,7,99,37,0.37,63,35,0.5,0.43,0.31,0.2,0.5,0.31,0.25,57,2,5
"llama3","seed_206","trained","all_domains_125_samples",125,"temp_025","few_shot","unstructured","fact_first","number_list","test_set_1",0.47,0.53,0.45,1,5,99,47,0.47,52,45,0.5,0.36,0.54,0.4,0.5,0.62,0.31,49,2,3
"llama3","seed_206","trained","all_domains_125_samples",125,"temp_025","few_shot","unstructured","answer_first","markdown","test_set_1",0.46,0.54,0.42,0,5,99,46,0.46,54,42,0.57,0.29,0.31,0.53,0.36,0.46,0.44,52,4,1
"llama3","seed_206","trained","all_domains_125_samples",125,"temp_025","few_shot","structured","fact_first","number_list","test_set_1",0.57,0.43,0.55,0,4,99,56,0.56,44,54,0.57,0.57,0.77,0.53,0.5,0.46,0.44,41,2,2
"llama2","seed_206","trained","all_domains_75_samples",75,"temp_025","few_shot","unstructured","fact_first","markdown","test_set_2",0.34,0.66,0.33,0,4,100,34,0.34,66,33,0.29,0.4,0.36,0.47,0.4,0.21,0.15,63,1,3
"llama3","seed_989","trained","all_domains_125_samples",125,"temp_06","zero_shot","structured","answer_first","markdown","test_set_1",0.49,0.51,0.18,1,66,99,49,0.49,50,18,0.21,0.21,0.23,0.2,0.07,0.31,0.06,15,31,35
"llama3","seed_989","trained","all_domains_75_samples",75,"temp_06","few_shot","unstructured","fact_first","markdown","test_set_2",0.45,0.55,0.41,2,6,100,45,0.46,53,41,0.36,0.33,0.5,0.2,0.47,0.5,0.54,53,4,2
"llama2","seed_989","trained","all_domains_125_samples",125,"temp_06","zero_shot","unstructured","answer_first","markdown","test_set_1",0.35,0.65,0.34,2,10,99,35,0.36,63,34,0.14,0.5,0.46,0.4,0.36,0.31,0.25,55,1,9
"llama3","seed_989","trained","all_domains_125_samples",125,"temp_025","few_shot","unstructured","answer_first","number_list","test_set_1",0.46,0.54,0.44,0,7,99,46,0.46,54,44,0.43,0.36,0.54,0.33,0.5,0.62,0.38,48,2,5
"llama3","seed_989","trained","all_domains_125_samples",125,"temp_06","zero_shot","unstructured","answer_first","number_list","test_set_2",0.53,0.47,0.52,0,3,100,53,0.53,47,52,0.29,0.27,0.64,0.6,0.6,0.71,0.54,45,1,2
"llama3","seed_989","trained","all_domains_125_samples",125,"greedy","few_shot","structured","answer_first","number_list","test_set_1",0.45,0.55,0.42,0,5,99,45,0.45,55,42,0.36,0.29,0.62,0.53,0.43,0.38,0.38,52,3,2
"llama2","seed_206","trained","all_domains_125_samples",125,"temp_025","few_shot","unstructured","answer_first","markdown","test_set_1",0.38,0.62,0.36,0,6,99,38,0.38,62,36,0.29,0.43,0.46,0.27,0.43,0.46,0.25,57,2,4
"llama2","seed_989","trained","all_domains_125_samples",125,"temp_06","zero_shot","unstructured","fact_first","number_list","test_set_1",0.34,0.66,0.32,3,9,99,34,0.35,63,32,0.21,0.43,0.38,0.33,0.36,0.46,0.13,58,2,7
"llama3","seed_989","trained","all_domains_75_samples",75,"greedy","few_shot","structured","fact_first","markdown","test_set_2",0.6,0.4,0.53,0,8,100,60,0.6,40,53,0.57,0.4,0.57,0.4,0.4,0.64,0.77,39,7,1
"llama2","seed_989","trained","all_domains_75_samples",75,"temp_025","zero_shot","structured","fact_first","markdown","test_set_2",0.35,0.65,0.28,5,20,100,35,0.37,60,28,0.29,0.27,0.43,0.33,0.4,0.07,0.15,52,7,13
"llama3","seed_206","trained","all_domains_125_samples",125,"temp_025","zero_shot","unstructured","answer_first","markdown","test_set_2",0.51,0.49,0.45,0,10,100,51,0.51,49,45,0.29,0.33,0.5,0.6,0.33,0.64,0.46,45,6,4
"llama3","seed_989","trained","all_domains_75_samples",75,"temp_025","few_shot","structured","answer_first","markdown","test_set_2",0.6,0.4,0.56,0,6,100,60,0.6,40,56,0.5,0.4,0.64,0.53,0.33,0.79,0.77,38,4,2
"llama2","seed_989","trained","all_domains_125_samples",125,"greedy","few_shot","unstructured","answer_first","number_list","test_set_1",0.42,0.58,0.39,0,9,99,42,0.42,58,39,0.29,0.43,0.54,0.33,0.57,0.38,0.25,51,3,6
"llama3","seed_206","trained","all_domains_125_samples",125,"greedy","zero_shot","structured","fact_first","number_list","test_set_2",0.62,0.38,0.6,0,4,100,62,0.62,38,60,0.71,0.53,0.5,0.67,0.6,0.71,0.46,36,2,2
"llama3","seed_989","trained","all_domains_125_samples",125,"greedy","zero_shot","unstructured","fact_first","number_list","test_set_2",0.47,0.53,0.45,2,3,100,47,0.48,51,45,0.36,0.53,0.43,0.4,0.47,0.5,0.46,52,2,1
"llama3","seed_206","trained","all_domains_125_samples",125,"greedy","few_shot","structured","answer_first","markdown","test_set_1",0.49,0.51,0.46,0,6,99,49,0.49,51,46,0.5,0.43,0.54,0.53,0.29,0.54,0.44,47,3,3
"llama2","seed_206","trained","all_domains_125_samples",125,"temp_025","zero_shot","unstructured","answer_first","number_list","test_set_2",0.41,0.59,0.38,0,6,100,41,0.41,59,38,0.57,0.33,0.43,0.27,0.2,0.5,0.38,56,3,3
"llama2","seed_989","trained","all_domains_75_samples",75,"temp_06","few_shot","structured","fact_first","markdown","test_set_1",0.35,0.65,0.33,0,8,99,35,0.35,65,33,0.14,0.43,0.38,0.33,0.29,0.31,0.44,58,2,6
"llama2","seed_206","trained","all_domains_125_samples",125,"temp_06","few_shot","structured","answer_first","number_list","test_set_1",0.34,0.66,0.31,0,9,99,34,0.34,66,31,0.21,0.36,0.54,0.13,0.43,0.38,0.19,59,3,6
"llama3","seed_989","trained","all_domains_125_samples",125,"greedy","zero_shot","structured","answer_first","number_list","test_set_2",0.56,0.44,0.54,0,5,100,56,0.56,44,54,0.43,0.27,0.5,0.6,0.47,0.86,0.69,41,2,3
"llama3","seed_206","trained","all_domains_125_samples",125,"temp_06","few_shot","unstructured","fact_first","number_list","test_set_1",0.46,0.54,0.44,1,4,99,46,0.46,53,44,0.36,0.43,0.54,0.47,0.5,0.69,0.19,51,2,2
"llama3","seed_206","trained","all_domains_125_samples",125,"temp_06","few_shot","unstructured","answer_first","markdown","test_set_1",0.46,0.54,0.42,0,5,99,46,0.46,54,42,0.57,0.29,0.31,0.53,0.36,0.46,0.44,52,4,1
"llama2","seed_206","trained","all_domains_125_samples",125,"greedy","zero_shot","unstructured","answer_first","markdown","test_set_2",0.41,0.59,0.39,1,8,100,41,0.41,58,39,0.43,0.4,0.57,0.2,0.47,0.36,0.31,53,2,6
"llama3","seed_206","trained","all_domains_125_samples",125,"greedy","zero_shot","structured","answer_first","markdown","test_set_2",0.53,0.47,0.14,3,68,100,53,0.55,44,14,0.07,0.13,0.21,0.2,0.07,0.21,0.08,18,39,29
"llama3","seed_989","trained","all_domains_125_samples",125,"temp_06","few_shot","unstructured","answer_first","number_list","test_set_1",0.47,0.53,0.45,1,5,99,47,0.47,52,45,0.43,0.36,0.54,0.4,0.5,0.62,0.38,49,2,3
"llama3","seed_206","trained","all_domains_125_samples",125,"temp_06","few_shot","structured","fact_first","number_list","test_set_1",0.57,0.43,0.55,0,4,99,56,0.56,44,54,0.5,0.57,0.54,0.67,0.71,0.46,0.38,41,2,2
"llama2","seed_989","trained","all_domains_75_samples",75,"greedy","few_shot","unstructured","fact_first","number_list","test_set_2",0.25,0.75,0.21,3,10,100,25,0.26,72,21,0.21,0.4,0.14,0.07,0.2,0.21,0.23,69,4,6
"llama2","seed_989","trained","all_domains_75_samples",75,"temp_06","zero_shot","structured","answer_first","markdown","test_set_2",0.36,0.64,0.16,21,63,100,36,0.46,43,16,0,0.33,0.29,0.33,0.07,0,0.08,21,20,43
"llama2","seed_206","trained","all_domains_125_samples",125,"temp_06","few_shot","unstructured","fact_first","number_list","test_set_1",0.36,0.64,0.36,2,9,99,36,0.37,62,36,0.21,0.36,0.38,0.27,0.5,0.62,0.25,54,0,9
"llama2","seed_206","trained","all_domains_125_samples",125,"temp_025","zero_shot","structured","answer_first","number_list","test_set_2",0.46,0.54,0.43,0,7,100,46,0.46,54,43,0.5,0.53,0.57,0.4,0.33,0.29,0.38,50,3,4
"llama2","seed_206","trained","all_domains_75_samples",75,"temp_06","few_shot","unstructured","answer_first","markdown","test_set_2",0.37,0.63,0.36,0,6,100,37,0.37,63,36,0.5,0.47,0.5,0.2,0.27,0.36,0.23,58,1,5
"llama2","seed_989","trained","all_domains_125_samples",125,"temp_06","zero_shot","structured","fact_first","number_list","test_set_1",0.38,0.62,0.35,0,6,99,38,0.38,62,35,0.29,0.29,0.46,0.33,0.43,0.46,0.25,58,3,3
"llama3","seed_989","trained","all_domains_125_samples",125,"temp_025","few_shot","structured","answer_first","number_list","test_set_1",0.45,0.55,0.42,0,5,99,45,0.45,55,42,0.36,0.29,0.62,0.53,0.43,0.38,0.38,52,3,2
"llama2","seed_989","trained","all_domains_125_samples",125,"temp_025","zero_shot","structured","answer_first","markdown","test_set_1",0.32,0.68,0.22,9,42,99,32,0.35,59,22,0.07,0.21,0.38,0.2,0.29,0.31,0.13,35,10,32
"llama3","seed_989","trained","all_domains_125_samples",125,"temp_025","zero_shot","unstructured","fact_first","number_list","test_set_2",0.44,0.56,0.42,1,3,100,44,0.44,55,42,0.36,0.47,0.43,0.4,0.47,0.43,0.38,55,2,1
"llama3","seed_206","trained","all_domains_125_samples",125,"temp_025","zero_shot","structured","fact_first","number_list","test_set_2",0.55,0.45,0.53,0,4,100,55,0.55,45,53,0.5,0.47,0.57,0.67,0.53,0.57,0.38,43,2,2
"llama3","seed_206","trained","all_domains_125_samples",125,"temp_06","zero_shot","unstructured","answer_first","markdown","test_set_2",0.51,0.49,0.45,0,9,100,51,0.51,49,45,0.29,0.27,0.43,0.6,0.4,0.64,0.54,46,6,3
"llama3","seed_989","trained","all_domains_75_samples",75,"temp_025","few_shot","structured","fact_first","markdown","test_set_2",0.62,0.38,0.55,0,8,100,62,0.62,38,55,0.71,0.53,0.57,0.47,0.4,0.64,0.54,37,7,1
"llama2","seed_206","trained","all_domains_125_samples",125,"temp_025","few_shot","structured","answer_first","markdown","test_set_1",0.45,0.55,0.43,0,7,99,45,0.45,55,43,0.43,0.43,0.46,0.27,0.57,0.31,0.56,49,2,5
"llama3","seed_989","trained","all_domains_75_samples",75,"temp_06","few_shot","structured","answer_first","markdown","test_set_2",0.62,0.38,0.58,0,6,100,62,0.62,38,58,0.5,0.4,0.71,0.53,0.4,0.79,0.77,36,4,2
"llama2","seed_206","trained","all_domains_125_samples",125,"temp_06","few_shot","structured","fact_first","number_list","test_set_1",0.37,0.63,0.36,0,7,99,37,0.37,63,36,0.14,0.36,0.62,0.33,0.29,0.46,0.38,56,1,6
"llama2","seed_206","trained","all_domains_125_samples",125,"greedy","zero_shot","unstructured","fact_first","number_list","test_set_2",0.3,0.7,0.27,7,6,100,30,0.32,63,27,0.36,0.47,0.36,0.2,0.27,0.14,0.08,67,3,3
"llama2","seed_206","trained","all_domains_75_samples",75,"temp_06","few_shot","unstructured","fact_first","markdown","test_set_2",0.33,0.67,0.32,1,5,100,33,0.33,66,32,0.36,0.2,0.57,0.4,0.33,0.29,0.08,63,1,4
"llama2","seed_989","trained","all_domains_75_samples",75,"temp_06","zero_shot","structured","fact_first","markdown","test_set_2",0.34,0.66,0.27,3,21,100,34,0.35,63,27,0.21,0.4,0.29,0.33,0.33,0.07,0.23,52,7,14
"llama3","seed_206","trained","all_domains_125_samples",125,"temp_025","few_shot","structured","answer_first","markdown","test_set_1",0.48,0.52,0.45,0,6,99,48,0.48,52,45,0.5,0.36,0.54,0.53,0.29,0.54,0.44,48,3,3
"llama3","seed_989","trained","all_domains_125_samples",125,"greedy","few_shot","unstructured","fact_first","number_list","test_set_1",0.51,0.49,0.48,1,5,99,50,0.51,49,48,0.5,0.43,0.54,0.53,0.43,0.69,0.31,46,2,3
"llama3","seed_989","trained","all_domains_125_samples",125,"greedy","few_shot","unstructured","answer_first","markdown","test_set_1",0.46,0.54,0.42,0,5,99,46,0.46,54,42,0.57,0.29,0.31,0.53,0.36,0.46,0.44,52,4,1
"llama3","seed_989","trained","all_domains_125_samples",125,"temp_025","zero_shot","structured","answer_first","number_list","test_set_2",0.56,0.44,0.54,0,5,100,56,0.56,44,54,0.43,0.27,0.5,0.6,0.47,0.86,0.69,41,2,3
"llama2","seed_206","trained","all_domains_75_samples",75,"greedy","few_shot","structured","answer_first","markdown","test_set_2",0.3,0.7,0.27,0,11,100,30,0.3,70,27,0.29,0.27,0.43,0.27,0.2,0.21,0.23,62,3,8
"llama2","seed_206","trained","all_domains_125_samples",125,"temp_06","few_shot","unstructured","answer_first","markdown","test_set_1",0.39,0.61,0.38,0,7,99,39,0.39,61,38,0.29,0.5,0.46,0.27,0.43,0.54,0.25,54,1,6
"llama3","seed_206","trained","all_domains_125_samples",125,"greedy","few_shot","unstructured","answer_first","number_list","test_set_2",0.52,0.48,0.47,0,6,100,52,0.52,48,47,0.36,0.33,0.5,0.47,0.53,0.64,0.46,47,5,1
"llama3","seed_206","trained","all_domains_125_samples",125,"temp_025","zero_shot","structured","answer_first","markdown","test_set_2",0.51,0.49,0.14,4,68,100,51,0.53,45,14,0.14,0.13,0.14,0.2,0.07,0.21,0.08,18,37,31
"llama2","seed_206","trained","all_domains_125_samples",125,"temp_06","zero_shot","unstructured","answer_first","number_list","test_set_2",0.38,0.62,0.36,0,6,100,38,0.38,62,36,0.57,0.33,0.57,0.27,0.13,0.29,0.38,58,2,4
"llama2","seed_989","trained","all_domains_125_samples",125,"temp_025","few_shot","unstructured","answer_first","number_list","test_set_1",0.41,0.59,0.38,0,9,99,41,0.41,59,38,0.29,0.43,0.46,0.33,0.57,0.38,0.25,52,3,6
"llama3","seed_989","trained","all_domains_125_samples",125,"greedy","few_shot","structured","fact_first","number_list","test_set_1",0.51,0.49,0.47,0,4,99,50,0.5,50,47,0.64,0.5,0.62,0.47,0.5,0.23,0.38,48,3,1
"llama2","seed_206","trained","all_domains_125_samples",125,"greedy","zero_shot","structured","fact_first","number_list","test_set_2",0.37,0.63,0.33,0,7,100,37,0.37,63,33,0.29,0.33,0.5,0.47,0.2,0.36,0.15,60,4,3
"llama3","seed_989","trained","all_domains_125_samples",125,"temp_06","few_shot","structured","answer_first","number_list","test_set_1",0.45,0.55,0.43,0,4,99,45,0.45,55,43,0.5,0.29,0.62,0.47,0.43,0.38,0.38,52,2,2
"llama3","seed_989","trained","all_domains_125_samples",125,"temp_06","zero_shot","unstructured","fact_first","number_list","test_set_2",0.42,0.58,0.41,5,3,100,42,0.44,53,41,0.43,0.4,0.29,0.33,0.53,0.36,0.54,56,1,2
"llama2","seed_206","trained","all_domains_125_samples",125,"temp_025","zero_shot","unstructured","answer_first","markdown","test_set_2",0.43,0.57,0.41,0,7,100,43,0.43,57,41,0.43,0.4,0.57,0.2,0.53,0.36,0.38,52,2,5
"llama3","seed_206","trained","all_domains_125_samples",125,"temp_06","zero_shot","structured","fact_first","number_list","test_set_2",0.58,0.42,0.55,0,4,100,58,0.58,42,55,0.5,0.47,0.5,0.6,0.6,0.71,0.46,41,3,1
"llama3","seed_989","trained","all_domains_125_samples",125,"greedy","zero_shot","unstructured","answer_first","markdown","test_set_2",0.52,0.48,0.46,0,10,100,52,0.52,48,46,0.36,0.4,0.5,0.6,0.27,0.64,0.46,44,6,4
"llama2","seed_206","trained","all_domains_125_samples",125,"temp_06","zero_shot","structured","answer_first","number_list","test_set_2",0.46,0.54,0.43,0,7,100,46,0.46,54,43,0.36,0.53,0.64,0.4,0.4,0.21,0.46,50,3,4
"llama2","seed_989","trained","all_domains_75_samples",75,"temp_025","few_shot","unstructured","fact_first","number_list","test_set_2",0.26,0.74,0.23,1,10,100,26,0.26,73,23,0.21,0.4,0.36,0.13,0.07,0.21,0.23,67,3,7
"llama3","seed_989","trained","all_domains_75_samples",75,"temp_06","few_shot","structured","fact_first","markdown","test_set_2",0.54,0.46,0.45,0,10,100,54,0.54,46,45,0.57,0.33,0.36,0.47,0.27,0.64,0.54,45,9,1
"llama3","seed_989","trained","all_domains_125_samples",125,"temp_025","few_shot","unstructured","fact_first","number_list","test_set_1",0.47,0.53,0.45,1,5,99,47,0.47,52,45,0.57,0.5,0.38,0.47,0.5,0.62,0.19,49,2,3
"llama2","seed_989","trained","all_domains_125_samples",125,"temp_06","zero_shot","structured","answer_first","markdown","test_set_1",0.31,0.69,0.18,9,40,99,31,0.34,60,18,0.07,0.21,0.23,0.07,0.29,0.31,0.13,41,13,27
"llama2","seed_989","trained","all_domains_125_samples",125,"greedy","few_shot","unstructured","fact_first","number_list","test_set_1",0.41,0.59,0.39,1,8,99,41,0.41,58,39,0.14,0.36,0.46,0.33,0.5,0.62,0.38,52,2,6
"llama3","seed_989","trained","all_domains_125_samples",125,"temp_025","few_shot","unstructured","answer_first","markdown","test_set_1",0.45,0.55,0.41,0,5,99,45,0.45,55,41,0.57,0.29,0.31,0.53,0.29,0.46,0.44,53,4,1
"llama3","seed_989","trained","all_domains_125_samples",125,"temp_06","zero_shot","structured","answer_first","number_list","test_set_2",0.55,0.45,0.53,0,5,100,55,0.55,45,53,0.43,0.27,0.5,0.6,0.47,0.79,0.69,42,2,3
"llama2","seed_989","trained","all_domains_75_samples",75,"greedy","few_shot","unstructured","answer_first","markdown","test_set_2",0.4,0.6,0.38,0,6,100,40,0.4,60,38,0.5,0.53,0.57,0.2,0.27,0.36,0.23,56,2,4
"llama2","seed_206","trained","all_domains_75_samples",75,"greedy","few_shot","structured","fact_first","markdown","test_set_2",0.31,0.69,0.28,1,7,100,31,0.31,68,28,0.43,0.33,0.43,0.2,0.33,0,0.23,65,3,4
"llama3","seed_206","trained","all_domains_125_samples",125,"temp_025","few_shot","unstructured","answer_first","number_list","test_set_2",0.52,0.48,0.48,0,5,100,52,0.52,48,48,0.36,0.33,0.5,0.47,0.53,0.64,0.54,47,4,1
"llama3","seed_206","trained","all_domains_125_samples",125,"temp_06","few_shot","structured","answer_first","markdown","test_set_1",0.48,0.52,0.46,0,5,99,48,0.48,52,46,0.57,0.43,0.54,0.53,0.29,0.54,0.38,48,2,3
"llama3","seed_206","trained","all_domains_125_samples",125,"temp_06","zero_shot","structured","answer_first","markdown","test_set_2",0.53,0.47,0.16,2,66,100,53,0.54,45,16,0.14,0.13,0.21,0.2,0.07,0.21,0.15,18,37,29
"llama2","seed_989","trained","all_domains_125_samples",125,"greedy","few_shot","structured","answer_first","number_list","test_set_1",0.35,0.65,0.33,0,9,99,35,0.35,65,33,0.29,0.43,0.46,0.13,0.5,0.38,0.19,57,2,7
"llama2","seed_206","trained","all_domains_125_samples",125,"temp_025","zero_shot","unstructured","fact_first","number_list","test_set_2",0.26,0.74,0.23,3,7,100,26,0.27,71,23,0.43,0.4,0.14,0.2,0.13,0.21,0.08,70,3,4
"llama2","seed_989","trained","all_domains_125_samples",125,"greedy","zero_shot","unstructured","answer_first","number_list","test_set_2",0.41,0.59,0.38,0,6,100,41,0.41,59,38,0.5,0.33,0.5,0.27,0.2,0.43,0.46,56,3,3
"llama2","seed_989","trained","all_domains_75_samples",75,"greedy","few_shot","unstructured","fact_first","markdown","test_set_2",0.35,0.65,0.34,1,4,100,35,0.35,64,34,0.36,0.33,0.36,0.47,0.4,0.21,0.23,62,1,3
"llama3","seed_989","trained","all_domains_125_samples",125,"temp_025","few_shot","structured","fact_first","number_list","test_set_1",0.56,0.44,0.53,0,4,99,55,0.55,45,52,0.57,0.5,0.69,0.53,0.64,0.38,0.38,43,3,1
"llama3","seed_206","trained","all_domains_125_samples",125,"greedy","few_shot","structured","answer_first","number_list","test_set_2",0.56,0.44,0.55,0,2,100,56,0.56,44,55,0.57,0.33,0.57,0.47,0.47,0.86,0.62,43,1,1
"llama3","seed_989","trained","all_domains_125_samples",125,"greedy","zero_shot","structured","fact_first","number_list","test_set_2",0.62,0.38,0.6,0,4,100,62,0.62,38,60,0.71,0.53,0.5,0.67,0.6,0.71,0.46,36,2,2
"llama3","seed_989","trained","all_domains_125_samples",125,"temp_025","zero_shot","unstructured","answer_first","markdown","test_set_2",0.51,0.49,0.45,0,9,100,51,0.51,49,45,0.36,0.33,0.5,0.6,0.27,0.64,0.46,46,6,3
"llama2","seed_989","trained","all_domains_125_samples",125,"greedy","zero_shot","structured","answer_first","number_list","test_set_2",0.46,0.54,0.43,0,7,100,46,0.46,54,43,0.43,0.53,0.57,0.47,0.33,0.29,0.38,50,3,4
"llama2","seed_206","trained","all_domains_125_samples",125,"temp_025","zero_shot","structured","fact_first","number_list","test_set_2",0.36,0.64,0.33,0,7,100,36,0.36,64,33,0.29,0.47,0.43,0.47,0.13,0.21,0.31,60,3,4
"llama2","seed_989","trained","all_domains_125_samples",125,"greedy","few_shot","unstructured","answer_first","markdown","test_set_1",0.4,0.6,0.38,0,6,99,40,0.4,60,38,0.29,0.5,0.46,0.33,0.43,0.46,0.25,55,2,4
"llama3","seed_989","trained","all_domains_125_samples",125,"temp_06","few_shot","unstructured","fact_first","number_list","test_set_1",0.46,0.54,0.45,0,6,99,46,0.46,54,45,0.43,0.43,0.46,0.53,0.5,0.54,0.31,48,1,5
"llama2","seed_989","trained","all_domains_125_samples",125,"greedy","few_shot","structured","fact_first","number_list","test_set_1",0.35,0.65,0.33,1,8,99,35,0.35,64,33,0.07,0.5,0.38,0.33,0.36,0.38,0.31,58,2,6
"llama2","seed_206","trained","all_domains_125_samples",125,"temp_06","zero_shot","unstructured","answer_first","markdown","test_set_2",0.43,0.57,0.41,0,8,100,43,0.43,57,41,0.5,0.4,0.57,0.13,0.53,0.36,0.38,51,2,6
"llama3","seed_989","trained","all_domains_125_samples",125,"temp_06","few_shot","unstructured","answer_first","markdown","test_set_1",0.43,0.57,0.39,0,5,99,43,0.43,57,39,0.57,0.29,0.23,0.47,0.36,0.46,0.38,55,4,1
"llama2","seed_989","trained","all_domains_125_samples",125,"temp_06","few_shot","unstructured","answer_first","number_list","test_set_1",0.4,0.6,0.35,0,10,99,40,0.4,60,35,0.36,0.5,0.46,0.2,0.43,0.38,0.19,54,5,5
"llama2","seed_206","trained","all_domains_125_samples",125,"greedy","zero_shot","structured","answer_first","markdown","test_set_2",0.45,0.55,0.3,5,40,100,45,0.47,50,30,0.14,0.33,0.5,0.33,0.27,0.29,0.23,30,15,25
"llama3","seed_206","trained","all_domains_125_samples",125,"temp_06","few_shot","unstructured","answer_first","number_list","test_set_2",0.53,0.47,0.49,0,6,100,53,0.53,47,49,0.36,0.4,0.57,0.47,0.53,0.64,0.46,45,4,2
"llama2","seed_206","trained","all_domains_125_samples",125,"temp_06","few_shot","structured","answer_first","markdown","test_set_1",0.44,0.56,0.43,0,6,99,44,0.44,56,43,0.43,0.43,0.46,0.2,0.5,0.38,0.63,50,1,5
"llama3","seed_989","trained","all_domains_125_samples",125,"greedy","zero_shot","structured","answer_first","markdown","test_set_2",0.53,0.47,0.14,3,68,100,53,0.55,44,14,0.07,0.13,0.21,0.2,0.07,0.21,0.08,18,39,29
"llama3","seed_989","trained","all_domains_125_samples",125,"greedy","few_shot","structured","answer_first","markdown","test_set_1",0.49,0.51,0.46,0,6,99,49,0.49,51,46,0.5,0.43,0.54,0.53,0.29,0.54,0.44,47,3,3
"llama2","seed_206","trained","all_domains_75_samples",75,"temp_025","few_shot","structured","answer_first","markdown","test_set_2",0.35,0.65,0.31,0,11,100,35,0.35,65,31,0.43,0.33,0.5,0.27,0.2,0.21,0.23,58,4,7
"llama2","seed_989","trained","all_domains_75_samples",75,"temp_06","few_shot","unstructured","fact_first","number_list","test_set_2",0.28,0.72,0.22,1,10,100,28,0.28,71,22,0.29,0.47,0.21,0.07,0.27,0.14,0.08,68,6,4
"llama2","seed_989","trained","all_domains_125_samples",125,"temp_025","few_shot","unstructured","fact_first","number_list","test_set_1",0.42,0.58,0.4,3,8,99,42,0.43,55,40,0.29,0.36,0.38,0.27,0.57,0.62,0.38,51,2,6
"llama3","seed_989","trained","all_domains_125_samples",125,"temp_025","zero_shot","structured","fact_first","number_list","test_set_2",0.6,0.4,0.58,0,4,100,60,0.6,40,58,0.71,0.53,0.5,0.67,0.47,0.64,0.54,38,2,2
"llama3","seed_206","trained","all_domains_125_samples",125,"temp_025","few_shot","structured","answer_first","number_list","test_set_2",0.55,0.45,0.54,0,2,100,55,0.55,45,54,0.57,0.33,0.57,0.47,0.47,0.79,0.62,44,1,1
"llama3","seed_989","trained","all_domains_125_samples",125,"temp_06","zero_shot","unstructured","answer_first","markdown","test_set_2",0.5,0.5,0.47,0,7,100,50,0.5,50,47,0.36,0.33,0.5,0.6,0.33,0.64,0.54,46,3,4
"llama3","seed_989","trained","all_domains_125_samples",125,"temp_06","few_shot","structured","fact_first","number_list","test_set_1",0.56,0.44,0.54,0,4,99,55,0.55,45,53,0.57,0.43,0.85,0.67,0.57,0.38,0.31,42,2,2
"llama2","seed_989","trained","all_domains_75_samples",75,"temp_025","few_shot","unstructured","answer_first","markdown","test_set_2",0.42,0.58,0.39,0,6,100,42,0.42,58,39,0.57,0.53,0.57,0.2,0.27,0.36,0.23,55,3,3
"llama3","seed_206","trained","all_domains_125_samples",125,"greedy","few_shot","unstructured","fact_first","number_list","test_set_2",0.52,0.48,0.48,2,5,100,52,0.53,46,48,0.36,0.27,0.57,0.47,0.6,0.71,0.38,47,4,1
"llama2","seed_206","trained","all_domains_125_samples",125,"temp_06","zero_shot","unstructured","fact_first","number_list","test_set_2",0.3,0.7,0.27,4,5,100,30,0.31,66,27,0.29,0.47,0.36,0.27,0.13,0.14,0.23,68,3,2
"llama3","seed_206","trained","all_domains_125_samples",125,"greedy","few_shot","unstructured","answer_first","markdown","test_set_2",0.48,0.52,0.45,0,6,100,48,0.48,52,45,0.36,0.27,0.64,0.33,0.47,0.57,0.54,49,3,3
"llama2","seed_989","trained","all_domains_125_samples",125,"greedy","zero_shot","unstructured","answer_first","markdown","test_set_2",0.41,0.59,0.39,1,8,100,41,0.41,58,39,0.43,0.4,0.57,0.2,0.47,0.36,0.31,53,2,6
"llama2","seed_989","trained","all_domains_125_samples",125,"temp_025","zero_shot","unstructured","answer_first","number_list","test_set_2",0.42,0.58,0.39,0,6,100,42,0.42,58,39,0.5,0.33,0.57,0.27,0.27,0.36,0.46,55,3,3
"llama3","seed_989","trained","all_domains_125_samples",125,"greedy","few_shot","unstructured","answer_first","number_list","test_set_2",0.52,0.48,0.47,0,6,100,52,0.52,48,47,0.36,0.33,0.5,0.47,0.53,0.64,0.46,47,5,1
"llama2","seed_989","trained","all_domains_125_samples",125,"temp_025","zero_shot","structured","answer_first","number_list","test_set_2",0.46,0.54,0.43,0,7,100,46,0.46,54,43,0.43,0.53,0.57,0.47,0.33,0.29,0.38,50,3,4
"llama2","seed_206","trained","all_domains_125_samples",125,"temp_06","zero_shot","structured","fact_first","number_list","test_set_2",0.39,0.61,0.38,0,6,100,39,0.39,61,38,0.36,0.4,0.43,0.4,0.33,0.21,0.54,56,1,5
"llama2","seed_989","trained","all_domains_75_samples",75,"temp_025","few_shot","unstructured","fact_first","markdown","test_set_2",0.33,0.67,0.32,0,4,100,33,0.33,67,32,0.29,0.33,0.36,0.4,0.4,0.29,0.15,64,1,3
"llama3","seed_989","trained","all_domains_125_samples",125,"temp_025","zero_shot","structured","answer_first","markdown","test_set_2",0.54,0.46,0.14,3,68,100,54,0.56,43,14,0.07,0.13,0.21,0.2,0.07,0.21,0.08,18,40,28
"llama2","seed_206","trained","all_domains_75_samples",75,"temp_025","few_shot","structured","fact_first","markdown","test_set_2",0.26,0.74,0.22,1,9,100,26,0.26,73,22,0.29,0.27,0.21,0.33,0.2,0,0.23,69,4,5
"llama2","seed_989","trained","all_domains_125_samples",125,"temp_025","few_shot","unstructured","answer_first","markdown","test_set_1",0.38,0.62,0.37,0,6,99,38,0.38,62,37,0.29,0.43,0.46,0.33,0.43,0.46,0.25,56,1,5
"llama2","seed_989","trained","all_domains_125_samples",125,"temp_025","few_shot","structured","answer_first","number_list","test_set_1",0.34,0.66,0.32,0,9,99,34,0.34,66,32,0.29,0.43,0.46,0.13,0.43,0.38,0.19,58,2,7
"llama2","seed_206","trained","all_domains_125_samples",125,"temp_025","zero_shot","structured","answer_first","markdown","test_set_2",0.43,0.57,0.28,7,40,100,43,0.46,50,28,0.21,0.4,0.43,0.27,0.13,0.29,0.23,32,15,25
"llama3","seed_989","trained","all_domains_125_samples",125,"temp_025","few_shot","structured","answer_first","markdown","test_set_1",0.49,0.51,0.46,0,6,99,49,0.49,51,46,0.5,0.43,0.54,0.53,0.29,0.54,0.44,47,3,3
"llama3","seed_989","trained","all_domains_125_samples",125,"temp_06","zero_shot","structured","fact_first","number_list","test_set_2",0.63,0.37,0.61,0,4,100,63,0.63,37,61,0.57,0.67,0.43,0.67,0.67,0.64,0.62,35,2,2
"llama2","seed_206","trained","all_domains_125_samples",125,"greedy","few_shot","unstructured","answer_first","number_list","test_set_2",0.35,0.65,0.34,0,6,100,35,0.35,65,34,0.29,0.4,0.57,0.27,0.27,0.36,0.23,60,1,5
"llama3","seed_206","trained","all_domains_125_samples",125,"temp_06","few_shot","structured","answer_first","number_list","test_set_2",0.54,0.46,0.53,0,3,100,54,0.54,46,53,0.5,0.33,0.57,0.4,0.53,0.79,0.62,44,1,2
"llama3","seed_206","trained","all_domains_125_samples",125,"temp_025","few_shot","unstructured","fact_first","number_list","test_set_2",0.47,0.53,0.45,2,4,100,47,0.48,51,45,0.43,0.33,0.5,0.47,0.6,0.5,0.31,51,2,2
"llama3","seed_206","trained","all_domains_125_samples",125,"temp_025","few_shot","unstructured","answer_first","markdown","test_set_2",0.48,0.52,0.45,0,6,100,48,0.48,52,45,0.36,0.27,0.64,0.33,0.47,0.57,0.54,49,3,3
"llama3","seed_206","trained","all_domains_125_samples",125,"greedy","few_shot","structured","fact_first","number_list","test_set_2",0.55,0.45,0.53,1,3,100,55,0.56,44,53,0.57,0.47,0.57,0.53,0.47,0.57,0.54,44,2,1
"llama3","seed_989","trained","all_domains_125_samples",125,"temp_025","few_shot","unstructured","answer_first","number_list","test_set_2",0.52,0.48,0.48,0,5,100,52,0.52,48,48,0.36,0.33,0.5,0.47,0.53,0.64,0.54,47,4,1
"llama2","seed_989","trained","all_domains_125_samples",125,"temp_025","few_shot","structured","fact_first","number_list","test_set_1",0.3,0.7,0.29,1,8,99,30,0.3,69,29,0.21,0.43,0.38,0.2,0.21,0.31,0.31,62,1,7
"llama2","seed_989","trained","all_domains_125_samples",125,"greedy","zero_shot","unstructured","fact_first","number_list","test_set_2",0.3,0.7,0.27,7,6,100,30,0.32,63,27,0.36,0.47,0.36,0.2,0.27,0.14,0.08,67,3,3
"llama3","seed_989","trained","all_domains_125_samples",125,"temp_06","zero_shot","structured","answer_first","markdown","test_set_2",0.53,0.47,0.18,5,65,100,53,0.56,42,18,0.07,0.13,0.29,0.2,0.07,0.29,0.23,17,35,30
"llama2","seed_989","trained","all_domains_125_samples",125,"temp_06","few_shot","unstructured","fact_first","number_list","test_set_1",0.33,0.67,0.32,5,9,99,33,0.35,62,32,0.14,0.36,0.46,0.27,0.43,0.38,0.25,58,1,8
"llama2","seed_989","trained","all_domains_125_samples",125,"greedy","zero_shot","structured","fact_first","number_list","test_set_2",0.37,0.63,0.33,0,7,100,37,0.37,63,33,0.29,0.33,0.5,0.47,0.2,0.36,0.15,60,4,3
"llama2","seed_989","trained","all_domains_125_samples",125,"temp_025","zero_shot","unstructured","answer_first","markdown","test_set_2",0.45,0.55,0.43,0,7,100,45,0.45,55,43,0.43,0.4,0.57,0.2,0.53,0.43,0.46,50,2,5
"llama2","seed_989","trained","all_domains_125_samples",125,"temp_06","zero_shot","structured","answer_first","number_list","test_set_2",0.44,0.56,0.41,0,7,100,44,0.44,56,41,0.43,0.53,0.57,0.4,0.33,0.29,0.31,52,3,4
"llama2","seed_989","trained","all_domains_125_samples",125,"greedy","few_shot","structured","answer_first","markdown","test_set_1",0.45,0.55,0.42,0,8,99,45,0.45,55,42,0.43,0.43,0.31,0.33,0.57,0.31,0.56,49,3,5
"llama2","seed_206","trained","all_domains_125_samples",125,"greedy","few_shot","unstructured","fact_first","markdown","test_set_1",0.31,0.69,0.29,2,7,99,31,0.32,67,29,0.14,0.36,0.31,0.27,0.43,0.38,0.19,63,2,5
"llama2","seed_989","trained","all_domains_125_samples",125,"temp_06","zero_shot","unstructured","answer_first","number_list","test_set_2",0.39,0.61,0.36,1,7,100,39,0.39,60,36,0.5,0.33,0.57,0.27,0.2,0.36,0.31,57,3,4
"llama2","seed_989","trained","all_domains_75_samples",75,"temp_06","few_shot","unstructured","answer_first","markdown","test_set_2",0.39,0.61,0.37,0,6,100,39,0.39,61,37,0.5,0.53,0.57,0.27,0.2,0.36,0.15,57,2,4
"llama2","seed_206","trained","all_domains_125_samples",125,"greedy","few_shot","structured","fact_first","markdown","test_set_1",0.32,0.68,0.31,0,7,99,32,0.32,68,31,0.07,0.57,0.38,0.27,0.36,0.31,0.25,61,1,6
"llama3","seed_206","trained","all_domains_125_samples",125,"temp_06","few_shot","unstructured","fact_first","number_list","test_set_2",0.48,0.52,0.46,1,4,100,48,0.48,51,46,0.36,0.33,0.57,0.53,0.53,0.43,0.46,50,2,2
"llama2","seed_989","trained","all_domains_75_samples",75,"temp_06","few_shot","unstructured","fact_first","markdown","test_set_2",0.4,0.6,0.38,1,5,100,40,0.4,59,38,0.43,0.27,0.43,0.53,0.47,0.29,0.23,57,2,3
"llama2","seed_206","trained","all_domains_75_samples",75,"temp_06","few_shot","structured","answer_first","markdown","test_set_2",0.35,0.65,0.31,0,12,100,35,0.35,65,31,0.43,0.4,0.43,0.2,0.2,0.21,0.31,57,4,8
"llama3","seed_989","trained","all_domains_125_samples",125,"greedy","few_shot","structured","answer_first","number_list","test_set_2",0.56,0.44,0.55,0,2,100,56,0.56,44,55,0.57,0.33,0.57,0.47,0.47,0.86,0.62,43,1,1
"llama3","seed_989","trained","all_domains_125_samples",125,"temp_06","few_shot","structured","answer_first","markdown","test_set_1",0.52,0.48,0.49,0,4,99,51,0.51,49,49,0.57,0.43,0.54,0.6,0.36,0.54,0.44,46,2,2
"llama3","seed_989","trained","all_domains_125_samples",125,"temp_06","few_shot","unstructured","answer_first","number_list","test_set_2",0.51,0.49,0.47,0,6,100,51,0.51,49,47,0.36,0.33,0.5,0.47,0.53,0.64,0.46,47,4,2
"llama3","seed_206","trained","all_domains_125_samples",125,"temp_06","few_shot","unstructured","answer_first","markdown","test_set_2",0.49,0.51,0.45,0,7,100,49,0.49,51,45,0.43,0.27,0.64,0.33,0.4,0.57,0.54,48,4,3
"llama3","seed_206","trained","all_domains_125_samples",125,"temp_025","few_shot","structured","fact_first","number_list","test_set_2",0.58,0.42,0.55,0,3,100,58,0.58,42,55,0.64,0.53,0.57,0.53,0.47,0.43,0.69,42,3,0
"llama2","seed_206","trained","all_domains_125_samples",125,"temp_06","zero_shot","structured","answer_first","markdown","test_set_2",0.41,0.59,0.26,9,45,100,41,0.45,50,26,0.14,0.4,0.29,0.4,0.07,0.29,0.23,29,15,30
"llama2","seed_989","trained","all_domains_125_samples",125,"temp_06","few_shot","unstructured","answer_first","markdown","test_set_1",0.4,0.6,0.38,0,5,99,40,0.4,60,38,0.29,0.57,0.46,0.27,0.43,0.46,0.25,56,2,3
"llama2","seed_206","trained","all_domains_125_samples",125,"temp_025","few_shot","unstructured","answer_first","number_list","test_set_2",0.38,0.62,0.36,0,6,100,38,0.38,62,36,0.43,0.4,0.57,0.27,0.27,0.36,0.23,58,2,4
"llama2","seed_989","trained","all_domains_125_samples",125,"temp_025","zero_shot","unstructured","fact_first","number_list","test_set_2",0.25,0.75,0.23,6,7,100,25,0.27,69,23,0.29,0.4,0.29,0.2,0.13,0.21,0.08,70,2,5
"llama2","seed_989","trained","all_domains_125_samples",125,"temp_06","zero_shot","unstructured","answer_first","markdown","test_set_2",0.42,0.58,0.4,0,7,100,42,0.42,58,40,0.43,0.4,0.57,0.2,0.53,0.36,0.31,53,2,5
"llama3","seed_206","trained","all_domains_125_samples",125,"greedy","few_shot","structured","fact_first","markdown","test_set_1",0.44,0.56,0.42,0,4,99,44,0.44,56,42,0.57,0.43,0.54,0.33,0.5,0.38,0.25,53,2,2
"llama2","seed_989","trained","all_domains_125_samples",125,"temp_025","zero_shot","structured","fact_first","number_list","test_set_2",0.41,0.59,0.37,0,7,100,41,0.41,59,37,0.5,0.33,0.5,0.4,0.27,0.29,0.31,56,4,3
"llama3","seed_989","trained","all_domains_125_samples",125,"greedy","few_shot","unstructured","fact_first","number_list","test_set_2",0.52,0.48,0.48,2,5,100,52,0.53,46,48,0.36,0.27,0.57,0.47,0.6,0.71,0.38,47,4,1
"llama2","seed_206","trained","all_domains_75_samples",75,"temp_06","few_shot","structured","fact_first","markdown","test_set_2",0.24,0.76,0.21,3,9,100,24,0.25,73,21,0.43,0.47,0.07,0.13,0.2,0.07,0.08,70,3,6
"llama3","seed_989","trained","all_domains_125_samples",125,"greedy","few_shot","unstructured","answer_first","markdown","test_set_2",0.48,0.52,0.45,0,6,100,48,0.48,52,45,0.36,0.27,0.64,0.33,0.47,0.57,0.54,49,3,3
"llama2","seed_206","trained","all_domains_125_samples",125,"greedy","few_shot","unstructured","fact_first","number_list","test_set_2",0.28,0.72,0.26,2,6,100,28,0.29,70,26,0.14,0.47,0.43,0.13,0.2,0.21,0.23,68,2,4
"llama3","seed_989","trained","all_domains_125_samples",125,"temp_025","few_shot","structured","answer_first","number_list","test_set_2",0.54,0.46,0.53,0,3,100,54,0.54,46,53,0.5,0.33,0.57,0.47,0.47,0.79,0.62,44,1,2
"llama2","seed_989","trained","all_domains_125_samples",125,"temp_06","few_shot","structured","answer_first","number_list","test_set_1",0.37,0.63,0.35,0,10,99,37,0.37,63,35,0.36,0.43,0.54,0.2,0.43,0.38,0.19,54,2,8
"llama2","seed_206","trained","all_domains_125_samples",125,"temp_025","few_shot","unstructured","fact_first","markdown","test_set_1",0.22,0.78,0.22,4,7,99,22,0.23,74,22,0.07,0.36,0.38,0.2,0.29,0.15,0.13,70,0,7
"llama3","seed_206","trained","all_domains_125_samples",125,"greedy","few_shot","structured","answer_first","markdown","test_set_2",0.54,0.46,0.51,0,7,100,54,0.54,46,51,0.5,0.33,0.57,0.53,0.4,0.71,0.54,42,3,4
"llama2","seed_989","trained","all_domains_125_samples",125,"temp_06","few_shot","structured","fact_first","number_list","test_set_1",0.35,0.65,0.34,0,7,99,35,0.35,65,34,0.29,0.43,0.38,0.27,0.29,0.31,0.44,58,1,6
"llama2","seed_989","trained","all_domains_125_samples",125,"greedy","zero_shot","structured","answer_first","markdown","test_set_2",0.45,0.55,0.3,5,40,100,45,0.47,50,30,0.14,0.33,0.5,0.33,0.27,0.29,0.23,30,15,25
"llama3","seed_206","trained","all_domains_125_samples",125,"temp_06","few_shot","structured","fact_first","number_list","test_set_2",0.51,0.49,0.49,0,3,100,51,0.51,49,49,0.57,0.53,0.43,0.33,0.6,0.36,0.62,48,2,1
"llama3","seed_989","trained","all_domains_125_samples",125,"temp_025","few_shot","unstructured","fact_first","number_list","test_set_2",0.48,0.52,0.45,1,5,100,48,0.48,51,45,0.5,0.4,0.5,0.4,0.53,0.43,0.38,50,3,2
"llama2","seed_989","trained","all_domains_125_samples",125,"temp_025","few_shot","structured","answer_first","markdown","test_set_1",0.45,0.55,0.43,0,7,99,45,0.45,55,43,0.43,0.43,0.46,0.27,0.57,0.31,0.56,49,2,5
"llama3","seed_206","trained","all_domains_125_samples",125,"temp_025","few_shot","structured","fact_first","markdown","test_set_1",0.4,0.6,0.38,0,4,99,40,0.4,60,38,0.57,0.29,0.46,0.4,0.43,0.31,0.25,57,2,2
"llama3","seed_989","trained","all_domains_125_samples",125,"temp_025","few_shot","unstructured","answer_first","markdown","test_set_2",0.48,0.52,0.43,0,8,100,48,0.48,52,43,0.36,0.2,0.57,0.33,0.47,0.57,0.54,49,5,3
"llama2","seed_206","trained","all_domains_125_samples",125,"temp_025","few_shot","structured","fact_first","markdown","test_set_1",0.31,0.69,0.29,0,7,99,31,0.31,69,29,0.07,0.5,0.38,0.2,0.29,0.23,0.38,63,2,5
"llama2","seed_989","trained","all_domains_125_samples",125,"temp_06","zero_shot","structured","fact_first","number_list","test_set_2",0.44,0.56,0.41,0,6,100,44,0.44,56,41,0.64,0.27,0.57,0.47,0.27,0.29,0.38,53,3,3
"llama2","seed_206","trained","all_domains_125_samples",125,"greedy","few_shot","unstructured","answer_first","markdown","test_set_2",0.36,0.64,0.33,0,7,100,36,0.36,64,33,0.43,0.4,0.5,0.27,0.13,0.43,0.15,60,3,4
"llama3","seed_989","trained","all_domains_125_samples",125,"temp_06","few_shot","structured","answer_first","number_list","test_set_2",0.56,0.44,0.55,0,2,100,56,0.56,44,55,0.57,0.33,0.57,0.47,0.47,0.86,0.62,43,1,1
"llama2","seed_989","trained","all_domains_125_samples",125,"temp_06","zero_shot","unstructured","fact_first","number_list","test_set_2",0.27,0.73,0.25,5,6,100,27,0.28,68,25,0.36,0.4,0.21,0.2,0.2,0.29,0.08,69,2,4
"llama2","seed_206","trained","all_domains_125_samples",125,"temp_06","few_shot","unstructured","answer_first","number_list","test_set_2",0.36,0.64,0.34,0,6,100,36,0.36,64,34,0.29,0.47,0.57,0.2,0.2,0.43,0.23,60,2,4
"llama2","seed_989","trained","all_domains_75_samples",75,"greedy","few_shot","structured","answer_first","markdown","test_set_2",0.3,0.7,0.27,0,11,100,30,0.3,70,27,0.29,0.27,0.43,0.27,0.2,0.21,0.23,62,3,8
"llama3","seed_206","trained","all_domains_125_samples",125,"temp_025","few_shot","structured","answer_first","markdown","test_set_2",0.54,0.46,0.51,0,7,100,54,0.54,46,51,0.5,0.33,0.57,0.53,0.4,0.71,0.54,42,3,4
"llama3","seed_989","trained","all_domains_125_samples",125,"greedy","few_shot","structured","fact_first","number_list","test_set_2",0.55,0.45,0.53,1,3,100,55,0.56,44,53,0.57,0.47,0.57,0.53,0.47,0.57,0.54,44,2,1
"llama2","seed_206","trained","all_domains_125_samples",125,"temp_025","few_shot","unstructured","fact_first","number_list","test_set_2",0.29,0.71,0.26,2,7,100,29,0.3,69,26,0.14,0.47,0.36,0.2,0.2,0.21,0.23,67,3,4
"llama2","seed_206","trained","all_domains_125_samples",125,"temp_06","few_shot","unstructured","fact_first","markdown","test_set_1",0.32,0.68,0.3,2,9,99,32,0.33,66,30,0.29,0.29,0.62,0.2,0.21,0.38,0.19,60,2,7
"llama3","seed_989","trained","all_domains_125_samples",125,"temp_06","few_shot","unstructured","fact_first","number_list","test_set_2",0.45,0.55,0.42,4,4,100,45,0.47,51,42,0.36,0.33,0.43,0.47,0.53,0.43,0.38,54,3,1
"llama3","seed_206","trained","all_domains_125_samples",125,"greedy","few_shot","unstructured","fact_first","markdown","test_set_1",0.48,0.52,0.46,1,4,99,48,0.48,51,46,0.5,0.36,0.31,0.53,0.64,0.54,0.38,49,2,2
"llama2","seed_989","trained","all_domains_125_samples",125,"temp_025","zero_shot","structured","answer_first","markdown","test_set_2",0.44,0.56,0.32,6,38,100,44,0.47,50,32,0.21,0.4,0.5,0.33,0.27,0.29,0.23,30,12,26
"llama3","seed_989","trained","all_domains_125_samples",125,"temp_06","few_shot","unstructured","answer_first","markdown","test_set_2",0.49,0.51,0.45,0,7,100,49,0.49,51,45,0.36,0.33,0.71,0.27,0.4,0.57,0.54,48,4,3
"llama3","seed_206","trained","all_domains_125_samples",125,"temp_06","few_shot","structured","fact_first","markdown","test_set_1",0.49,0.51,0.47,0,4,99,49,0.49,51,47,0.71,0.43,0.54,0.4,0.43,0.38,0.44,48,2,2
"llama2","seed_206","trained","all_domains_125_samples",125,"greedy","few_shot","structured","fact_first","number_list","test_set_2",0.33,0.67,0.29,0,7,100,33,0.33,67,29,0.36,0.33,0.5,0.33,0.2,0.14,0.15,64,4,3
"llama2","seed_989","trained","all_domains_75_samples",75,"greedy","few_shot","structured","fact_first","markdown","test_set_2",0.31,0.69,0.28,1,7,100,31,0.31,68,28,0.43,0.33,0.43,0.2,0.33,0,0.23,65,3,4
"llama2","seed_206","trained","all_domains_125_samples",125,"greedy","few_shot","structured","answer_first","number_list","test_set_2",0.37,0.63,0.34,0,6,100,37,0.37,63,34,0.43,0.4,0.5,0.27,0.27,0.29,0.23,60,3,3
"llama3","seed_206","trained","all_domains_125_samples",125,"temp_06","few_shot","structured","answer_first","markdown","test_set_2",0.53,0.47,0.5,0,6,100,53,0.53,47,50,0.5,0.33,0.57,0.47,0.4,0.71,0.54,44,3,3
"llama3","seed_989","trained","all_domains_125_samples",125,"temp_025","few_shot","structured","fact_first","number_list","test_set_2",0.56,0.44,0.54,0,4,100,56,0.56,44,54,0.57,0.47,0.43,0.6,0.53,0.43,0.77,42,2,2
"llama2","seed_206","trained","all_domains_125_samples",125,"temp_025","few_shot","unstructured","answer_first","markdown","test_set_2",0.36,0.64,0.33,0,7,100,36,0.36,64,33,0.43,0.4,0.5,0.27,0.13,0.43,0.15,60,3,4
"llama3","seed_206","trained","all_domains_125_samples",125,"temp_025","few_shot","unstructured","fact_first","markdown","test_set_1",0.45,0.55,0.43,4,4,99,45,0.47,51,43,0.43,0.29,0.31,0.53,0.71,0.46,0.31,52,2,2
"llama2","seed_206","trained","all_domains_125_samples",125,"greedy","zero_shot","structured","fact_first","markdown","test_set_1",0.35,0.65,0.05,4,91,99,35,0.36,61,5,0.14,0,0,0,0.07,0.08,0.06,3,30,61
"llama2","seed_989","trained","all_domains_125_samples",125,"greedy","few_shot","unstructured","answer_first","number_list","test_set_2",0.35,0.65,0.34,0,6,100,35,0.35,65,34,0.29,0.4,0.57,0.27,0.27,0.36,0.23,60,1,5
"llama2","seed_989","trained","all_domains_125_samples",125,"temp_06","few_shot","structured","answer_first","markdown","test_set_1",0.43,0.57,0.41,0,7,99,43,0.43,57,41,0.43,0.29,0.38,0.2,0.57,0.31,0.69,51,2,5
"llama3","seed_989","trained","all_domains_125_samples",125,"greedy","few_shot","structured","fact_first","markdown","test_set_1",0.44,0.56,0.42,0,4,99,44,0.44,56,42,0.57,0.43,0.54,0.33,0.5,0.38,0.25,53,2,2
"llama2","seed_206","trained","all_domains_125_samples",125,"temp_06","few_shot","unstructured","fact_first","number_list","test_set_2",0.26,0.74,0.24,2,6,100,26,0.27,72,24,0.21,0.47,0.21,0.2,0.27,0.14,0.15,70,2,4
"llama2","seed_206","trained","all_domains_125_samples",125,"temp_06","few_shot","structured","fact_first","markdown","test_set_1",0.31,0.69,0.29,1,7,99,31,0.31,68,29,0.07,0.43,0.31,0.27,0.36,0.23,0.38,63,2,5
"llama2","seed_989","trained","all_domains_125_samples",125,"temp_06","zero_shot","structured","answer_first","markdown","test_set_2",0.39,0.61,0.23,8,44,100,39,0.42,53,23,0.14,0.33,0.29,0.33,0.13,0.21,0.15,33,16,28
"llama2","seed_989","trained","all_domains_125_samples",125,"greedy","few_shot","unstructured","fact_first","markdown","test_set_1",0.31,0.69,0.29,2,7,99,31,0.32,67,29,0.14,0.36,0.31,0.27,0.43,0.38,0.19,63,2,5
"llama2","seed_989","trained","all_domains_75_samples",75,"temp_025","few_shot","structured","answer_first","markdown","test_set_2",0.33,0.67,0.29,0,11,100,33,0.33,67,29,0.36,0.33,0.43,0.33,0.2,0.21,0.15,60,4,7
"llama3","seed_206","trained","all_domains_125_samples",125,"temp_06","few_shot","unstructured","fact_first","markdown","test_set_1",0.48,0.52,0.46,0,4,99,48,0.48,52,46,0.57,0.29,0.62,0.33,0.57,0.62,0.31,49,2,2
"llama3","seed_989","trained","all_domains_125_samples",125,"greedy","few_shot","structured","answer_first","markdown","test_set_2",0.54,0.46,0.51,0,7,100,54,0.54,46,51,0.5,0.33,0.57,0.53,0.4,0.71,0.54,42,3,4
"llama3","seed_989","trained","all_domains_125_samples",125,"temp_06","few_shot","structured","fact_first","number_list","test_set_2",0.53,0.47,0.52,0,3,100,53,0.53,47,52,0.64,0.33,0.57,0.47,0.4,0.57,0.69,45,1,2
"llama3","seed_206","trained","all_domains_125_samples",125,"greedy","zero_shot","structured","fact_first","markdown","test_set_1",0.51,0.49,0.47,0,5,99,50,0.5,50,47,0.57,0.29,0.69,0.6,0.5,0.38,0.31,47,3,2
"llama2","seed_206","trained","all_domains_125_samples",125,"temp_025","few_shot","structured","fact_first","number_list","test_set_2",0.3,0.7,0.28,1,8,100,30,0.3,69,28,0.21,0.27,0.43,0.27,0.4,0.21,0.15,64,2,6
"llama3","seed_989","trained","all_domains_125_samples",125,"temp_025","few_shot","structured","fact_first","markdown","test_set_1",0.43,0.57,0.41,0,4,99,43,0.43,57,41,0.64,0.29,0.46,0.33,0.43,0.38,0.38,54,2,2
"llama2","seed_206","trained","all_domains_125_samples",125,"temp_06","few_shot","unstructured","answer_first","markdown","test_set_2",0.39,0.61,0.36,0,8,100,39,0.39,61,36,0.5,0.47,0.57,0.2,0.13,0.43,0.23,56,3,5
"llama2","seed_206","trained","all_domains_125_samples",125,"temp_025","zero_shot","structured","fact_first","markdown","test_set_1",0.38,0.62,0.02,7,95,99,38,0.41,55,2,0.07,0,0,0,0,0.08,0,2,36,59
"llama2","seed_989","trained","all_domains_75_samples",75,"temp_025","few_shot","structured","fact_first","markdown","test_set_2",0.33,0.67,0.3,1,7,100,33,0.33,66,30,0.36,0.4,0.36,0.27,0.4,0.07,0.23,63,3,4
"llama2","seed_206","trained","all_domains_125_samples",125,"temp_025","few_shot","structured","answer_first","number_list","test_set_2",0.35,0.65,0.32,0,6,100,35,0.35,65,32,0.36,0.4,0.5,0.27,0.27,0.29,0.15,62,3,3
"llama2","seed_989","trained","all_domains_125_samples",125,"temp_025","few_shot","unstructured","answer_first","number_list","test_set_2",0.35,0.65,0.34,0,6,100,35,0.35,65,34,0.36,0.33,0.57,0.27,0.2,0.43,0.23,60,1,5
"llama3","seed_989","trained","all_domains_125_samples",125,"greedy","few_shot","unstructured","fact_first","markdown","test_set_1",0.48,0.52,0.46,1,4,99,48,0.48,51,46,0.5,0.36,0.31,0.53,0.64,0.54,0.38,49,2,2
"llama2","seed_989","trained","all_domains_125_samples",125,"greedy","few_shot","unstructured","fact_first","number_list","test_set_2",0.28,0.72,0.26,2,6,100,28,0.29,70,26,0.14,0.47,0.43,0.13,0.2,0.21,0.23,68,2,4
"llama2","seed_989","trained","all_domains_125_samples",125,"temp_025","few_shot","unstructured","fact_first","markdown","test_set_1",0.26,0.74,0.26,5,7,99,26,0.27,69,26,0.21,0.36,0.31,0.27,0.29,0.15,0.25,66,0,7
"llama3","seed_989","trained","all_domains_125_samples",125,"temp_025","few_shot","structured","answer_first","markdown","test_set_2",0.54,0.46,0.51,0,7,100,54,0.54,46,51,0.5,0.33,0.57,0.53,0.4,0.71,0.54,42,3,4
"llama3","seed_206","trained","all_domains_125_samples",125,"temp_025","zero_shot","structured","fact_first","markdown","test_set_1",0.54,0.46,0.51,1,5,99,53,0.54,46,50,0.64,0.29,0.69,0.6,0.43,0.54,0.38,44,3,2
"llama2","seed_206","trained","all_domains_125_samples",125,"greedy","few_shot","structured","answer_first","markdown","test_set_2",0.37,0.63,0.32,0,8,100,37,0.37,63,32,0.36,0.47,0.43,0.33,0.27,0.21,0.15,60,5,3
"llama3","seed_989","trained","all_domains_125_samples",125,"temp_06","few_shot","structured","fact_first","markdown","test_set_1",0.42,0.58,0.4,0,4,99,42,0.42,58,40,0.57,0.43,0.46,0.47,0.29,0.31,0.31,55,2,2
"llama2","seed_989","trained","all_domains_125_samples",125,"greedy","few_shot","structured","fact_first","markdown","test_set_1",0.32,0.68,0.31,0,7,99,32,0.32,68,31,0.07,0.57,0.38,0.27,0.36,0.31,0.25,61,1,6
"llama3","seed_989","trained","all_domains_125_samples",125,"temp_025","few_shot","unstructured","fact_first","markdown","test_set_1",0.53,0.47,0.51,0,4,99,52,0.52,48,50,0.5,0.43,0.54,0.53,0.64,0.54,0.38,45,2,2
"llama2","seed_989","trained","all_domains_75_samples",75,"temp_06","few_shot","structured","answer_first","markdown","test_set_2",0.33,0.67,0.29,0,12,100,33,0.33,67,29,0.36,0.33,0.36,0.33,0.2,0.21,0.23,59,4,8
"llama2","seed_206","trained","all_domains_125_samples",125,"temp_06","zero_shot","structured","fact_first","markdown","test_set_1",0.42,0.58,0.03,8,93,99,42,0.46,50,3,0,0,0,0,0,0.08,0.13,3,39,54
"llama2","seed_989","trained","all_domains_125_samples",125,"greedy","few_shot","unstructured","answer_first","markdown","test_set_2",0.36,0.64,0.33,0,7,100,36,0.36,64,33,0.43,0.4,0.5,0.27,0.13,0.43,0.15,60,3,4
"llama3","seed_206","trained","all_domains_125_samples",125,"temp_06","zero_shot","structured","fact_first","markdown","test_set_1",0.52,0.48,0.49,0,5,99,51,0.51,49,49,0.5,0.43,0.77,0.47,0.36,0.62,0.38,45,2,3
"llama3","seed_989","trained","all_domains_125_samples",125,"temp_06","few_shot","structured","answer_first","markdown","test_set_2",0.55,0.45,0.51,0,8,100,55,0.55,45,51,0.57,0.27,0.57,0.53,0.4,0.71,0.54,41,4,4
"llama2","seed_989","trained","all_domains_125_samples",125,"temp_06","few_shot","unstructured","answer_first","number_list","test_set_2",0.38,0.62,0.35,0,6,100,38,0.38,62,35,0.36,0.4,0.57,0.27,0.2,0.43,0.23,59,3,3
"llama2","seed_206","trained","all_domains_125_samples",125,"temp_06","few_shot","structured","fact_first","number_list","test_set_2",0.31,0.69,0.28,2,11,100,31,0.32,67,28,0.29,0.27,0.43,0.33,0.33,0.14,0.15,61,3,8
"llama2","seed_989","trained","all_domains_125_samples",125,"temp_025","few_shot","unstructured","fact_first","number_list","test_set_2",0.27,0.73,0.25,1,5,100,27,0.27,72,25,0.07,0.33,0.36,0.2,0.33,0.29,0.15,70,2,3
"llama2","seed_989","trained","all_domains_125_samples",125,"temp_06","few_shot","unstructured","fact_first","markdown","test_set_1",0.3,0.7,0.27,1,8,99,30,0.3,69,27,0.07,0.36,0.46,0.2,0.29,0.31,0.25,64,3,5
"llama3","seed_989","trained","all_domains_125_samples",125,"temp_06","few_shot","unstructured","fact_first","markdown","test_set_1",0.44,0.56,0.42,3,4,99,44,0.45,53,42,0.5,0.29,0.38,0.33,0.64,0.46,0.38,53,2,2
"llama3","seed_206","trained","all_domains_125_samples",125,"greedy","few_shot","structured","fact_first","markdown","test_set_2",0.56,0.44,0.51,0,6,100,56,0.56,44,51,0.86,0.4,0.36,0.33,0.4,0.64,0.62,43,5,1
"llama2","seed_989","trained","all_domains_75_samples",75,"temp_06","few_shot","structured","fact_first","markdown","test_set_2",0.31,0.69,0.27,2,10,100,31,0.32,67,27,0.36,0.4,0.21,0.27,0.27,0.14,0.23,63,4,6
"llama2","seed_206","trained","all_domains_125_samples",125,"temp_06","few_shot","structured","answer_first","number_list","test_set_2",0.36,0.64,0.33,0,6,100,36,0.36,64,33,0.43,0.33,0.5,0.27,0.2,0.36,0.23,61,3,3
"llama3","seed_989","trained","all_domains_125_samples",125,"greedy","zero_shot","structured","fact_first","markdown","test_set_1",0.51,0.49,0.47,0,5,99,50,0.5,50,47,0.57,0.29,0.69,0.6,0.5,0.38,0.31,47,3,2
"llama2","seed_989","trained","all_domains_125_samples",125,"greedy","zero_shot","structured","fact_first","markdown","test_set_1",0.35,0.65,0.05,4,91,99,35,0.36,61,5,0.14,0,0,0,0.07,0.08,0.06,3,30,61
"llama3","seed_206","trained","all_domains_125_samples",125,"greedy","few_shot","unstructured","fact_first","markdown","test_set_2",0.47,0.53,0.44,0,6,100,47,0.47,53,44,0.64,0.4,0.29,0.4,0.47,0.5,0.38,50,3,3
"llama2","seed_206","trained","all_domains_125_samples",125,"temp_025","few_shot","structured","answer_first","markdown","test_set_2",0.38,0.62,0.32,0,9,100,38,0.38,62,32,0.36,0.47,0.43,0.4,0.2,0.21,0.15,59,6,3
"llama2","seed_989","trained","all_domains_125_samples",125,"temp_025","few_shot","unstructured","answer_first","markdown","test_set_2",0.37,0.63,0.34,0,7,100,37,0.37,63,34,0.43,0.4,0.5,0.33,0.13,0.43,0.15,59,3,4
"llama2","seed_989","trained","all_domains_125_samples",125,"temp_025","few_shot","structured","fact_first","markdown","test_set_1",0.35,0.65,0.32,0,7,99,35,0.35,65,32,0.14,0.57,0.31,0.33,0.36,0.38,0.19,60,3,4
"llama3","seed_206","trained","all_domains_125_samples",125,"temp_025","few_shot","structured","fact_first","markdown","test_set_2",0.5,0.5,0.47,0,6,100,50,0.5,50,47,0.64,0.33,0.36,0.47,0.33,0.57,0.62,47,3,3
"llama2","seed_989","trained","all_domains_125_samples",125,"temp_06","few_shot","unstructured","fact_first","number_list","test_set_2",0.35,0.65,0.31,2,6,100,35,0.36,63,31,0.36,0.47,0.36,0.27,0.27,0.29,0.15,63,4,2
"llama3","seed_989","trained","all_domains_125_samples",125,"temp_025","zero_shot","structured","fact_first","markdown","test_set_1",0.51,0.49,0.47,0,5,99,50,0.5,50,47,0.57,0.14,0.77,0.53,0.57,0.54,0.25,47,3,2
"llama2","seed_206","trained","all_domains_125_samples",125,"greedy","few_shot","unstructured","fact_first","markdown","test_set_2",0.29,0.71,0.26,2,6,100,29,0.3,69,26,0.29,0.33,0.36,0.33,0.27,0.07,0.15,68,3,3
"llama2","seed_989","trained","all_domains_125_samples",125,"greedy","few_shot","structured","fact_first","number_list","test_set_2",0.33,0.67,0.29,0,7,100,33,0.33,67,29,0.36,0.33,0.5,0.33,0.2,0.14,0.15,64,4,3
"llama3","seed_206","trained","all_domains_125_samples",125,"temp_025","few_shot","unstructured","fact_first","markdown","test_set_2",0.53,0.47,0.5,1,6,100,53,0.54,46,50,0.57,0.47,0.43,0.47,0.53,0.57,0.46,44,3,3
"llama2","seed_989","trained","all_domains_125_samples",125,"temp_025","zero_shot","structured","fact_first","markdown","test_set_1",0.28,0.72,0.03,6,92,99,28,0.3,66,3,0.07,0,0.08,0,0,0,0.06,4,25,67
"llama3","seed_206","trained","all_domains_125_samples",125,"temp_06","few_shot","structured","fact_first","markdown","test_set_2",0.64,0.36,0.59,0,6,100,64,0.64,36,59,0.71,0.67,0.43,0.53,0.47,0.71,0.62,35,5,1
"llama3","seed_989","trained","all_domains_125_samples",125,"temp_06","zero_shot","structured","fact_first","markdown","test_set_1",0.57,0.43,0.54,0,5,99,56,0.56,44,53,0.64,0.5,0.69,0.8,0.5,0.46,0.19,41,3,2
"llama2","seed_989","trained","all_domains_125_samples",125,"greedy","few_shot","structured","answer_first","number_list","test_set_2",0.37,0.63,0.34,0,6,100,37,0.37,63,34,0.43,0.4,0.5,0.27,0.27,0.29,0.23,60,3,3
"llama3","seed_206","trained","all_domains_125_samples",125,"temp_06","few_shot","unstructured","fact_first","markdown","test_set_2",0.51,0.49,0.48,1,6,100,51,0.52,48,48,0.57,0.33,0.43,0.47,0.47,0.57,0.54,46,3,3
"llama2","seed_989","trained","all_domains_125_samples",125,"temp_06","few_shot","unstructured","answer_first","markdown","test_set_2",0.33,0.67,0.29,0,7,100,33,0.33,67,29,0.43,0.33,0.43,0.2,0.13,0.36,0.15,64,4,3
"llama2","seed_206","trained","all_domains_125_samples",125,"temp_025","few_shot","unstructured","fact_first","markdown","test_set_2",0.27,0.73,0.24,2,6,100,27,0.28,71,24,0.21,0.33,0.29,0.27,0.4,0.07,0.08,70,3,3
"llama2","seed_206","trained","all_domains_125_samples",125,"temp_06","few_shot","structured","answer_first","markdown","test_set_2",0.37,0.63,0.31,0,10,100,37,0.37,63,31,0.36,0.47,0.36,0.4,0.2,0.21,0.15,59,6,4
"llama2","seed_989","trained","all_domains_125_samples",125,"temp_06","few_shot","structured","fact_first","markdown","test_set_1",0.4,0.6,0.38,1,7,99,40,0.4,59,38,0.14,0.64,0.46,0.2,0.57,0.38,0.31,54,2,5
"llama3","seed_206","trained","all_domains_125_samples",125,"greedy","zero_shot","structured","fact_first","markdown","test_set_2",0.57,0.43,0.52,0,6,100,57,0.57,43,52,0.64,0.6,0.57,0.33,0.33,0.71,0.46,42,5,1
"llama3","seed_989","trained","all_domains_125_samples",125,"greedy","few_shot","structured","fact_first","markdown","test_set_2",0.56,0.44,0.51,0,6,100,56,0.56,44,51,0.86,0.4,0.36,0.33,0.4,0.64,0.62,43,5,1
"llama2","seed_989","trained","all_domains_125_samples",125,"temp_06","zero_shot","structured","fact_first","markdown","test_set_1",0.41,0.59,0.02,2,93,99,41,0.42,57,2,0,0,0,0,0,0.15,0,4,39,54
"llama2","seed_989","trained","all_domains_125_samples",125,"temp_025","few_shot","structured","fact_first","number_list","test_set_2",0.33,0.67,0.3,0,8,100,33,0.33,67,30,0.21,0.47,0.43,0.27,0.4,0.21,0.08,62,3,5
"llama3","seed_989","trained","all_domains_125_samples",125,"greedy","few_shot","unstructured","fact_first","markdown","test_set_2",0.47,0.53,0.44,0,6,100,47,0.47,53,44,0.64,0.4,0.29,0.4,0.47,0.5,0.38,50,3,3
"llama3","seed_206","trained","all_domains_125_samples",125,"temp_025","zero_shot","structured","fact_first","markdown","test_set_2",0.54,0.46,0.5,0,5,100,54,0.54,46,50,0.5,0.47,0.57,0.4,0.4,0.64,0.54,45,4,1
"llama3","seed_989","trained","all_domains_125_samples",125,"temp_025","few_shot","structured","fact_first","markdown","test_set_2",0.57,0.43,0.53,0,6,100,57,0.57,43,53,0.79,0.53,0.36,0.4,0.53,0.57,0.54,41,4,2
"llama2","seed_206","trained","all_domains_125_samples",125,"temp_06","few_shot","unstructured","fact_first","markdown","test_set_2",0.31,0.69,0.28,3,6,100,31,0.32,66,28,0.43,0.27,0.43,0.2,0.27,0.14,0.23,66,3,3
"llama3","seed_989","trained","all_domains_125_samples",125,"temp_025","few_shot","unstructured","fact_first","markdown","test_set_2",0.5,0.5,0.46,4,6,100,50,0.52,46,46,0.57,0.47,0.36,0.33,0.47,0.57,0.46,48,4,2
"llama2","seed_989","trained","all_domains_125_samples",125,"temp_025","few_shot","structured","answer_first","number_list","test_set_2",0.4,0.6,0.36,0,6,100,40,0.4,60,36,0.43,0.4,0.57,0.27,0.27,0.36,0.23,58,4,2
"llama2","seed_206","trained","all_domains_125_samples",125,"greedy","zero_shot","structured","fact_first","markdown","test_set_2",0.4,0.6,0.02,5,95,100,40,0.42,55,2,0,0,0,0.07,0.07,0,0,3,38,57
"llama3","seed_206","trained","all_domains_125_samples",125,"temp_06","zero_shot","structured","fact_first","markdown","test_set_2",0.5,0.5,0.44,0,6,100,50,0.5,50,44,0.57,0.4,0.57,0.33,0.27,0.57,0.38,50,6,0
"llama2","seed_989","trained","all_domains_125_samples",125,"greedy","few_shot","structured","answer_first","markdown","test_set_2",0.37,0.63,0.32,0,8,100,37,0.37,63,32,0.36,0.47,0.43,0.33,0.27,0.21,0.15,60,5,3
"llama3","seed_989","trained","all_domains_125_samples",125,"temp_06","few_shot","unstructured","fact_first","markdown","test_set_2",0.49,0.51,0.46,3,6,100,49,0.51,48,46,0.57,0.47,0.21,0.47,0.47,0.5,0.54,48,3,3
"llama2","seed_206","trained","all_domains_125_samples",125,"greedy","few_shot","structured","fact_first","markdown","test_set_2",0.3,0.7,0.28,0,6,100,30,0.3,70,28,0.43,0.47,0.21,0.33,0.27,0.14,0.08,66,2,4
"llama2","seed_989","trained","all_domains_125_samples",125,"temp_06","few_shot","structured","fact_first","number_list","test_set_2",0.44,0.56,0.41,1,9,100,44,0.44,55,41,0.5,0.47,0.57,0.53,0.4,0.21,0.15,50,3,6
"llama3","seed_989","trained","all_domains_125_samples",125,"temp_06","few_shot","structured","fact_first","markdown","test_set_2",0.55,0.45,0.5,0,7,100,55,0.55,45,50,0.57,0.53,0.5,0.4,0.33,0.5,0.69,43,5,2
"llama2","seed_989","trained","all_domains_125_samples",125,"greedy","few_shot","unstructured","fact_first","markdown","test_set_2",0.29,0.71,0.26,2,6,100,29,0.3,69,26,0.29,0.33,0.36,0.33,0.27,0.07,0.15,68,3,3
"llama3","seed_989","trained","all_domains_125_samples",125,"greedy","zero_shot","structured","fact_first","markdown","test_set_2",0.57,0.43,0.52,0,6,100,57,0.57,43,52,0.64,0.6,0.57,0.33,0.33,0.71,0.46,42,5,1
"llama2","seed_206","trained","all_domains_125_samples",125,"temp_06","zero_shot","structured","fact_first","markdown","test_set_2",0.37,0.63,0.03,7,93,100,37,0.4,56,3,0,0.07,0.07,0,0,0,0.08,4,34,59
"llama2","seed_989","trained","all_domains_125_samples",125,"temp_06","few_shot","structured","answer_first","number_list","test_set_2",0.34,0.66,0.31,0,6,100,34,0.34,66,31,0.43,0.33,0.5,0.2,0.2,0.29,0.23,63,3,3
"llama3","seed_989","trained","all_domains_125_samples",125,"temp_025","zero_shot","structured","fact_first","markdown","test_set_2",0.49,0.51,0.44,0,6,100,49,0.49,51,44,0.5,0.4,0.57,0.27,0.4,0.64,0.31,50,5,1
"llama2","seed_989","trained","all_domains_125_samples",125,"greedy","zero_shot","structured","fact_first","markdown","test_set_2",0.4,0.6,0.02,5,95,100,40,0.42,55,2,0,0,0,0.07,0.07,0,0,3,38,57
"llama2","seed_989","trained","all_domains_125_samples",125,"temp_025","few_shot","structured","answer_first","markdown","test_set_2",0.36,0.64,0.31,0,9,100,36,0.36,64,31,0.36,0.4,0.43,0.4,0.2,0.21,0.15,60,5,4
"llama2","seed_989","trained","all_domains_125_samples",125,"temp_025","few_shot","unstructured","fact_first","markdown","test_set_2",0.28,0.72,0.26,3,6,100,28,0.29,69,26,0.21,0.27,0.36,0.2,0.33,0.29,0.15,68,2,4
"llama2","seed_206","trained","all_domains_125_samples",125,"temp_025","few_shot","structured","fact_first","markdown","test_set_2",0.31,0.69,0.29,0,7,100,31,0.31,69,29,0.43,0.47,0.29,0.27,0.27,0.14,0.15,64,2,5
"llama3","seed_989","trained","all_domains_125_samples",125,"temp_06","zero_shot","structured","fact_first","markdown","test_set_2",0.55,0.45,0.51,0,5,100,55,0.55,45,51,0.57,0.47,0.5,0.53,0.4,0.57,0.54,44,4,1
"llama2","seed_989","trained","all_domains_125_samples",125,"temp_025","zero_shot","structured","fact_first","markdown","test_set_2",0.43,0.57,0.02,3,94,100,43,0.44,54,2,0,0.07,0,0.07,0,0,0,4,41,53
"llama2","seed_989","trained","all_domains_125_samples",125,"temp_06","few_shot","unstructured","fact_first","markdown","test_set_2",0.26,0.74,0.25,4,6,100,26,0.27,70,25,0.21,0.33,0.43,0.2,0.13,0.21,0.23,69,1,5
"llama2","seed_989","trained","all_domains_125_samples",125,"temp_06","few_shot","structured","answer_first","markdown","test_set_2",0.35,0.65,0.3,0,9,100,35,0.35,65,30,0.29,0.4,0.43,0.4,0.2,0.21,0.15,61,5,4
"llama2","seed_206","trained","all_domains_125_samples",125,"temp_06","few_shot","structured","fact_first","markdown","test_set_2",0.27,0.73,0.25,0,7,100,27,0.27,73,25,0.21,0.4,0.21,0.27,0.27,0.14,0.23,68,2,5
"llama2","seed_206","trained","all_domains_125_samples",125,"greedy","zero_shot","unstructured","fact_first","markdown","test_set_1",0.31,0.69,0.1,9,57,99,31,0.34,60,10,0.07,0.21,0.08,0.13,0.14,0,0.06,32,21,36
"llama2","seed_989","trained","all_domains_125_samples",125,"temp_06","zero_shot","structured","fact_first","markdown","test_set_2",0.36,0.64,0.02,5,92,100,36,0.38,59,2,0,0,0,0.07,0.07,0,0,6,34,58
"llama3","seed_206","trained","all_domains_125_samples",125,"greedy","zero_shot","unstructured","fact_first","markdown","test_set_1",0.42,0.58,0.4,0,4,99,42,0.42,58,40,0.36,0.21,0.62,0.47,0.43,0.62,0.19,55,2,2
"llama2","seed_206","trained","all_domains_125_samples",125,"temp_025","zero_shot","unstructured","fact_first","markdown","test_set_1",0.29,0.71,0.09,8,61,99,29,0.32,63,9,0,0.29,0.15,0.07,0.14,0,0,29,20,41
"llama2","seed_989","trained","all_domains_125_samples",125,"greedy","few_shot","structured","fact_first","markdown","test_set_2",0.3,0.7,0.28,0,6,100,30,0.3,70,28,0.43,0.47,0.21,0.33,0.27,0.14,0.08,66,2,4
"llama3","seed_206","trained","all_domains_125_samples",125,"temp_025","zero_shot","unstructured","fact_first","markdown","test_set_1",0.41,0.59,0.4,1,4,99,41,0.41,58,40,0.43,0.21,0.54,0.53,0.43,0.62,0.13,55,1,3
"llama2","seed_206","trained","all_domains_125_samples",125,"temp_06","zero_shot","unstructured","fact_first","markdown","test_set_1",0.35,0.65,0.13,6,55,99,35,0.37,59,13,0.07,0.14,0.15,0.2,0.21,0,0.13,31,22,33
"llama3","seed_206","trained","all_domains_125_samples",125,"temp_06","zero_shot","unstructured","fact_first","markdown","test_set_1",0.37,0.63,0.35,5,5,99,37,0.39,58,35,0.43,0.14,0.38,0.4,0.43,0.54,0.19,59,2,3
"llama2","seed_989","trained","all_domains_125_samples",125,"greedy","zero_shot","unstructured","fact_first","markdown","test_set_1",0.31,0.69,0.1,9,57,99,31,0.34,60,10,0.07,0.21,0.08,0.13,0.14,0,0.06,32,21,36
"llama3","seed_989","trained","all_domains_125_samples",125,"greedy","zero_shot","unstructured","fact_first","markdown","test_set_1",0.42,0.58,0.4,0,4,99,42,0.42,58,40,0.36,0.21,0.62,0.47,0.43,0.62,0.19,55,2,2
"llama2","seed_989","trained","all_domains_125_samples",125,"temp_025","few_shot","structured","fact_first","markdown","test_set_2",0.27,0.73,0.25,0,7,100,27,0.27,73,25,0.29,0.4,0.21,0.27,0.2,0.21,0.15,68,2,5
"llama3","seed_989","trained","all_domains_125_samples",125,"temp_025","zero_shot","unstructured","fact_first","markdown","test_set_1",0.4,0.6,0.39,2,4,99,40,0.41,58,39,0.43,0.21,0.46,0.6,0.43,0.54,0.13,56,1,3
"llama2","seed_989","trained","all_domains_125_samples",125,"temp_025","zero_shot","unstructured","fact_first","markdown","test_set_1",0.32,0.68,0.1,11,62,99,32,0.36,57,10,0.07,0.21,0.15,0.07,0.07,0,0.13,27,22,40
"llama3","seed_989","trained","all_domains_125_samples",125,"temp_06","zero_shot","unstructured","fact_first","markdown","test_set_1",0.39,0.61,0.37,4,5,99,39,0.41,57,37,0.5,0.21,0.31,0.47,0.43,0.54,0.19,57,2,3
"llama2","seed_989","trained","all_domains_125_samples",125,"temp_06","few_shot","structured","fact_first","markdown","test_set_2",0.28,0.72,0.25,1,8,100,28,0.28,71,25,0.29,0.27,0.29,0.2,0.27,0.36,0.08,67,3,5
"llama2","seed_989","trained","all_domains_125_samples",125,"temp_06","zero_shot","unstructured","fact_first","markdown","test_set_1",0.33,0.67,0.12,9,59,99,33,0.36,58,12,0.14,0.21,0.08,0.07,0.21,0,0.13,28,21,38
"llama3","seed_206","trained","all_domains_125_samples",125,"greedy","zero_shot","unstructured","fact_first","markdown","test_set_2",0.45,0.55,0.43,2,5,100,45,0.46,53,43,0.43,0.53,0.36,0.27,0.4,0.57,0.46,52,2,3
"llama2","seed_206","trained","all_domains_125_samples",125,"greedy","zero_shot","unstructured","fact_first","markdown","test_set_2",0.31,0.69,0.1,6,56,100,31,0.33,63,10,0.14,0.07,0.07,0.07,0.2,0.14,0,34,21,35
"llama3","seed_206","trained","all_domains_125_samples",125,"temp_025","zero_shot","unstructured","fact_first","markdown","test_set_2",0.44,0.56,0.43,1,5,100,44,0.44,55,43,0.5,0.4,0.43,0.33,0.4,0.57,0.38,52,1,4
"llama3","seed_206","trained","all_domains_125_samples",125,"temp_06","zero_shot","unstructured","fact_first","markdown","test_set_2",0.47,0.53,0.45,2,5,100,47,0.48,51,45,0.43,0.4,0.36,0.47,0.53,0.5,0.46,50,2,3
"llama2","seed_206","trained","all_domains_125_samples",125,"temp_025","zero_shot","unstructured","fact_first","markdown","test_set_2",0.31,0.69,0.11,4,57,100,31,0.32,65,11,0.07,0.07,0.07,0.13,0.2,0.21,0,32,20,37
"llama3","seed_989","trained","all_domains_125_samples",125,"greedy","zero_shot","unstructured","fact_first","markdown","test_set_2",0.45,0.55,0.43,2,5,100,45,0.46,53,43,0.43,0.53,0.36,0.27,0.4,0.57,0.46,52,2,3
"llama2","seed_206","trained","all_domains_125_samples",125,"temp_06","zero_shot","unstructured","fact_first","markdown","test_set_2",0.29,0.71,0.1,6,59,100,29,0.31,65,10,0.14,0.13,0.14,0,0.13,0.14,0,31,19,40
"llama3","seed_989","trained","all_domains_125_samples",125,"temp_025","zero_shot","unstructured","fact_first","markdown","test_set_2",0.49,0.51,0.46,0,5,100,49,0.49,51,46,0.5,0.4,0.43,0.27,0.47,0.64,0.54,49,3,2
"llama2","seed_989","trained","all_domains_125_samples",125,"greedy","zero_shot","unstructured","fact_first","markdown","test_set_2",0.31,0.69,0.1,6,56,100,31,0.33,63,10,0.14,0.07,0.07,0.07,0.2,0.14,0,34,21,35
"llama3","seed_989","trained","all_domains_125_samples",125,"temp_06","zero_shot","unstructured","fact_first","markdown","test_set_2",0.5,0.5,0.48,2,5,100,50,0.51,48,48,0.43,0.33,0.5,0.53,0.47,0.5,0.62,47,2,3
"llama2","seed_989","trained","all_domains_125_samples",125,"temp_025","zero_shot","unstructured","fact_first","markdown","test_set_2",0.28,0.72,0.08,11,55,100,28,0.31,61,8,0.14,0.13,0.07,0.07,0.07,0.07,0,37,20,35
"llama2","seed_989","trained","all_domains_125_samples",125,"temp_06","zero_shot","unstructured","fact_first","markdown","test_set_2",0.25,0.75,0.05,4,59,100,25,0.26,71,5,0.07,0.07,0,0.07,0,0.14,0,36,20,39
"llama2","seed_206","trained","all_domains_all_samples",225,"greedy","zero_shot","unstructured","answer_first","number_list","test_set_1",0.45,0.55,0.45,0,3,99,45,0.45,55,45,0.5,0.5,0.46,0.53,0.5,0.46,0.25,51,0,3
"llama3","seed_206","trained","all_domains_all_samples",225,"greedy","zero_shot","unstructured","answer_first","number_list","test_set_1",0.54,0.46,0.53,0,4,99,53,0.53,47,52,0.57,0.29,0.85,0.53,0.5,0.46,0.5,43,1,3
"llama3","seed_206","trained","all_domains_all_samples",225,"temp_025","zero_shot","unstructured","answer_first","number_list","test_set_1",0.53,0.47,0.52,0,4,99,52,0.52,48,51,0.57,0.29,0.77,0.53,0.57,0.38,0.5,44,1,3
"llama3","seed_206","trained","all_domains_all_samples",225,"greedy","zero_shot","structured","answer_first","number_list","test_set_1",0.52,0.48,0.49,0,3,99,51,0.51,49,49,0.64,0.36,0.54,0.6,0.57,0.31,0.44,47,2,1
"llama2","seed_206","trained","all_domains_all_samples",225,"temp_025","zero_shot","unstructured","answer_first","number_list","test_set_1",0.43,0.57,0.41,1,6,99,43,0.43,56,41,0.36,0.5,0.46,0.47,0.5,0.38,0.25,52,2,4
"llama3","seed_206","trained","all_domains_all_samples",225,"temp_06","zero_shot","unstructured","answer_first","number_list","test_set_1",0.53,0.47,0.51,0,5,99,52,0.52,48,50,0.57,0.36,0.77,0.47,0.57,0.38,0.44,44,2,3
"llama3","seed_206","trained","all_domains_all_samples",225,"temp_025","zero_shot","structured","answer_first","number_list","test_set_1",0.54,0.46,0.52,0,3,99,53,0.53,47,51,0.64,0.36,0.54,0.6,0.57,0.46,0.44,45,2,1
"llama3","seed_989","trained","all_domains_all_samples",225,"greedy","zero_shot","unstructured","answer_first","number_list","test_set_1",0.54,0.46,0.53,0,4,99,53,0.53,47,52,0.57,0.29,0.85,0.53,0.5,0.46,0.5,43,1,3
"llama2","seed_206","trained","all_domains_all_samples",225,"greedy","zero_shot","structured","answer_first","number_list","test_set_1",0.38,0.62,0.37,0,8,99,38,0.38,62,37,0.29,0.29,0.38,0.27,0.57,0.62,0.25,54,1,7
"llama2","seed_206","trained","all_domains_all_samples",225,"temp_06","zero_shot","unstructured","answer_first","number_list","test_set_1",0.42,0.58,0.4,2,6,99,42,0.43,56,40,0.43,0.43,0.38,0.47,0.5,0.38,0.25,53,2,4
"llama2","seed_206","trained","all_domains_all_samples",225,"greedy","few_shot","structured","answer_first","number_list","test_set_1",0.43,0.57,0.4,0,9,99,43,0.43,57,40,0.29,0.43,0.38,0.27,0.5,0.54,0.44,50,3,6
"llama3","seed_206","trained","all_domains_all_samples",225,"temp_06","zero_shot","structured","answer_first","number_list","test_set_1",0.49,0.51,0.47,0,3,99,49,0.49,51,47,0.64,0.36,0.54,0.6,0.57,0.23,0.38,49,2,1
"llama3","seed_989","trained","all_domains_all_samples",225,"temp_025","zero_shot","unstructured","answer_first","number_list","test_set_1",0.53,0.47,0.52,0,4,99,52,0.52,48,51,0.57,0.29,0.77,0.53,0.57,0.38,0.5,44,1,3
"llama2","seed_989","trained","all_domains_all_samples",225,"greedy","zero_shot","unstructured","answer_first","number_list","test_set_1",0.45,0.55,0.45,0,3,99,45,0.45,55,45,0.5,0.5,0.46,0.53,0.5,0.46,0.25,51,0,3
"llama2","seed_206","trained","all_domains_all_samples",225,"temp_025","zero_shot","structured","answer_first","number_list","test_set_1",0.37,0.63,0.36,0,8,99,37,0.37,63,36,0.29,0.29,0.38,0.27,0.5,0.62,0.25,55,1,7
"llama3","seed_989","trained","all_domains_all_samples",225,"greedy","zero_shot","structured","answer_first","number_list","test_set_1",0.52,0.48,0.49,0,3,99,51,0.51,49,49,0.64,0.36,0.54,0.6,0.57,0.31,0.44,47,2,1
"llama3","seed_989","trained","all_domains_all_samples",225,"temp_06","zero_shot","unstructured","answer_first","number_list","test_set_1",0.53,0.47,0.52,0,4,99,52,0.52,48,51,0.57,0.29,0.77,0.53,0.5,0.46,0.5,44,1,3
"llama2","seed_206","trained","all_domains_all_samples",225,"temp_06","zero_shot","structured","answer_first","number_list","test_set_1",0.39,0.61,0.38,0,7,99,39,0.39,61,38,0.29,0.29,0.46,0.33,0.5,0.62,0.25,54,1,6
"llama3","seed_206","trained","all_domains_all_samples",225,"greedy","zero_shot","unstructured","answer_first","number_list","test_set_2",0.52,0.48,0.51,0,3,100,52,0.52,48,51,0.36,0.33,0.57,0.53,0.6,0.57,0.62,46,1,2
"llama2","seed_989","trained","all_domains_all_samples",225,"temp_025","zero_shot","unstructured","answer_first","number_list","test_set_1",0.41,0.59,0.39,1,6,99,41,0.41,58,39,0.29,0.5,0.46,0.53,0.5,0.31,0.19,54,2,4
"llama3","seed_206","trained","all_domains_all_samples",225,"greedy","few_shot","structured","answer_first","number_list","test_set_1",0.52,0.48,0.49,0,3,99,51,0.51,49,49,0.5,0.43,0.54,0.67,0.5,0.38,0.44,47,2,1
"llama2","seed_206","trained","all_domains_all_samples",225,"temp_025","few_shot","structured","answer_first","number_list","test_set_1",0.42,0.58,0.39,0,9,99,42,0.42,58,39,0.21,0.43,0.38,0.27,0.5,0.54,0.44,51,3,6
"llama3","seed_989","trained","all_domains_all_samples",225,"temp_025","zero_shot","structured","answer_first","number_list","test_set_1",0.53,0.47,0.51,0,3,99,52,0.52,48,50,0.64,0.36,0.54,0.6,0.57,0.38,0.44,46,2,1
"llama3","seed_206","trained","all_domains_all_samples",225,"temp_025","zero_shot","unstructured","answer_first","number_list","test_set_2",0.54,0.46,0.53,0,3,100,54,0.54,46,53,0.43,0.33,0.64,0.6,0.6,0.57,0.54,44,1,2
"llama2","seed_989","trained","all_domains_all_samples",225,"greedy","zero_shot","structured","answer_first","number_list","test_set_1",0.38,0.62,0.37,0,8,99,38,0.38,62,37,0.29,0.29,0.38,0.27,0.57,0.62,0.25,54,1,7
"llama3","seed_989","trained","all_domains_all_samples",225,"temp_06","zero_shot","structured","answer_first","number_list","test_set_1",0.54,0.46,0.52,0,3,99,53,0.53,47,51,0.64,0.36,0.54,0.6,0.64,0.38,0.44,45,2,1
"llama3","seed_206","trained","all_domains_all_samples",225,"temp_025","few_shot","structured","answer_first","number_list","test_set_1",0.53,0.47,0.51,0,3,99,52,0.52,48,50,0.5,0.5,0.54,0.67,0.5,0.38,0.44,46,2,1
"llama2","seed_989","trained","all_domains_all_samples",225,"temp_06","zero_shot","unstructured","answer_first","number_list","test_set_1",0.45,0.55,0.43,4,10,99,45,0.47,51,43,0.36,0.43,0.54,0.6,0.5,0.38,0.25,46,2,8
"llama3","seed_206","trained","all_domains_all_samples",225,"temp_06","zero_shot","unstructured","answer_first","number_list","test_set_2",0.52,0.48,0.51,0,3,100,52,0.52,48,51,0.36,0.33,0.57,0.6,0.6,0.57,0.54,46,1,2
"llama3","seed_206","trained","all_domains_all_samples",225,"greedy","zero_shot","structured","answer_first","number_list","test_set_2",0.58,0.42,0.56,0,5,100,58,0.58,42,56,0.36,0.47,0.86,0.47,0.47,0.79,0.54,39,2,3
"llama3","seed_206","trained","all_domains_all_samples",225,"temp_06","few_shot","structured","answer_first","number_list","test_set_1",0.53,0.47,0.51,0,3,99,52,0.52,48,50,0.5,0.5,0.62,0.67,0.43,0.38,0.44,46,2,1
"llama2","seed_989","trained","all_domains_all_samples",225,"temp_025","zero_shot","structured","answer_first","number_list","test_set_1",0.38,0.62,0.37,0,7,99,38,0.38,62,37,0.29,0.29,0.38,0.27,0.57,0.62,0.25,55,1,6
"llama2","seed_206","trained","all_domains_all_samples",225,"temp_06","few_shot","structured","answer_first","number_list","test_set_1",0.4,0.6,0.37,0,9,99,40,0.4,60,37,0.14,0.43,0.38,0.27,0.5,0.46,0.44,53,3,6
"llama2","seed_206","trained","all_domains_all_samples",225,"greedy","zero_shot","structured","fact_first","number_list","test_set_1",0.37,0.63,0.36,0,6,99,37,0.37,63,36,0.36,0.29,0.31,0.47,0.36,0.46,0.31,57,1,5
"llama2","seed_206","trained","all_domains_all_samples",225,"greedy","zero_shot","unstructured","answer_first","number_list","test_set_2",0.47,0.53,0.44,0,6,100,47,0.47,53,44,0.36,0.47,0.5,0.33,0.47,0.57,0.38,50,3,3
"llama3","seed_989","trained","all_domains_all_samples",225,"greedy","zero_shot","unstructured","answer_first","number_list","test_set_2",0.52,0.48,0.51,0,3,100,52,0.52,48,51,0.36,0.33,0.57,0.53,0.6,0.57,0.62,46,1,2
"llama3","seed_206","trained","all_domains_all_samples",225,"temp_025","zero_shot","structured","answer_first","number_list","test_set_2",0.57,0.43,0.55,0,5,100,57,0.57,43,55,0.36,0.47,0.79,0.47,0.47,0.79,0.54,40,2,3
"llama3","seed_989","trained","all_domains_all_samples",225,"greedy","few_shot","structured","answer_first","number_list","test_set_1",0.52,0.48,0.49,0,3,99,51,0.51,49,49,0.5,0.43,0.54,0.67,0.5,0.38,0.44,47,2,1
"llama2","seed_989","trained","all_domains_all_samples",225,"temp_06","zero_shot","structured","answer_first","number_list","test_set_1",0.41,0.59,0.4,0,7,99,41,0.41,59,40,0.29,0.36,0.46,0.27,0.57,0.62,0.31,52,1,6
"llama2","seed_206","trained","all_domains_all_samples",225,"temp_025","zero_shot","structured","fact_first","number_list","test_set_1",0.44,0.56,0.43,0,6,99,44,0.44,56,43,0.5,0.43,0.38,0.4,0.5,0.54,0.31,50,1,5
"llama3","seed_989","trained","all_domains_all_samples",225,"temp_025","zero_shot","unstructured","answer_first","number_list","test_set_2",0.54,0.46,0.53,0,3,100,54,0.54,46,53,0.43,0.33,0.57,0.6,0.6,0.57,0.62,44,1,2
"llama3","seed_206","trained","all_domains_all_samples",225,"greedy","zero_shot","unstructured","fact_first","number_list","test_set_1",0.52,0.48,0.52,1,2,99,51,0.52,48,51,0.57,0.29,0.85,0.53,0.57,0.54,0.31,46,0,2
"llama2","seed_206","trained","all_domains_all_samples",225,"greedy","few_shot","unstructured","answer_first","number_list","test_set_1",0.45,0.55,0.42,0,5,99,45,0.45,55,42,0.71,0.5,0.54,0.2,0.36,0.38,0.31,52,3,2
"llama2","seed_206","trained","all_domains_all_samples",225,"temp_025","zero_shot","unstructured","answer_first","number_list","test_set_2",0.47,0.53,0.44,0,6,100,47,0.47,53,44,0.36,0.47,0.5,0.33,0.53,0.5,0.38,50,3,3
"llama3","seed_206","trained","all_domains_all_samples",225,"temp_06","zero_shot","structured","answer_first","number_list","test_set_2",0.58,0.42,0.56,0,5,100,58,0.58,42,56,0.36,0.47,0.86,0.47,0.47,0.79,0.54,39,2,3
"llama3","seed_989","trained","all_domains_all_samples",225,"temp_025","few_shot","structured","answer_first","number_list","test_set_1",0.51,0.49,0.48,0,3,99,50,0.5,50,48,0.5,0.43,0.54,0.67,0.5,0.38,0.38,48,2,1
"llama2","seed_989","trained","all_domains_all_samples",225,"greedy","few_shot","structured","answer_first","number_list","test_set_1",0.43,0.57,0.4,0,9,99,43,0.43,57,40,0.29,0.43,0.38,0.27,0.5,0.54,0.44,50,3,6
"llama2","seed_206","trained","all_domains_all_samples",225,"greedy","zero_shot","structured","answer_first","number_list","test_set_2",0.44,0.56,0.41,0,6,100,44,0.44,56,41,0.5,0.33,0.64,0.4,0.33,0.36,0.31,53,3,3
"llama3","seed_206","trained","all_domains_all_samples",225,"greedy","few_shot","unstructured","answer_first","number_list","test_set_1",0.47,0.53,0.45,0,4,99,47,0.47,53,45,0.57,0.29,0.54,0.53,0.5,0.31,0.44,50,2,2
"llama3","seed_206","trained","all_domains_all_samples",225,"temp_025","zero_shot","unstructured","fact_first","number_list","test_set_1",0.51,0.49,0.51,3,2,99,50,0.52,47,50,0.57,0.21,0.69,0.53,0.57,0.54,0.44,47,0,2
"llama3","seed_989","trained","all_domains_all_samples",225,"temp_06","zero_shot","unstructured","answer_first","number_list","test_set_2",0.52,0.48,0.51,0,3,100,52,0.52,48,51,0.36,0.33,0.57,0.53,0.6,0.57,0.62,46,1,2
"llama2","seed_206","trained","all_domains_all_samples",225,"temp_06","zero_shot","structured","fact_first","number_list","test_set_1",0.36,0.64,0.35,1,5,99,36,0.36,63,35,0.36,0.36,0.38,0.47,0.36,0.38,0.19,59,1,4
"llama3","seed_989","trained","all_domains_all_samples",225,"greedy","zero_shot","structured","answer_first","number_list","test_set_2",0.58,0.42,0.56,0,5,100,58,0.58,42,56,0.36,0.47,0.86,0.47,0.47,0.79,0.54,39,2,3
"llama2","seed_206","trained","all_domains_all_samples",225,"greedy","zero_shot","unstructured","fact_first","number_list","test_set_1",0.3,0.7,0.3,7,5,99,30,0.32,63,30,0.14,0.5,0.15,0.33,0.57,0.31,0.13,64,0,5
"llama3","seed_989","trained","all_domains_all_samples",225,"temp_06","few_shot","structured","answer_first","number_list","test_set_1",0.53,0.47,0.51,0,3,99,52,0.52,48,50,0.5,0.5,0.62,0.67,0.5,0.38,0.38,46,2,1
"llama2","seed_206","trained","all_domains_all_samples",225,"temp_025","few_shot","unstructured","answer_first","number_list","test_set_1",0.46,0.54,0.43,0,5,99,46,0.46,54,43,0.71,0.5,0.54,0.27,0.36,0.38,0.31,51,3,2
"llama3","seed_206","trained","all_domains_all_samples",225,"temp_06","zero_shot","unstructured","fact_first","number_list","test_set_1",0.46,0.54,0.46,3,2,99,46,0.47,51,46,0.43,0.36,0.69,0.6,0.43,0.54,0.25,51,0,2
"llama3","seed_206","trained","all_domains_all_samples",225,"temp_025","few_shot","unstructured","answer_first","number_list","test_set_1",0.47,0.53,0.45,0,3,99,47,0.47,53,45,0.57,0.29,0.54,0.53,0.5,0.31,0.44,51,2,1
"llama2","seed_206","trained","all_domains_all_samples",225,"temp_06","zero_shot","unstructured","answer_first","number_list","test_set_2",0.44,0.56,0.43,0,4,100,44,0.44,56,43,0.36,0.47,0.5,0.4,0.47,0.43,0.38,53,1,3
"llama2","seed_206","trained","all_domains_all_samples",225,"temp_025","zero_shot","structured","answer_first","number_list","test_set_2",0.44,0.56,0.41,0,6,100,44,0.44,56,41,0.5,0.33,0.64,0.33,0.4,0.36,0.31,53,3,3
"llama2","seed_989","trained","all_domains_all_samples",225,"greedy","zero_shot","structured","fact_first","number_list","test_set_1",0.37,0.63,0.36,0,6,99,37,0.37,63,36,0.36,0.29,0.31,0.47,0.36,0.46,0.31,57,1,5
"llama3","seed_989","trained","all_domains_all_samples",225,"temp_025","zero_shot","structured","answer_first","number_list","test_set_2",0.58,0.42,0.56,0,5,100,58,0.58,42,56,0.36,0.47,0.86,0.47,0.47,0.79,0.54,39,2,3
"llama3","seed_989","trained","all_domains_all_samples",225,"greedy","zero_shot","unstructured","fact_first","number_list","test_set_1",0.52,0.48,0.52,1,2,99,51,0.52,48,51,0.57,0.29,0.85,0.53,0.57,0.54,0.31,46,0,2
"llama3","seed_206","trained","all_domains_all_samples",225,"greedy","few_shot","structured","answer_first","number_list","test_set_2",0.58,0.42,0.56,0,7,100,58,0.58,42,56,0.43,0.4,0.79,0.53,0.47,0.64,0.69,37,2,5
"llama3","seed_206","trained","all_domains_all_samples",225,"temp_06","few_shot","unstructured","answer_first","number_list","test_set_1",0.47,0.53,0.45,0,4,99,47,0.47,53,45,0.57,0.36,0.46,0.53,0.5,0.31,0.44,50,2,2
"llama2","seed_206","trained","all_domains_all_samples",225,"greedy","few_shot","unstructured","fact_first","number_list","test_set_1",0.33,0.67,0.31,3,5,99,33,0.34,64,31,0.14,0.29,0.46,0.27,0.43,0.38,0.25,63,2,3
"llama2","seed_206","trained","all_domains_all_samples",225,"temp_025","zero_shot","unstructured","fact_first","number_list","test_set_1",0.31,0.69,0.31,7,5,99,31,0.33,62,31,0.21,0.5,0.23,0.33,0.5,0.31,0.13,63,0,5
"llama2","seed_989","trained","all_domains_all_samples",225,"greedy","zero_shot","unstructured","answer_first","number_list","test_set_2",0.47,0.53,0.44,0,6,100,47,0.47,53,44,0.36,0.47,0.5,0.33,0.47,0.57,0.38,50,3,3
"llama2","seed_989","trained","all_domains_all_samples",225,"temp_025","few_shot","structured","answer_first","number_list","test_set_1",0.42,0.58,0.39,0,9,99,42,0.42,58,39,0.29,0.43,0.38,0.27,0.5,0.46,0.44,51,3,6
"llama2","seed_206","trained","all_domains_all_samples",225,"greedy","few_shot","structured","fact_first","number_list","test_set_1",0.3,0.7,0.28,0,8,99,30,0.3,70,28,0.14,0.43,0.15,0.2,0.36,0.31,0.38,63,2,6
"llama3","seed_206","trained","all_domains_all_samples",225,"greedy","zero_shot","structured","fact_first","number_list","test_set_1",0.54,0.46,0.53,0,4,99,53,0.53,47,52,0.5,0.5,0.77,0.67,0.64,0.38,0.25,43,1,3
"llama2","seed_206","trained","all_domains_all_samples",225,"temp_06","zero_shot","structured","answer_first","number_list","test_set_2",0.44,0.56,0.41,0,5,100,44,0.44,56,41,0.5,0.33,0.64,0.4,0.4,0.36,0.23,54,3,2
"llama3","seed_989","trained","all_domains_all_samples",225,"temp_06","zero_shot","structured","answer_first","number_list","test_set_2",0.58,0.42,0.56,0,5,100,58,0.58,42,56,0.43,0.47,0.79,0.47,0.47,0.79,0.54,39,2,3
"llama2","seed_206","trained","all_domains_all_samples",225,"temp_06","few_shot","unstructured","answer_first","number_list","test_set_1",0.44,0.56,0.4,0,6,99,44,0.44,56,40,0.64,0.57,0.38,0.27,0.36,0.38,0.25,53,4,2
"llama3","seed_989","trained","all_domains_all_samples",225,"temp_025","zero_shot","unstructured","fact_first","number_list","test_set_1",0.44,0.56,0.44,1,2,99,44,0.44,55,44,0.5,0.21,0.54,0.6,0.5,0.54,0.25,53,0,2
"llama3","seed_989","trained","all_domains_all_samples",225,"greedy","few_shot","unstructured","answer_first","number_list","test_set_1",0.47,0.53,0.45,0,4,99,47,0.47,53,45,0.57,0.29,0.54,0.53,0.5,0.31,0.44,50,2,2
"llama2","seed_989","trained","all_domains_all_samples",225,"temp_025","zero_shot","structured","fact_first","number_list","test_set_1",0.36,0.64,0.35,0,6,99,36,0.36,64,35,0.36,0.36,0.31,0.4,0.29,0.54,0.25,58,1,5
"llama3","seed_206","trained","all_domains_all_samples",225,"temp_025","few_shot","structured","answer_first","number_list","test_set_2",0.6,0.4,0.58,0,7,100,60,0.6,40,58,0.5,0.4,0.79,0.53,0.47,0.71,0.69,35,2,5
"llama3","seed_206","trained","all_domains_all_samples",225,"greedy","few_shot","unstructured","fact_first","number_list","test_set_1",0.53,0.47,0.51,0,3,99,52,0.52,48,50,0.57,0.43,0.38,0.4,0.79,0.46,0.5,46,2,1
"llama3","seed_989","trained","all_domains_all_samples",225,"temp_06","zero_shot","unstructured","fact_first","number_list","test_set_1",0.47,0.53,0.47,1,3,99,47,0.47,52,47,0.57,0.21,0.77,0.53,0.5,0.54,0.25,49,0,3
"llama2","seed_206","trained","all_domains_all_samples",225,"temp_06","zero_shot","unstructured","fact_first","number_list","test_set_1",0.31,0.69,0.31,6,3,99,31,0.33,63,31,0.21,0.43,0.31,0.27,0.5,0.31,0.19,65,0,3
"llama3","seed_206","trained","all_domains_all_samples",225,"temp_025","zero_shot","structured","fact_first","number_list","test_set_1",0.52,0.48,0.51,0,4,99,51,0.51,49,50,0.57,0.5,0.85,0.53,0.57,0.38,0.19,45,1,3
"llama2","seed_989","trained","all_domains_all_samples",225,"greedy","zero_shot","structured","answer_first","number_list","test_set_2",0.44,0.56,0.41,0,6,100,44,0.44,56,41,0.5,0.33,0.64,0.4,0.33,0.36,0.31,53,3,3
"llama3","seed_989","trained","all_domains_all_samples",225,"temp_025","few_shot","unstructured","answer_first","number_list","test_set_1",0.47,0.53,0.45,0,3,99,47,0.47,53,45,0.57,0.36,0.46,0.53,0.5,0.31,0.44,51,2,1
"llama2","seed_989","trained","all_domains_all_samples",225,"temp_025","zero_shot","unstructured","answer_first","number_list","test_set_2",0.47,0.53,0.45,0,4,100,47,0.47,53,45,0.36,0.53,0.5,0.4,0.4,0.57,0.38,51,2,2
"llama2","seed_206","trained","all_domains_all_samples",225,"temp_025","few_shot","unstructured","fact_first","number_list","test_set_1",0.37,0.63,0.35,4,5,99,37,0.39,59,35,0.21,0.43,0.54,0.33,0.5,0.38,0.13,59,2,3
"llama3","seed_206","trained","all_domains_all_samples",225,"temp_06","few_shot","structured","answer_first","number_list","test_set_2",0.59,0.41,0.57,0,7,100,59,0.59,41,57,0.43,0.33,0.79,0.53,0.53,0.71,0.69,36,2,5
"llama2","seed_989","trained","all_domains_all_samples",225,"temp_06","zero_shot","structured","fact_first","number_list","test_set_1",0.41,0.59,0.4,0,7,99,41,0.41,59,40,0.57,0.29,0.38,0.33,0.57,0.46,0.25,52,1,6
"llama3","seed_206","trained","all_domains_all_samples",225,"temp_025","few_shot","unstructured","fact_first","number_list","test_set_1",0.48,0.52,0.46,0,4,99,48,0.48,52,46,0.57,0.36,0.38,0.47,0.64,0.46,0.38,49,2,2
"llama2","seed_989","trained","all_domains_all_samples",225,"greedy","few_shot","unstructured","answer_first","number_list","test_set_1",0.45,0.55,0.42,0,5,99,45,0.45,55,42,0.71,0.5,0.54,0.2,0.36,0.38,0.31,52,3,2
"llama3","seed_206","trained","all_domains_all_samples",225,"greedy","zero_shot","unstructured","fact_first","number_list","test_set_2",0.55,0.45,0.53,2,3,100,55,0.56,43,53,0.5,0.4,0.43,0.6,0.53,0.64,0.62,44,2,1
"llama2","seed_206","trained","all_domains_all_samples",225,"temp_025","few_shot","structured","fact_first","number_list","test_set_1",0.34,0.66,0.31,0,8,99,34,0.34,66,31,0.14,0.36,0.46,0.13,0.36,0.31,0.44,60,3,5
"llama2","seed_989","trained","all_domains_all_samples",225,"temp_06","few_shot","structured","answer_first","number_list","test_set_1",0.42,0.58,0.39,0,9,99,42,0.42,58,39,0.29,0.43,0.38,0.27,0.5,0.46,0.44,51,3,6
"llama3","seed_989","trained","all_domains_all_samples",225,"temp_06","few_shot","unstructured","answer_first","number_list","test_set_1",0.44,0.56,0.42,0,4,99,44,0.44,56,42,0.5,0.29,0.46,0.53,0.5,0.23,0.44,53,2,2
"llama3","seed_206","trained","all_domains_all_samples",225,"temp_06","zero_shot","structured","fact_first","number_list","test_set_1",0.57,0.43,0.56,0,4,99,56,0.56,44,55,0.5,0.71,0.85,0.73,0.43,0.38,0.31,40,1,3
"llama2","seed_989","trained","all_domains_all_samples",225,"greedy","zero_shot","unstructured","fact_first","number_list","test_set_1",0.3,0.7,0.3,7,5,99,30,0.32,63,30,0.14,0.5,0.15,0.33,0.57,0.31,0.13,64,0,5
"llama2","seed_989","trained","all_domains_all_samples",225,"temp_025","zero_shot","structured","answer_first","number_list","test_set_2",0.45,0.55,0.42,0,6,100,45,0.45,55,42,0.5,0.33,0.64,0.4,0.4,0.36,0.31,52,3,3
"llama3","seed_206","trained","all_domains_all_samples",225,"temp_06","few_shot","unstructured","fact_first","number_list","test_set_1",0.52,0.48,0.49,1,3,99,51,0.52,48,49,0.5,0.5,0.38,0.4,0.71,0.46,0.5,47,2,1
"llama3","seed_989","trained","all_domains_all_samples",225,"greedy","few_shot","structured","answer_first","number_list","test_set_2",0.58,0.42,0.56,0,7,100,58,0.58,42,56,0.43,0.4,0.79,0.53,0.47,0.64,0.69,37,2,5
"llama2","seed_206","trained","all_domains_all_samples",225,"greedy","zero_shot","structured","fact_first","number_list","test_set_2",0.43,0.57,0.39,0,7,100,43,0.43,57,39,0.29,0.87,0.36,0.27,0.4,0.36,0.15,54,4,3
"llama2","seed_989","trained","all_domains_all_samples",225,"temp_06","zero_shot","unstructured","answer_first","number_list","test_set_2",0.48,0.52,0.45,0,5,100,48,0.48,52,45,0.5,0.47,0.5,0.4,0.47,0.43,0.38,50,3,2
"llama3","seed_206","trained","all_domains_all_samples",225,"temp_025","zero_shot","unstructured","fact_first","number_list","test_set_2",0.57,0.43,0.55,2,3,100,57,0.58,41,55,0.5,0.33,0.5,0.6,0.6,0.79,0.54,42,2,1
"llama2","seed_206","trained","all_domains_all_samples",225,"temp_06","few_shot","unstructured","fact_first","number_list","test_set_1",0.39,0.61,0.35,1,5,99,39,0.39,60,35,0.14,0.36,0.54,0.33,0.43,0.46,0.25,59,4,1
"llama3","seed_206","trained","all_domains_all_samples",225,"greedy","zero_shot","unstructured","answer_first","markdown","test_set_1",0.49,0.51,0.45,0,8,99,49,0.49,51,45,0.57,0.29,0.54,0.47,0.5,0.46,0.38,46,4,4
"llama3","seed_206","trained","all_domains_all_samples",225,"greedy","zero_shot","structured","answer_first","markdown","test_set_1",0.52,0.48,0.36,0,29,99,51,0.51,49,36,0.43,0.43,0.38,0.47,0.29,0.38,0.19,34,15,14
"llama3","seed_206","trained","all_domains_all_samples",225,"greedy","few_shot","unstructured","answer_first","number_list","test_set_2",0.55,0.45,0.54,0,3,100,55,0.55,45,54,0.29,0.47,0.57,0.6,0.53,0.79,0.54,43,1,2
"llama3","seed_989","trained","all_domains_all_samples",225,"greedy","zero_shot","structured","fact_first","number_list","test_set_1",0.54,0.46,0.53,0,4,99,53,0.53,47,52,0.5,0.5,0.77,0.67,0.64,0.38,0.25,43,1,3
"llama2","seed_206","trained","all_domains_all_samples",225,"greedy","zero_shot","unstructured","answer_first","markdown","test_set_1",0.44,0.56,0.4,0,8,99,44,0.44,56,40,0.29,0.5,0.54,0.33,0.43,0.46,0.31,51,4,4
"llama3","seed_989","trained","all_domains_all_samples",225,"greedy","few_shot","unstructured","fact_first","number_list","test_set_1",0.53,0.47,0.51,0,3,99,52,0.52,48,50,0.57,0.43,0.38,0.4,0.79,0.46,0.5,46,2,1
"llama2","seed_989","trained","all_domains_all_samples",225,"temp_025","few_shot","unstructured","answer_first","number_list","test_set_1",0.46,0.54,0.43,0,6,99,46,0.46,54,43,0.71,0.5,0.54,0.27,0.36,0.38,0.31,50,3,3
"llama3","seed_989","trained","all_domains_all_samples",225,"temp_025","few_shot","structured","answer_first","number_list","test_set_2",0.59,0.41,0.57,0,7,100,59,0.59,41,57,0.43,0.4,0.79,0.53,0.53,0.64,0.69,36,2,5
"llama3","seed_206","trained","all_domains_all_samples",225,"greedy","few_shot","structured","fact_first","number_list","test_set_1",0.44,0.56,0.43,0,3,99,44,0.44,56,43,0.64,0.36,0.54,0.53,0.43,0.31,0.25,53,1,2
"llama2","seed_989","trained","all_domains_all_samples",225,"temp_06","zero_shot","structured","answer_first","number_list","test_set_2",0.46,0.54,0.43,0,5,100,46,0.46,54,43,0.5,0.33,0.64,0.4,0.4,0.36,0.38,52,3,2
"llama3","seed_206","trained","all_domains_all_samples",225,"temp_06","zero_shot","unstructured","fact_first","number_list","test_set_2",0.46,0.54,0.45,3,3,100,46,0.47,51,45,0.21,0.4,0.36,0.47,0.6,0.57,0.54,52,1,2
"llama2","seed_989","trained","all_domains_all_samples",225,"temp_025","zero_shot","unstructured","fact_first","number_list","test_set_1",0.33,0.67,0.33,12,5,99,33,0.38,55,33,0.29,0.5,0.38,0.33,0.36,0.38,0.13,61,0,5
"llama3","seed_206","trained","all_domains_all_samples",225,"temp_025","zero_shot","unstructured","answer_first","markdown","test_set_1",0.49,0.51,0.44,0,10,99,49,0.49,51,44,0.5,0.29,0.54,0.47,0.5,0.46,0.38,45,5,5
"llama3","seed_206","trained","all_domains_all_samples",225,"temp_025","zero_shot","structured","answer_first","markdown","test_set_1",0.51,0.49,0.33,0,33,99,50,0.5,50,33,0.43,0.36,0.31,0.47,0.29,0.38,0.13,33,17,16
"llama3","seed_206","trained","all_domains_all_samples",225,"temp_025","few_shot","unstructured","answer_first","number_list","test_set_2",0.55,0.45,0.54,0,3,100,55,0.55,45,54,0.29,0.47,0.57,0.6,0.53,0.79,0.54,43,1,2
"llama2","seed_206","trained","all_domains_all_samples",225,"temp_025","zero_shot","structured","fact_first","number_list","test_set_2",0.43,0.57,0.38,0,7,100,43,0.43,57,38,0.36,0.67,0.36,0.27,0.47,0.21,0.31,55,5,2
"llama2","seed_206","trained","all_domains_all_samples",225,"temp_06","few_shot","structured","fact_first","number_list","test_set_1",0.38,0.62,0.36,0,8,99,38,0.38,62,36,0.21,0.57,0.31,0.33,0.5,0.31,0.31,55,2,6
"llama2","seed_206","trained","all_domains_all_samples",225,"greedy","zero_shot","structured","answer_first","markdown","test_set_1",0.27,0.73,0.1,28,77,99,27,0.38,45,10,0.07,0.14,0.08,0.13,0.14,0.15,0,12,17,60
"llama3","seed_989","trained","all_domains_all_samples",225,"temp_025","zero_shot","structured","fact_first","number_list","test_set_1",0.52,0.48,0.52,0,4,99,51,0.51,49,51,0.57,0.5,0.85,0.53,0.5,0.38,0.31,44,0,4
"llama2","seed_206","trained","all_domains_all_samples",225,"greedy","few_shot","structured","answer_first","number_list","test_set_2",0.41,0.59,0.36,0,6,100,41,0.41,59,36,0.36,0.33,0.57,0.2,0.4,0.36,0.31,58,5,1
"llama3","seed_989","trained","all_domains_all_samples",225,"temp_025","few_shot","unstructured","fact_first","number_list","test_set_1",0.48,0.52,0.46,1,3,99,48,0.48,51,46,0.5,0.5,0.38,0.4,0.71,0.46,0.31,50,2,1
"llama2","seed_206","trained","all_domains_all_samples",225,"temp_025","zero_shot","unstructured","answer_first","markdown","test_set_1",0.43,0.57,0.38,0,9,99,43,0.43,57,38,0.29,0.5,0.54,0.27,0.43,0.38,0.31,52,5,4
"llama3","seed_989","trained","all_domains_all_samples",225,"greedy","zero_shot","unstructured","fact_first","number_list","test_set_2",0.55,0.45,0.53,2,3,100,55,0.56,43,53,0.5,0.4,0.43,0.6,0.53,0.64,0.62,44,2,1
"llama2","seed_989","trained","all_domains_all_samples",225,"greedy","few_shot","unstructured","fact_first","number_list","test_set_1",0.33,0.67,0.31,3,5,99,33,0.34,64,31,0.14,0.29,0.46,0.27,0.43,0.38,0.25,63,2,3
"llama3","seed_989","trained","all_domains_all_samples",225,"temp_06","few_shot","structured","answer_first","number_list","test_set_2",0.57,0.43,0.56,0,6,100,57,0.57,43,56,0.43,0.27,0.79,0.53,0.6,0.64,0.69,38,1,5
"llama3","seed_206","trained","all_domains_all_samples",225,"temp_025","few_shot","structured","fact_first","number_list","test_set_1",0.49,0.51,0.48,0,3,99,49,0.49,51,48,0.71,0.36,0.54,0.47,0.64,0.31,0.38,48,1,2
"llama3","seed_206","trained","all_domains_all_samples",225,"temp_06","zero_shot","unstructured","answer_first","markdown","test_set_1",0.51,0.49,0.46,0,8,99,50,0.5,50,46,0.57,0.36,0.62,0.4,0.43,0.54,0.38,45,4,4
"llama3","seed_206","trained","all_domains_all_samples",225,"temp_06","few_shot","unstructured","answer_first","number_list","test_set_2",0.54,0.46,0.51,0,5,100,54,0.54,46,51,0.29,0.4,0.5,0.53,0.47,0.79,0.62,44,3,2
"llama3","seed_206","trained","all_domains_all_samples",225,"temp_06","zero_shot","structured","answer_first","markdown","test_set_1",0.53,0.47,0.33,0,35,99,52,0.52,48,33,0.43,0.36,0.38,0.4,0.36,0.38,0.06,31,19,16
"llama3","seed_989","trained","all_domains_all_samples",225,"temp_06","zero_shot","structured","fact_first","number_list","test_set_1",0.52,0.48,0.52,0,4,99,51,0.51,49,51,0.5,0.71,0.69,0.6,0.5,0.31,0.31,44,0,4
"llama2","seed_989","trained","all_domains_all_samples",225,"temp_06","zero_shot","unstructured","fact_first","number_list","test_set_1",0.35,0.65,0.35,13,8,99,35,0.4,52,35,0.21,0.43,0.23,0.4,0.57,0.38,0.25,56,0,8
"llama2","seed_989","trained","all_domains_all_samples",225,"temp_06","few_shot","unstructured","answer_first","number_list","test_set_1",0.44,0.56,0.42,0,4,99,44,0.44,56,42,0.71,0.64,0.46,0.2,0.36,0.38,0.25,53,2,2
"llama2","seed_206","trained","all_domains_all_samples",225,"temp_06","zero_shot","structured","fact_first","number_list","test_set_2",0.35,0.65,0.33,0,8,100,35,0.35,65,33,0.36,0.33,0.29,0.33,0.4,0.21,0.38,59,2,6
"llama3","seed_989","trained","all_domains_all_samples",225,"temp_06","few_shot","unstructured","fact_first","number_list","test_set_1",0.47,0.53,0.45,0,4,99,47,0.47,53,45,0.5,0.29,0.38,0.47,0.71,0.38,0.44,50,2,2
"llama3","seed_989","trained","all_domains_all_samples",225,"temp_025","zero_shot","unstructured","fact_first","number_list","test_set_2",0.52,0.48,0.51,5,3,100,52,0.55,43,51,0.5,0.4,0.36,0.47,0.6,0.71,0.54,46,1,2
"llama2","seed_206","trained","all_domains_all_samples",225,"temp_025","zero_shot","structured","answer_first","markdown","test_set_1",0.27,0.73,0.09,29,77,99,27,0.38,44,9,0.07,0.07,0.08,0.13,0.14,0.15,0,13,18,59
"llama3","seed_989","trained","all_domains_all_samples",225,"greedy","few_shot","unstructured","answer_first","number_list","test_set_2",0.55,0.45,0.54,0,3,100,55,0.55,45,54,0.29,0.47,0.57,0.6,0.53,0.79,0.54,43,1,2
"llama3","seed_206","trained","all_domains_all_samples",225,"temp_06","few_shot","structured","fact_first","number_list","test_set_1",0.46,0.54,0.45,1,3,99,46,0.46,53,45,0.5,0.5,0.38,0.53,0.5,0.46,0.31,51,1,2
"llama2","seed_206","trained","all_domains_all_samples",225,"temp_06","zero_shot","unstructured","answer_first","markdown","test_set_1",0.46,0.54,0.43,0,7,99,46,0.46,54,43,0.36,0.5,0.54,0.4,0.43,0.46,0.38,49,3,4
"llama3","seed_989","trained","all_domains_all_samples",225,"greedy","zero_shot","unstructured","answer_first","markdown","test_set_1",0.49,0.51,0.45,0,8,99,49,0.49,51,45,0.57,0.29,0.54,0.47,0.5,0.46,0.38,46,4,4
"llama3","seed_989","trained","all_domains_all_samples",225,"greedy","zero_shot","structured","answer_first","markdown","test_set_1",0.52,0.48,0.36,0,29,99,51,0.51,49,36,0.43,0.43,0.38,0.47,0.29,0.38,0.19,34,15,14
"llama2","seed_989","trained","all_domains_all_samples",225,"greedy","few_shot","structured","fact_first","number_list","test_set_1",0.3,0.7,0.28,0,8,99,30,0.3,70,28,0.14,0.43,0.15,0.2,0.36,0.31,0.38,63,2,6
"llama3","seed_206","trained","all_domains_all_samples",225,"greedy","zero_shot","structured","fact_first","number_list","test_set_2",0.57,0.43,0.54,0,6,100,57,0.57,43,54,0.36,0.6,0.71,0.4,0.53,0.57,0.62,40,3,3
"llama2","seed_989","trained","all_domains_all_samples",225,"temp_025","few_shot","unstructured","fact_first","number_list","test_set_1",0.4,0.6,0.39,4,5,99,40,0.42,56,39,0.29,0.36,0.46,0.4,0.5,0.54,0.25,55,1,4
"llama3","seed_206","trained","all_domains_all_samples",225,"greedy","few_shot","unstructured","fact_first","number_list","test_set_2",0.47,0.53,0.44,0,4,100,47,0.47,53,44,0.5,0.27,0.57,0.47,0.47,0.5,0.31,52,3,1
"llama3","seed_989","trained","all_domains_all_samples",225,"temp_06","zero_shot","unstructured","fact_first","number_list","test_set_2",0.56,0.44,0.55,2,3,100,56,0.57,42,55,0.43,0.33,0.57,0.53,0.6,0.86,0.54,42,1,2
"llama2","seed_989","trained","all_domains_all_samples",225,"greedy","zero_shot","structured","fact_first","number_list","test_set_2",0.43,0.57,0.39,0,7,100,43,0.43,57,39,0.29,0.87,0.36,0.27,0.4,0.36,0.15,54,4,3
"llama2","seed_206","trained","all_domains_all_samples",225,"greedy","zero_shot","unstructured","fact_first","number_list","test_set_2",0.35,0.65,0.35,4,6,100,35,0.36,61,35,0.43,0.6,0.43,0.27,0.27,0.14,0.31,59,0,6
"llama2","seed_206","trained","all_domains_all_samples",225,"temp_025","few_shot","structured","answer_first","number_list","test_set_2",0.41,0.59,0.36,0,7,100,41,0.41,59,36,0.36,0.33,0.57,0.27,0.33,0.36,0.31,57,5,2
"llama2","seed_989","trained","all_domains_all_samples",225,"greedy","zero_shot","unstructured","answer_first","markdown","test_set_1",0.44,0.56,0.4,0,8,99,44,0.44,56,40,0.29,0.5,0.54,0.33,0.43,0.46,0.31,51,4,4
"llama3","seed_989","trained","all_domains_all_samples",225,"temp_025","few_shot","unstructured","answer_first","number_list","test_set_2",0.54,0.46,0.52,0,4,100,54,0.54,46,52,0.29,0.47,0.5,0.53,0.53,0.79,0.54,44,2,2
"llama3","seed_989","trained","all_domains_all_samples",225,"temp_025","zero_shot","unstructured","answer_first","markdown","test_set_1",0.51,0.49,0.46,0,9,99,50,0.5,50,46,0.57,0.29,0.54,0.47,0.5,0.46,0.44,44,4,5
"llama3","seed_989","trained","all_domains_all_samples",225,"temp_025","zero_shot","structured","answer_first","markdown","test_set_1",0.52,0.48,0.32,0,34,99,51,0.51,49,32,0.36,0.43,0.23,0.47,0.29,0.38,0.13,33,19,15
"llama3","seed_989","trained","all_domains_all_samples",225,"greedy","few_shot","structured","fact_first","number_list","test_set_1",0.44,0.56,0.43,0,3,99,44,0.44,56,43,0.64,0.36,0.54,0.53,0.43,0.31,0.25,53,1,2
"llama2","seed_206","trained","all_domains_all_samples",225,"greedy","few_shot","unstructured","answer_first","number_list","test_set_2",0.36,0.64,0.36,0,4,100,36,0.36,64,36,0.43,0.53,0.36,0.27,0.33,0.43,0.15,60,0,4
"llama3","seed_206","trained","all_domains_all_samples",225,"temp_025","zero_shot","structured","fact_first","number_list","test_set_2",0.58,0.42,0.54,0,6,100,58,0.58,42,54,0.36,0.6,0.57,0.47,0.47,0.57,0.77,40,4,2
"llama3","seed_206","trained","all_domains_all_samples",225,"temp_025","few_shot","unstructured","fact_first","number_list","test_set_2",0.52,0.48,0.49,0,4,100,52,0.52,48,49,0.43,0.4,0.71,0.53,0.53,0.5,0.31,47,3,1
"llama2","seed_206","trained","all_domains_all_samples",225,"temp_06","zero_shot","structured","answer_first","markdown","test_set_1",0.26,0.74,0.08,35,78,99,26,0.4,39,8,0,0.07,0.15,0.13,0.07,0.15,0,13,18,60
"llama3","seed_989","trained","all_domains_all_samples",225,"temp_06","few_shot","unstructured","answer_first","number_list","test_set_2",0.55,0.45,0.54,0,3,100,55,0.55,45,54,0.29,0.47,0.57,0.53,0.53,0.79,0.62,43,1,2
"llama2","seed_989","trained","all_domains_all_samples",225,"temp_025","zero_shot","structured","fact_first","number_list","test_set_2",0.38,0.62,0.34,0,7,100,38,0.38,62,34,0.43,0.73,0.21,0.33,0.4,0.14,0.08,59,4,3
"llama3","seed_989","trained","all_domains_all_samples",225,"temp_06","zero_shot","structured","answer_first","markdown","test_set_1",0.52,0.48,0.31,1,36,99,51,0.52,48,31,0.36,0.43,0.38,0.27,0.21,0.38,0.19,32,20,16
"llama3","seed_989","trained","all_domains_all_samples",225,"temp_06","zero_shot","unstructured","answer_first","markdown","test_set_1",0.51,0.49,0.43,0,12,99,50,0.5,50,43,0.57,0.29,0.54,0.47,0.36,0.46,0.38,44,7,5
"llama2","seed_989","trained","all_domains_all_samples",225,"temp_06","few_shot","unstructured","fact_first","number_list","test_set_1",0.37,0.63,0.36,3,5,99,37,0.38,60,36,0.29,0.43,0.54,0.27,0.43,0.46,0.19,58,1,4
"llama3","seed_989","trained","all_domains_all_samples",225,"temp_025","few_shot","structured","fact_first","number_list","test_set_1",0.45,0.55,0.44,0,3,99,45,0.45,55,44,0.57,0.36,0.62,0.53,0.5,0.38,0.19,52,1,2
"llama2","seed_206","trained","all_domains_all_samples",225,"temp_025","zero_shot","unstructured","fact_first","number_list","test_set_2",0.33,0.67,0.33,8,6,100,33,0.36,59,33,0.43,0.4,0.43,0.27,0.27,0.14,0.38,61,0,6
"llama2","seed_989","trained","all_domains_all_samples",225,"temp_025","zero_shot","unstructured","answer_first","markdown","test_set_1",0.42,0.58,0.37,0,9,99,42,0.42,58,37,0.21,0.43,0.46,0.33,0.43,0.38,0.38,53,5,4
"llama3","seed_206","trained","all_domains_all_samples",225,"temp_06","zero_shot","structured","fact_first","number_list","test_set_2",0.58,0.42,0.52,0,7,100,58,0.58,42,52,0.43,0.67,0.43,0.4,0.47,0.5,0.77,41,6,1
"llama2","seed_989","trained","all_domains_all_samples",225,"temp_025","few_shot","structured","fact_first","number_list","test_set_1",0.34,0.66,0.32,1,8,99,34,0.34,65,32,0.29,0.5,0.38,0.13,0.43,0.23,0.31,59,2,6
"llama3","seed_206","trained","all_domains_all_samples",225,"temp_06","few_shot","unstructured","fact_first","number_list","test_set_2",0.53,0.47,0.51,2,3,100,53,0.54,45,51,0.57,0.4,0.64,0.47,0.53,0.64,0.31,46,2,1
"llama2","seed_989","trained","all_domains_all_samples",225,"greedy","zero_shot","structured","answer_first","markdown","test_set_1",0.27,0.73,0.1,28,77,99,27,0.38,45,10,0.07,0.14,0.08,0.13,0.14,0.15,0,12,17,60
"llama2","seed_206","trained","all_domains_all_samples",225,"temp_025","few_shot","unstructured","answer_first","number_list","test_set_2",0.39,0.61,0.39,0,4,100,39,0.39,61,39,0.5,0.53,0.5,0.27,0.33,0.43,0.15,57,0,4
"llama3","seed_206","trained","all_domains_all_samples",225,"greedy","zero_shot","structured","answer_first","markdown","test_set_2",0.52,0.48,0.4,0,25,100,52,0.52,48,40,0.36,0.33,0.57,0.27,0.13,0.64,0.54,35,12,13
"llama3","seed_206","trained","all_domains_all_samples",225,"greedy","zero_shot","unstructured","answer_first","markdown","test_set_2",0.59,0.41,0.55,0,6,100,59,0.59,41,55,0.43,0.47,0.64,0.47,0.6,0.64,0.62,39,4,2
"llama2","seed_206","trained","all_domains_all_samples",225,"temp_06","few_shot","structured","answer_first","number_list","test_set_2",0.42,0.58,0.37,0,7,100,42,0.42,58,37,0.36,0.33,0.57,0.27,0.4,0.36,0.31,56,5,2
"llama2","seed_989","trained","all_domains_all_samples",225,"temp_06","zero_shot","structured","fact_first","number_list","test_set_2",0.41,0.59,0.36,0,8,100,41,0.41,59,36,0.43,0.47,0.5,0.2,0.47,0.21,0.23,56,5,3
"llama3","seed_989","trained","all_domains_all_samples",225,"temp_06","few_shot","structured","fact_first","number_list","test_set_1",0.56,0.44,0.55,0,3,99,55,0.55,45,54,0.64,0.57,0.69,0.67,0.57,0.38,0.31,42,1,2
"llama3","seed_989","trained","all_domains_all_samples",225,"greedy","zero_shot","structured","fact_first","number_list","test_set_2",0.57,0.43,0.54,0,6,100,57,0.57,43,54,0.36,0.6,0.71,0.4,0.53,0.57,0.62,40,3,3
"llama3","seed_989","trained","all_domains_all_samples",225,"greedy","few_shot","unstructured","fact_first","number_list","test_set_2",0.47,0.53,0.44,0,4,100,47,0.47,53,44,0.5,0.27,0.57,0.47,0.47,0.5,0.31,52,3,1
"llama2","seed_989","trained","all_domains_all_samples",225,"temp_06","zero_shot","unstructured","answer_first","markdown","test_set_1",0.41,0.59,0.35,0,12,99,41,0.41,59,35,0.21,0.43,0.46,0.2,0.43,0.46,0.31,52,6,6
"llama2","seed_206","trained","all_domains_all_samples",225,"temp_06","zero_shot","unstructured","fact_first","number_list","test_set_2",0.34,0.66,0.32,7,4,100,34,0.37,59,32,0.36,0.53,0.43,0.33,0.2,0.14,0.23,64,2,2
"llama2","seed_206","trained","all_domains_all_samples",225,"greedy","few_shot","unstructured","fact_first","number_list","test_set_2",0.37,0.63,0.35,6,5,100,37,0.39,57,35,0.43,0.47,0.36,0.27,0.27,0.36,0.31,60,2,3
"llama2","seed_206","trained","all_domains_all_samples",225,"greedy","few_shot","structured","answer_first","markdown","test_set_1",0.41,0.59,0.4,1,6,99,41,0.41,58,40,0.29,0.5,0.46,0.4,0.57,0.38,0.25,53,1,5
"llama3","seed_206","trained","all_domains_all_samples",225,"temp_025","zero_shot","structured","answer_first","markdown","test_set_2",0.52,0.48,0.36,1,30,100,52,0.53,47,36,0.29,0.33,0.43,0.27,0.13,0.64,0.46,34,16,14
"llama3","seed_206","trained","all_domains_all_samples",225,"temp_025","zero_shot","unstructured","answer_first","markdown","test_set_2",0.6,0.4,0.56,0,6,100,60,0.6,40,56,0.43,0.53,0.64,0.47,0.6,0.64,0.62,38,4,2
"llama2","seed_206","trained","all_domains_all_samples",225,"greedy","few_shot","unstructured","answer_first","markdown","test_set_1",0.46,0.54,0.15,0,73,99,46,0.46,54,15,0,0.14,0.31,0.2,0.07,0.15,0.19,11,31,42
"llama3","seed_206","trained","all_domains_all_samples",225,"greedy","few_shot","unstructured","answer_first","markdown","test_set_1",0.48,0.52,0.47,0,2,99,48,0.48,52,47,0.5,0.21,0.62,0.47,0.57,0.62,0.38,50,1,1
"llama3","seed_989","trained","all_domains_all_samples",225,"temp_025","zero_shot","structured","fact_first","number_list","test_set_2",0.6,0.4,0.56,1,6,100,60,0.61,39,56,0.57,0.67,0.64,0.33,0.6,0.64,0.46,38,4,2
"llama3","seed_989","trained","all_domains_all_samples",225,"temp_025","few_shot","unstructured","fact_first","number_list","test_set_2",0.48,0.52,0.45,3,4,100,48,0.49,49,45,0.43,0.27,0.64,0.47,0.47,0.57,0.31,51,3,1
"llama3","seed_206","trained","all_domains_all_samples",225,"greedy","few_shot","structured","fact_first","number_list","test_set_2",0.57,0.43,0.55,0,4,100,57,0.57,43,55,0.5,0.53,0.71,0.4,0.4,0.64,0.69,41,2,2
"llama2","seed_989","trained","all_domains_all_samples",225,"temp_06","few_shot","structured","fact_first","number_list","test_set_1",0.31,0.69,0.29,0,8,99,31,0.31,69,29,0.29,0.36,0.38,0.27,0.21,0.31,0.25,62,2,6
"llama2","seed_206","trained","all_domains_all_samples",225,"greedy","zero_shot","unstructured","answer_first","markdown","test_set_2",0.43,0.57,0.38,0,9,100,43,0.43,57,38,0.36,0.33,0.57,0.27,0.53,0.36,0.23,53,5,4
"llama2","seed_989","trained","all_domains_all_samples",225,"temp_025","zero_shot","structured","answer_first","markdown","test_set_1",0.3,0.7,0.11,27,76,99,30,0.41,43,11,0.07,0.14,0.08,0.13,0.14,0.23,0,12,19,57
"llama2","seed_206","trained","all_domains_all_samples",225,"temp_06","few_shot","unstructured","answer_first","number_list","test_set_2",0.36,0.64,0.36,0,4,100,36,0.36,64,36,0.43,0.6,0.36,0.27,0.27,0.43,0.15,60,0,4
"llama2","seed_989","trained","all_domains_all_samples",225,"greedy","zero_shot","unstructured","fact_first","number_list","test_set_2",0.35,0.65,0.35,4,6,100,35,0.36,61,35,0.43,0.6,0.43,0.27,0.27,0.14,0.31,59,0,6
"llama3","seed_206","trained","all_domains_all_samples",225,"temp_06","zero_shot","structured","answer_first","markdown","test_set_2",0.53,0.47,0.36,0,31,100,53,0.53,47,36,0.29,0.33,0.5,0.27,0.2,0.64,0.31,33,17,14
"llama3","seed_206","trained","all_domains_all_samples",225,"temp_06","zero_shot","unstructured","answer_first","markdown","test_set_2",0.57,0.43,0.49,0,11,100,57,0.57,43,49,0.29,0.47,0.64,0.33,0.53,0.57,0.62,40,8,3
"llama3","seed_206","trained","all_domains_all_samples",225,"temp_025","few_shot","unstructured","answer_first","markdown","test_set_1",0.48,0.52,0.47,0,2,99,48,0.48,52,47,0.5,0.21,0.62,0.47,0.57,0.62,0.38,50,1,1
"llama3","seed_989","trained","all_domains_all_samples",225,"temp_06","zero_shot","structured","fact_first","number_list","test_set_2",0.57,0.43,0.54,0,6,100,57,0.57,43,54,0.43,0.67,0.43,0.47,0.47,0.57,0.77,40,3,3
"llama3","seed_989","trained","all_domains_all_samples",225,"temp_06","few_shot","unstructured","fact_first","number_list","test_set_2",0.48,0.52,0.47,3,3,100,48,0.49,49,47,0.57,0.27,0.5,0.47,0.47,0.5,0.54,50,1,2
"llama2","seed_989","trained","all_domains_all_samples",225,"greedy","few_shot","structured","answer_first","number_list","test_set_2",0.41,0.59,0.36,0,6,100,41,0.41,59,36,0.36,0.33,0.57,0.2,0.4,0.36,0.31,58,5,1
"llama3","seed_206","trained","all_domains_all_samples",225,"temp_025","few_shot","structured","fact_first","number_list","test_set_2",0.57,0.43,0.55,0,4,100,57,0.57,43,55,0.57,0.6,0.71,0.33,0.6,0.5,0.54,41,2,2
"llama2","seed_206","trained","all_domains_all_samples",225,"temp_025","few_shot","unstructured","fact_first","number_list","test_set_2",0.38,0.62,0.35,4,5,100,38,0.4,58,35,0.43,0.4,0.43,0.27,0.33,0.21,0.38,60,3,2
"llama2","seed_206","trained","all_domains_all_samples",225,"temp_025","zero_shot","unstructured","answer_first","markdown","test_set_2",0.44,0.56,0.4,0,8,100,44,0.44,56,40,0.36,0.4,0.57,0.27,0.53,0.43,0.23,52,4,4
"llama2","seed_206","trained","all_domains_all_samples",225,"temp_025","few_shot","unstructured","answer_first","markdown","test_set_1",0.46,0.54,0.15,0,73,99,46,0.46,54,15,0,0.14,0.31,0.2,0.07,0.15,0.19,11,31,42
"llama2","seed_989","trained","all_domains_all_samples",225,"temp_06","zero_shot","structured","answer_first","markdown","test_set_1",0.3,0.7,0.09,33,81,99,30,0.45,37,9,0,0.14,0.08,0.2,0.07,0.15,0,9,21,60
"llama3","seed_989","trained","all_domains_all_samples",225,"greedy","zero_shot","structured","answer_first","markdown","test_set_2",0.52,0.48,0.4,0,25,100,52,0.52,48,40,0.36,0.33,0.57,0.27,0.13,0.64,0.54,35,12,13
"llama3","seed_206","trained","all_domains_all_samples",225,"temp_06","few_shot","unstructured","answer_first","markdown","test_set_1",0.49,0.51,0.48,0,2,99,49,0.49,51,48,0.57,0.21,0.62,0.47,0.57,0.62,0.38,49,1,1
"llama3","seed_989","trained","all_domains_all_samples",225,"greedy","zero_shot","unstructured","answer_first","markdown","test_set_2",0.59,0.41,0.55,0,6,100,59,0.59,41,55,0.43,0.47,0.64,0.47,0.6,0.64,0.62,39,4,2
"llama2","seed_206","trained","all_domains_all_samples",225,"temp_025","few_shot","structured","answer_first","markdown","test_set_1",0.41,0.59,0.4,1,7,99,41,0.41,58,40,0.21,0.5,0.46,0.4,0.57,0.38,0.31,52,1,6
"llama2","seed_989","trained","all_domains_all_samples",225,"temp_025","zero_shot","unstructured","fact_first","number_list","test_set_2",0.34,0.66,0.34,3,6,100,34,0.35,63,34,0.36,0.53,0.36,0.33,0.33,0.14,0.31,60,0,6
"llama2","seed_206","trained","all_domains_all_samples",225,"greedy","few_shot","structured","fact_first","number_list","test_set_2",0.31,0.69,0.28,0,7,100,31,0.31,69,28,0.29,0.47,0.21,0.4,0.33,0.07,0.15,65,3,4
"llama2","seed_989","trained","all_domains_all_samples",225,"greedy","few_shot","unstructured","answer_first","number_list","test_set_2",0.36,0.64,0.36,0,4,100,36,0.36,64,36,0.43,0.53,0.36,0.27,0.33,0.43,0.15,60,0,4
"llama3","seed_206","trained","all_domains_all_samples",225,"temp_06","few_shot","structured","fact_first","number_list","test_set_2",0.62,0.38,0.59,0,5,100,62,0.62,38,59,0.57,0.6,0.64,0.47,0.6,0.57,0.69,36,3,2
"llama3","seed_989","trained","all_domains_all_samples",225,"temp_025","zero_shot","structured","answer_first","markdown","test_set_2",0.54,0.46,0.37,0,31,100,54,0.54,46,37,0.43,0.33,0.5,0.27,0.13,0.57,0.38,32,17,14
"llama2","seed_206","trained","all_domains_all_samples",225,"temp_06","zero_shot","unstructured","answer_first","markdown","test_set_2",0.47,0.53,0.42,0,9,100,47,0.47,53,42,0.36,0.47,0.57,0.27,0.53,0.5,0.23,49,5,4
"llama2","seed_206","trained","all_domains_all_samples",225,"temp_06","few_shot","unstructured","fact_first","number_list","test_set_2",0.33,0.67,0.31,2,5,100,33,0.34,65,31,0.29,0.4,0.43,0.27,0.33,0.29,0.15,64,2,3
"llama3","seed_989","trained","all_domains_all_samples",225,"greedy","few_shot","unstructured","answer_first","markdown","test_set_1",0.48,0.52,0.47,0,2,99,48,0.48,52,47,0.5,0.21,0.62,0.47,0.57,0.62,0.38,50,1,1
"llama2","seed_206","trained","all_domains_all_samples",225,"greedy","zero_shot","structured","answer_first","markdown","test_set_2",0.26,0.74,0.08,28,78,100,26,0.36,46,8,0.07,0.13,0,0,0.2,0.07,0.08,14,18,60
"llama3","seed_989","trained","all_domains_all_samples",225,"temp_025","zero_shot","unstructured","answer_first","markdown","test_set_2",0.59,0.41,0.55,0,6,100,59,0.59,41,55,0.43,0.53,0.57,0.47,0.6,0.64,0.62,39,4,2
"llama3","seed_206","trained","all_domains_all_samples",225,"greedy","few_shot","structured","answer_first","markdown","test_set_1",0.48,0.52,0.45,0,5,99,48,0.48,52,45,0.43,0.36,0.46,0.53,0.57,0.46,0.38,49,3,2
"llama2","seed_206","trained","all_domains_all_samples",225,"temp_06","few_shot","unstructured","answer_first","markdown","test_set_1",0.47,0.53,0.16,0,71,99,47,0.47,53,16,0,0.07,0.23,0.2,0.14,0.31,0.19,12,31,40
"llama3","seed_989","trained","all_domains_all_samples",225,"greedy","few_shot","structured","fact_first","number_list","test_set_2",0.57,0.43,0.55,0,4,100,57,0.57,43,55,0.5,0.53,0.71,0.4,0.4,0.64,0.69,41,2,2
"llama2","seed_989","trained","all_domains_all_samples",225,"temp_025","few_shot","structured","answer_first","number_list","test_set_2",0.42,0.58,0.37,0,6,100,42,0.42,58,37,0.36,0.33,0.57,0.2,0.47,0.36,0.31,57,5,1
"llama2","seed_989","trained","all_domains_all_samples",225,"temp_06","zero_shot","unstructured","fact_first","number_list","test_set_2",0.3,0.7,0.3,6,6,100,30,0.32,64,30,0.43,0.47,0.43,0.13,0.2,0.14,0.31,64,0,6
"llama3","seed_989","trained","all_domains_all_samples",225,"temp_06","zero_shot","structured","answer_first","markdown","test_set_2",0.54,0.46,0.42,0,26,100,54,0.54,46,42,0.43,0.4,0.5,0.33,0.27,0.57,0.46,32,12,14
"llama2","seed_989","trained","all_domains_all_samples",225,"greedy","zero_shot","unstructured","answer_first","markdown","test_set_2",0.43,0.57,0.38,0,9,100,43,0.43,57,38,0.36,0.33,0.57,0.27,0.53,0.36,0.23,53,5,4
"llama3","seed_989","trained","all_domains_all_samples",225,"temp_025","few_shot","unstructured","answer_first","markdown","test_set_1",0.48,0.52,0.47,0,2,99,48,0.48,52,47,0.5,0.21,0.62,0.47,0.57,0.62,0.38,50,1,1
"llama3","seed_989","trained","all_domains_all_samples",225,"temp_06","zero_shot","unstructured","answer_first","markdown","test_set_2",0.55,0.45,0.49,0,9,100,55,0.55,45,49,0.36,0.4,0.5,0.33,0.6,0.64,0.62,42,6,3
"llama2","seed_989","trained","all_domains_all_samples",225,"temp_025","few_shot","unstructured","answer_first","number_list","test_set_2",0.38,0.62,0.38,0,4,100,38,0.38,62,38,0.43,0.6,0.43,0.27,0.33,0.43,0.15,58,0,4
"llama3","seed_206","trained","all_domains_all_samples",225,"temp_025","few_shot","structured","answer_first","markdown","test_set_1",0.51,0.49,0.47,0,5,99,50,0.5,50,47,0.43,0.43,0.54,0.53,0.57,0.46,0.38,47,3,2
"llama2","seed_206","trained","all_domains_all_samples",225,"temp_025","few_shot","structured","fact_first","number_list","test_set_2",0.28,0.72,0.23,0,7,100,28,0.28,72,23,0.36,0.27,0.29,0.27,0.27,0,0.15,70,5,2
"llama2","seed_206","trained","all_domains_all_samples",225,"temp_06","few_shot","structured","answer_first","markdown","test_set_1",0.43,0.57,0.43,1,7,99,43,0.43,56,43,0.29,0.5,0.46,0.4,0.57,0.54,0.31,49,0,7
"llama3","seed_989","trained","all_domains_all_samples",225,"temp_025","few_shot","structured","fact_first","number_list","test_set_2",0.58,0.42,0.55,0,5,100,58,0.58,42,55,0.71,0.4,0.79,0.4,0.47,0.5,0.62,40,3,2
"llama2","seed_989","trained","all_domains_all_samples",225,"greedy","few_shot","unstructured","fact_first","number_list","test_set_2",0.37,0.63,0.35,6,5,100,37,0.39,57,35,0.43,0.47,0.36,0.27,0.27,0.36,0.31,60,2,3
"llama2","seed_206","trained","all_domains_all_samples",225,"temp_025","zero_shot","structured","answer_first","markdown","test_set_2",0.27,0.73,0.08,30,77,100,27,0.39,43,8,0.14,0.2,0,0,0.13,0,0.08,15,19,58
"llama3","seed_989","trained","all_domains_all_samples",225,"temp_06","few_shot","unstructured","answer_first","markdown","test_set_1",0.47,0.53,0.46,0,2,99,47,0.47,53,46,0.5,0.29,0.62,0.47,0.57,0.54,0.31,51,1,1
"llama2","seed_989","trained","all_domains_all_samples",225,"greedy","few_shot","unstructured","answer_first","markdown","test_set_1",0.46,0.54,0.15,0,73,99,46,0.46,54,15,0,0.14,0.31,0.2,0.07,0.15,0.19,11,31,42
"llama2","seed_989","trained","all_domains_all_samples",225,"temp_025","zero_shot","unstructured","answer_first","markdown","test_set_2",0.43,0.57,0.39,0,9,100,43,0.43,57,39,0.36,0.4,0.57,0.27,0.47,0.43,0.23,52,4,5
"llama3","seed_206","trained","all_domains_all_samples",225,"temp_06","few_shot","structured","answer_first","markdown","test_set_1",0.48,0.52,0.45,0,5,99,48,0.48,52,45,0.43,0.36,0.54,0.53,0.5,0.46,0.38,49,3,2
"llama3","seed_989","trained","all_domains_all_samples",225,"temp_06","few_shot","structured","fact_first","number_list","test_set_2",0.56,0.44,0.56,0,4,100,56,0.56,44,56,0.71,0.53,0.71,0.47,0.4,0.57,0.54,40,0,4
"llama2","seed_989","trained","all_domains_all_samples",225,"temp_06","few_shot","unstructured","answer_first","number_list","test_set_2",0.38,0.62,0.37,0,4,100,38,0.38,62,37,0.5,0.53,0.5,0.27,0.2,0.43,0.15,59,1,3
"llama2","seed_989","trained","all_domains_all_samples",225,"temp_06","few_shot","structured","answer_first","number_list","test_set_2",0.41,0.59,0.36,0,7,100,41,0.41,59,36,0.43,0.33,0.5,0.2,0.4,0.36,0.31,57,5,2
"llama3","seed_206","trained","all_domains_all_samples",225,"greedy","few_shot","unstructured","answer_first","markdown","test_set_2",0.53,0.47,0.52,0,4,100,53,0.53,47,52,0.36,0.4,0.64,0.53,0.53,0.64,0.54,44,1,3
"llama2","seed_206","trained","all_domains_all_samples",225,"temp_06","zero_shot","structured","answer_first","markdown","test_set_2",0.3,0.7,0.14,30,70,100,30,0.43,40,14,0.21,0.13,0.14,0.07,0.27,0.14,0,16,16,54
"llama2","seed_989","trained","all_domains_all_samples",225,"temp_025","few_shot","unstructured","fact_first","number_list","test_set_2",0.37,0.63,0.35,5,5,100,37,0.39,58,35,0.36,0.47,0.36,0.33,0.33,0.21,0.38,60,2,3
"llama2","seed_206","trained","all_domains_all_samples",225,"temp_06","few_shot","structured","fact_first","number_list","test_set_2",0.3,0.7,0.26,0,7,100,30,0.3,70,26,0.29,0.33,0.36,0.2,0.2,0.14,0.31,67,4,3
"llama3","seed_989","trained","all_domains_all_samples",225,"greedy","few_shot","structured","answer_first","markdown","test_set_1",0.48,0.52,0.45,0,5,99,48,0.48,52,45,0.43,0.36,0.46,0.53,0.57,0.46,0.38,49,3,2
"llama2","seed_989","trained","all_domains_all_samples",225,"greedy","few_shot","structured","answer_first","markdown","test_set_1",0.41,0.59,0.4,1,6,99,41,0.41,58,40,0.29,0.5,0.46,0.4,0.57,0.38,0.25,53,1,5
"llama2","seed_989","trained","all_domains_all_samples",225,"temp_06","zero_shot","unstructured","answer_first","markdown","test_set_2",0.43,0.57,0.38,2,10,100,43,0.44,55,38,0.36,0.47,0.5,0.33,0.47,0.36,0.15,52,5,5
"llama2","seed_989","trained","all_domains_all_samples",225,"temp_025","few_shot","unstructured","answer_first","markdown","test_set_1",0.46,0.54,0.15,0,72,99,46,0.46,54,15,0,0.14,0.31,0.2,0.07,0.15,0.19,12,31,41
"llama3","seed_206","trained","all_domains_all_samples",225,"temp_025","few_shot","unstructured","answer_first","markdown","test_set_2",0.52,0.48,0.5,0,5,100,52,0.52,48,50,0.36,0.4,0.64,0.47,0.53,0.57,0.54,45,2,3
"llama2","seed_989","trained","all_domains_all_samples",225,"greedy","zero_shot","structured","answer_first","markdown","test_set_2",0.26,0.74,0.08,28,78,100,26,0.36,46,8,0.07,0.13,0,0,0.2,0.07,0.08,14,18,60
"llama3","seed_989","trained","all_domains_all_samples",225,"temp_025","few_shot","structured","answer_first","markdown","test_set_1",0.49,0.51,0.46,0,5,99,49,0.49,51,46,0.43,0.43,0.46,0.53,0.57,0.46,0.38,48,3,2
"llama2","seed_989","trained","all_domains_all_samples",225,"temp_06","few_shot","unstructured","fact_first","number_list","test_set_2",0.37,0.63,0.34,5,5,100,37,0.39,58,34,0.43,0.33,0.36,0.33,0.4,0.21,0.31,61,3,2
"llama3","seed_206","trained","all_domains_all_samples",225,"temp_06","few_shot","unstructured","answer_first","markdown","test_set_2",0.53,0.47,0.52,0,4,100,53,0.53,47,52,0.36,0.4,0.71,0.47,0.53,0.64,0.54,44,1,3
"llama2","seed_989","trained","all_domains_all_samples",225,"greedy","few_shot","structured","fact_first","number_list","test_set_2",0.31,0.69,0.28,0,7,100,31,0.31,69,28,0.29,0.47,0.21,0.4,0.33,0.07,0.15,65,3,4
"llama2","seed_989","trained","all_domains_all_samples",225,"temp_06","few_shot","unstructured","answer_first","markdown","test_set_1",0.46,0.54,0.16,0,72,99,46,0.46,54,16,0.07,0.07,0.31,0.2,0.07,0.15,0.25,11,30,42
"llama2","seed_989","trained","all_domains_all_samples",225,"temp_025","few_shot","structured","answer_first","markdown","test_set_1",0.43,0.57,0.43,1,6,99,43,0.43,56,43,0.29,0.57,0.46,0.4,0.57,0.46,0.31,50,0,6
"llama3","seed_989","trained","all_domains_all_samples",225,"greedy","few_shot","unstructured","answer_first","markdown","test_set_2",0.53,0.47,0.52,0,4,100,53,0.53,47,52,0.36,0.4,0.64,0.53,0.53,0.64,0.54,44,1,3
"llama3","seed_989","trained","all_domains_all_samples",225,"temp_06","few_shot","structured","answer_first","markdown","test_set_1",0.51,0.49,0.47,0,5,99,50,0.5,50,47,0.5,0.36,0.54,0.53,0.57,0.54,0.31,47,3,2
"llama2","seed_989","trained","all_domains_all_samples",225,"temp_025","zero_shot","structured","answer_first","markdown","test_set_2",0.23,0.77,0.08,31,74,100,23,0.33,46,8,0.07,0.2,0.07,0,0.13,0,0.08,18,15,59
"llama3","seed_989","trained","all_domains_all_samples",225,"temp_025","few_shot","unstructured","answer_first","markdown","test_set_2",0.54,0.46,0.53,0,4,100,54,0.54,46,53,0.36,0.4,0.64,0.53,0.53,0.71,0.54,43,1,3
"llama2","seed_206","trained","all_domains_all_samples",225,"greedy","few_shot","unstructured","answer_first","markdown","test_set_2",0.37,0.63,0.13,0,69,100,37,0.37,63,13,0.14,0.07,0.07,0.07,0.27,0.21,0.08,18,24,45
"llama3","seed_206","trained","all_domains_all_samples",225,"greedy","few_shot","structured","answer_first","markdown","test_set_2",0.51,0.49,0.48,0,8,100,51,0.51,49,48,0.36,0.33,0.57,0.4,0.4,0.57,0.77,44,3,5
"llama2","seed_989","trained","all_domains_all_samples",225,"temp_025","few_shot","structured","fact_first","number_list","test_set_2",0.29,0.71,0.26,1,7,100,29,0.29,70,26,0.43,0.2,0.36,0.33,0.27,0.07,0.15,67,3,4
"llama2","seed_989","trained","all_domains_all_samples",225,"temp_06","zero_shot","structured","answer_first","markdown","test_set_2",0.24,0.76,0.07,33,81,100,24,0.36,43,7,0.14,0.2,0,0,0.13,0,0,12,17,64
"llama3","seed_989","trained","all_domains_all_samples",225,"temp_06","few_shot","unstructured","answer_first","markdown","test_set_2",0.55,0.45,0.54,0,4,100,55,0.55,45,54,0.36,0.47,0.64,0.53,0.53,0.71,0.54,42,1,3
"llama2","seed_989","trained","all_domains_all_samples",225,"temp_06","few_shot","structured","answer_first","markdown","test_set_1",0.43,0.57,0.43,2,8,99,43,0.44,55,43,0.29,0.57,0.46,0.4,0.57,0.46,0.31,48,0,8
"llama3","seed_206","trained","all_domains_all_samples",225,"temp_025","few_shot","structured","answer_first","markdown","test_set_2",0.51,0.49,0.48,0,8,100,51,0.51,49,48,0.36,0.33,0.57,0.4,0.4,0.57,0.77,44,3,5
"llama2","seed_206","trained","all_domains_all_samples",225,"temp_025","few_shot","unstructured","answer_first","markdown","test_set_2",0.37,0.63,0.12,0,71,100,37,0.37,63,12,0.14,0.07,0.07,0.13,0.27,0.14,0,17,25,46
"llama2","seed_989","trained","all_domains_all_samples",225,"temp_06","few_shot","structured","fact_first","number_list","test_set_2",0.3,0.7,0.26,0,8,100,30,0.3,70,26,0.43,0.27,0.21,0.27,0.33,0.14,0.15,66,4,4
"llama3","seed_206","trained","all_domains_all_samples",225,"temp_06","few_shot","structured","answer_first","markdown","test_set_2",0.53,0.47,0.5,0,8,100,53,0.53,47,50,0.36,0.33,0.57,0.4,0.47,0.64,0.77,42,3,5
"llama2","seed_206","trained","all_domains_all_samples",225,"greedy","few_shot","structured","answer_first","markdown","test_set_2",0.36,0.64,0.32,0,6,100,36,0.36,64,32,0.14,0.47,0.5,0.27,0.2,0.43,0.23,62,4,2
"llama2","seed_206","trained","all_domains_all_samples",225,"temp_06","few_shot","unstructured","answer_first","markdown","test_set_2",0.38,0.62,0.13,0,67,100,38,0.38,62,13,0.14,0,0.14,0.13,0.27,0.21,0,20,25,42
"llama3","seed_989","trained","all_domains_all_samples",225,"greedy","few_shot","structured","answer_first","markdown","test_set_2",0.51,0.49,0.48,0,8,100,51,0.51,49,48,0.36,0.33,0.57,0.4,0.4,0.57,0.77,44,3,5
"llama3","seed_989","trained","all_domains_all_samples",225,"temp_025","few_shot","structured","answer_first","markdown","test_set_2",0.53,0.47,0.49,0,8,100,53,0.53,47,49,0.36,0.33,0.57,0.4,0.4,0.64,0.77,43,4,4
"llama2","seed_989","trained","all_domains_all_samples",225,"greedy","few_shot","unstructured","answer_first","markdown","test_set_2",0.37,0.63,0.13,0,69,100,37,0.37,63,13,0.14,0.07,0.07,0.07,0.27,0.21,0.08,18,24,45
"llama2","seed_206","trained","all_domains_all_samples",225,"temp_025","few_shot","structured","answer_first","markdown","test_set_2",0.35,0.65,0.31,0,6,100,35,0.35,65,31,0.14,0.4,0.5,0.27,0.2,0.43,0.23,63,4,2
"llama3","seed_989","trained","all_domains_all_samples",225,"temp_06","few_shot","structured","answer_first","markdown","test_set_2",0.56,0.44,0.52,0,8,100,56,0.56,44,52,0.43,0.4,0.57,0.4,0.47,0.64,0.77,40,4,4
"llama2","seed_989","trained","all_domains_all_samples",225,"temp_025","few_shot","unstructured","answer_first","markdown","test_set_2",0.38,0.62,0.13,0,67,100,38,0.38,62,13,0.14,0.07,0.07,0.13,0.27,0.14,0.08,20,25,42
"llama2","seed_206","trained","all_domains_all_samples",225,"temp_06","few_shot","structured","answer_first","markdown","test_set_2",0.39,0.61,0.34,0,7,100,39,0.39,61,34,0.21,0.47,0.5,0.27,0.2,0.43,0.31,59,5,2
"llama2","seed_989","trained","all_domains_all_samples",225,"temp_06","few_shot","unstructured","answer_first","markdown","test_set_2",0.38,0.62,0.13,0,70,100,38,0.38,62,13,0.14,0.07,0.07,0.13,0.27,0.14,0.08,17,25,45
"llama2","seed_989","trained","all_domains_all_samples",225,"greedy","few_shot","structured","answer_first","markdown","test_set_2",0.36,0.64,0.32,0,6,100,36,0.36,64,32,0.14,0.47,0.5,0.27,0.2,0.43,0.23,62,4,2
"llama2","seed_989","trained","all_domains_all_samples",225,"temp_025","few_shot","structured","answer_first","markdown","test_set_2",0.36,0.64,0.32,0,6,100,36,0.36,64,32,0.14,0.47,0.5,0.27,0.2,0.43,0.23,62,4,2
"llama2","seed_989","trained","all_domains_all_samples",225,"temp_06","few_shot","structured","answer_first","markdown","test_set_2",0.37,0.63,0.33,0,6,100,37,0.37,63,33,0.14,0.47,0.5,0.27,0.2,0.43,0.31,61,4,2
"llama2","seed_206","trained","all_domains_all_samples",225,"greedy","zero_shot","unstructured","fact_first","markdown","test_set_1",0.25,0.75,0.09,16,81,99,25,0.3,59,9,0.07,0.21,0.08,0.07,0.14,0.08,0,9,16,65
"llama2","seed_206","trained","all_domains_all_samples",225,"temp_025","zero_shot","unstructured","fact_first","markdown","test_set_1",0.31,0.69,0.07,18,83,99,31,0.38,51,7,0.07,0.21,0.08,0,0.07,0.08,0,9,24,59
"llama3","seed_206","trained","all_domains_all_samples",225,"greedy","zero_shot","structured","fact_first","markdown","test_set_1",0.49,0.51,0.48,0,5,99,49,0.49,51,48,0.5,0.36,0.92,0.47,0.43,0.38,0.38,46,1,4
"llama2","seed_206","trained","all_domains_all_samples",225,"temp_06","zero_shot","unstructured","fact_first","markdown","test_set_1",0.33,0.67,0.08,13,80,99,33,0.38,54,8,0.07,0.29,0.15,0,0,0,0.06,11,25,55
"llama3","seed_206","trained","all_domains_all_samples",225,"temp_025","zero_shot","structured","fact_first","markdown","test_set_1",0.48,0.52,0.47,0,4,99,48,0.48,52,47,0.5,0.5,0.92,0.4,0.29,0.38,0.38,48,1,3
"llama2","seed_989","trained","all_domains_all_samples",225,"greedy","zero_shot","unstructured","fact_first","markdown","test_set_1",0.25,0.75,0.09,16,81,99,25,0.3,59,9,0.07,0.21,0.08,0.07,0.14,0.08,0,9,16,65
"llama2","seed_206","trained","all_domains_all_samples",225,"greedy","zero_shot","structured","fact_first","markdown","test_set_1",0.43,0.57,0.16,1,66,99,43,0.43,56,16,0.21,0.29,0.31,0.2,0,0.15,0,17,27,39
"llama3","seed_206","trained","all_domains_all_samples",225,"temp_06","zero_shot","structured","fact_first","markdown","test_set_1",0.49,0.51,0.46,1,5,99,49,0.49,50,46,0.43,0.5,0.92,0.4,0.36,0.31,0.38,48,3,2
"llama2","seed_989","trained","all_domains_all_samples",225,"temp_025","zero_shot","unstructured","fact_first","markdown","test_set_1",0.3,0.7,0.09,12,85,99,30,0.34,58,9,0.07,0.29,0.08,0,0.14,0.08,0,5,21,64
"llama3","seed_989","trained","all_domains_all_samples",225,"greedy","zero_shot","structured","fact_first","markdown","test_set_1",0.49,0.51,0.48,0,5,99,49,0.49,51,48,0.5,0.36,0.92,0.47,0.43,0.38,0.38,46,1,4
"llama2","seed_206","trained","all_domains_all_samples",225,"temp_025","zero_shot","structured","fact_first","markdown","test_set_1",0.42,0.58,0.13,0,69,99,42,0.42,58,13,0.07,0.21,0.23,0.2,0.14,0.08,0,17,29,40
"llama2","seed_989","trained","all_domains_all_samples",225,"temp_06","zero_shot","unstructured","fact_first","markdown","test_set_1",0.25,0.75,0.06,12,77,99,25,0.28,63,6,0,0.29,0,0,0.14,0,0,16,19,58
"llama3","seed_989","trained","all_domains_all_samples",225,"temp_025","zero_shot","structured","fact_first","markdown","test_set_1",0.47,0.53,0.47,0,5,99,47,0.47,53,47,0.57,0.5,0.85,0.4,0.43,0.23,0.38,47,0,5
"llama2","seed_206","trained","all_domains_all_samples",225,"temp_06","zero_shot","structured","fact_first","markdown","test_set_1",0.42,0.58,0.2,1,61,99,42,0.42,57,20,0.14,0.21,0.31,0.2,0.29,0.31,0,18,22,39
"llama2","seed_206","trained","all_domains_all_samples",225,"greedy","zero_shot","unstructured","fact_first","markdown","test_set_2",0.32,0.68,0.09,11,78,100,32,0.36,57,9,0.14,0.07,0.14,0.07,0.2,0,0,13,23,55
"llama3","seed_989","trained","all_domains_all_samples",225,"temp_06","zero_shot","structured","fact_first","markdown","test_set_1",0.51,0.49,0.51,0,4,99,50,0.5,50,50,0.57,0.57,0.92,0.47,0.36,0.31,0.38,45,0,4
"llama2","seed_206","trained","all_domains_all_samples",225,"greedy","few_shot","unstructured","fact_first","markdown","test_set_1",0.34,0.66,0.16,2,51,99,34,0.35,64,16,0,0.07,0.31,0.13,0.36,0,0.25,32,18,33
"llama2","seed_989","trained","all_domains_all_samples",225,"greedy","zero_shot","structured","fact_first","markdown","test_set_1",0.43,0.57,0.16,1,66,99,43,0.43,56,16,0.21,0.29,0.31,0.2,0,0.15,0,17,27,39
"llama3","seed_206","trained","all_domains_all_samples",225,"greedy","zero_shot","structured","fact_first","markdown","test_set_2",0.54,0.46,0.47,0,9,100,54,0.54,46,47,0.43,0.47,0.64,0.4,0.4,0.57,0.38,44,7,2
"llama2","seed_206","trained","all_domains_all_samples",225,"greedy","few_shot","structured","fact_first","markdown","test_set_1",0.36,0.64,0.35,0,6,99,36,0.36,64,35,0.07,0.57,0.38,0.33,0.43,0.23,0.44,58,1,5
"llama2","seed_206","trained","all_domains_all_samples",225,"temp_025","zero_shot","unstructured","fact_first","markdown","test_set_2",0.31,0.69,0.07,9,80,100,31,0.34,60,7,0.14,0.07,0.07,0.07,0.13,0,0,13,24,56
"llama3","seed_206","trained","all_domains_all_samples",225,"greedy","zero_shot","unstructured","fact_first","markdown","test_set_1",0.44,0.56,0.41,0,4,99,44,0.44,56,41,0.36,0.36,0.54,0.4,0.57,0.46,0.25,54,3,1
"llama3","seed_206","trained","all_domains_all_samples",225,"greedy","few_shot","unstructured","fact_first","markdown","test_set_1",0.44,0.56,0.42,0,4,99,44,0.44,56,42,0.5,0.29,0.77,0.47,0.5,0.31,0.19,53,2,2
"llama3","seed_206","trained","all_domains_all_samples",225,"temp_025","zero_shot","structured","fact_first","markdown","test_set_2",0.56,0.44,0.5,0,9,100,56,0.56,44,50,0.5,0.53,0.71,0.47,0.4,0.5,0.38,41,6,3
"llama2","seed_206","trained","all_domains_all_samples",225,"temp_025","few_shot","unstructured","fact_first","markdown","test_set_1",0.33,0.67,0.18,2,51,99,33,0.34,65,18,0,0.07,0.38,0.13,0.43,0,0.25,30,15,36
"llama2","seed_989","trained","all_domains_all_samples",225,"temp_025","zero_shot","structured","fact_first","markdown","test_set_1",0.33,0.67,0.1,2,68,99,33,0.34,65,10,0,0.07,0.31,0.2,0,0.15,0,21,23,45
"llama3","seed_206","trained","all_domains_all_samples",225,"temp_025","zero_shot","unstructured","fact_first","markdown","test_set_1",0.43,0.57,0.4,2,4,99,43,0.44,55,40,0.36,0.36,0.62,0.33,0.5,0.46,0.25,55,3,1
"llama3","seed_206","trained","all_domains_all_samples",225,"temp_025","few_shot","unstructured","fact_first","markdown","test_set_1",0.46,0.54,0.45,0,3,99,46,0.46,54,45,0.5,0.36,0.62,0.47,0.57,0.38,0.31,51,1,2
"llama2","seed_206","trained","all_domains_all_samples",225,"temp_06","zero_shot","unstructured","fact_first","markdown","test_set_2",0.3,0.7,0.1,8,77,100,30,0.33,62,10,0.07,0.13,0.07,0.13,0.13,0.07,0.08,13,20,57
"llama3","seed_206","trained","all_domains_all_samples",225,"temp_06","zero_shot","structured","fact_first","markdown","test_set_2",0.54,0.46,0.47,0,8,100,54,0.54,46,47,0.36,0.33,0.79,0.33,0.53,0.5,0.46,45,7,1
"llama3","seed_206","trained","all_domains_all_samples",225,"temp_06","few_shot","unstructured","fact_first","markdown","test_set_1",0.49,0.51,0.47,1,5,99,49,0.49,50,47,0.64,0.36,0.69,0.47,0.71,0.23,0.25,47,2,3
"llama3","seed_206","trained","all_domains_all_samples",225,"temp_06","zero_shot","unstructured","fact_first","markdown","test_set_1",0.43,0.57,0.41,3,5,99,43,0.44,54,41,0.36,0.36,0.54,0.4,0.5,0.38,0.38,53,2,3
"llama2","seed_206","trained","all_domains_all_samples",225,"temp_025","few_shot","structured","fact_first","markdown","test_set_1",0.32,0.68,0.32,0,6,99,32,0.32,68,32,0.14,0.57,0.46,0.2,0.36,0.23,0.31,61,0,6
"llama2","seed_989","trained","all_domains_all_samples",225,"temp_06","zero_shot","structured","fact_first","markdown","test_set_1",0.34,0.66,0.15,2,57,99,34,0.35,64,15,0.07,0.21,0.31,0.07,0.29,0,0.13,27,19,38
"llama2","seed_989","trained","all_domains_all_samples",225,"greedy","zero_shot","unstructured","fact_first","markdown","test_set_2",0.32,0.68,0.09,11,78,100,32,0.36,57,9,0.14,0.07,0.14,0.07,0.2,0,0,13,23,55
"llama2","seed_206","trained","all_domains_all_samples",225,"temp_06","few_shot","unstructured","fact_first","markdown","test_set_1",0.36,0.64,0.18,2,55,99,36,0.37,62,18,0,0.21,0.23,0.13,0.36,0,0.31,26,18,37
"llama3","seed_989","trained","all_domains_all_samples",225,"greedy","zero_shot","structured","fact_first","markdown","test_set_2",0.54,0.46,0.47,0,9,100,54,0.54,46,47,0.43,0.47,0.64,0.4,0.4,0.57,0.38,44,7,2
"llama3","seed_206","trained","all_domains_all_samples",225,"greedy","few_shot","structured","fact_first","markdown","test_set_1",0.45,0.55,0.45,4,3,99,45,0.47,51,45,0.64,0.29,0.77,0.47,0.5,0.23,0.31,51,0,3
"llama3","seed_989","trained","all_domains_all_samples",225,"greedy","few_shot","unstructured","fact_first","markdown","test_set_1",0.44,0.56,0.42,0,4,99,44,0.44,56,42,0.5,0.29,0.77,0.47,0.5,0.31,0.19,53,2,2
"llama3","seed_989","trained","all_domains_all_samples",225,"greedy","zero_shot","unstructured","fact_first","markdown","test_set_1",0.44,0.56,0.41,0,4,99,44,0.44,56,41,0.36,0.36,0.54,0.4,0.57,0.46,0.25,54,3,1
"llama2","seed_206","trained","all_domains_all_samples",225,"greedy","zero_shot","structured","fact_first","markdown","test_set_2",0.4,0.6,0.1,0,60,100,40,0.4,60,10,0.07,0.13,0.07,0.13,0.2,0.07,0,30,30,30
"llama3","seed_989","trained","all_domains_all_samples",225,"temp_025","zero_shot","structured","fact_first","markdown","test_set_2",0.52,0.48,0.47,0,8,100,52,0.52,48,47,0.43,0.47,0.71,0.33,0.53,0.36,0.46,45,5,3
"llama3","seed_206","trained","all_domains_all_samples",225,"temp_025","few_shot","structured","fact_first","markdown","test_set_1",0.44,0.56,0.44,2,4,99,44,0.45,54,44,0.57,0.43,0.62,0.47,0.5,0.15,0.38,51,0,4
"llama3","seed_989","trained","all_domains_all_samples",225,"temp_025","few_shot","unstructured","fact_first","markdown","test_set_1",0.43,0.57,0.42,0,4,99,43,0.43,57,42,0.5,0.36,0.69,0.47,0.64,0.23,0.13,53,1,3
"llama2","seed_989","trained","all_domains_all_samples",225,"temp_025","zero_shot","unstructured","fact_first","markdown","test_set_2",0.31,0.69,0.1,11,76,100,31,0.35,58,10,0.21,0.07,0.21,0,0.2,0,0,14,21,55
"llama3","seed_989","trained","all_domains_all_samples",225,"temp_025","zero_shot","unstructured","fact_first","markdown","test_set_1",0.42,0.58,0.39,1,4,99,42,0.42,57,39,0.36,0.36,0.54,0.4,0.57,0.38,0.19,56,3,1
"llama2","seed_989","trained","all_domains_all_samples",225,"greedy","few_shot","unstructured","fact_first","markdown","test_set_1",0.34,0.66,0.16,2,51,99,34,0.35,64,16,0,0.07,0.31,0.13,0.36,0,0.25,32,18,33
"llama2","seed_206","trained","all_domains_all_samples",225,"temp_06","few_shot","structured","fact_first","markdown","test_set_1",0.37,0.63,0.36,0,7,99,37,0.37,63,36,0.29,0.5,0.31,0.27,0.36,0.31,0.5,56,1,6
"llama3","seed_989","trained","all_domains_all_samples",225,"temp_06","zero_shot","structured","fact_first","markdown","test_set_2",0.55,0.45,0.49,0,9,100,55,0.55,45,49,0.5,0.47,0.64,0.47,0.47,0.5,0.38,42,6,3
"llama3","seed_989","trained","all_domains_all_samples",225,"temp_06","few_shot","unstructured","fact_first","markdown","test_set_1",0.46,0.54,0.45,2,3,99,46,0.47,52,45,0.57,0.36,0.62,0.53,0.57,0.31,0.25,51,1,2
"llama2","seed_206","trained","all_domains_all_samples",225,"temp_025","zero_shot","structured","fact_first","markdown","test_set_2",0.37,0.63,0.14,1,59,100,37,0.37,62,14,0.07,0.33,0.14,0.13,0.2,0.07,0,27,23,36
"llama3","seed_206","trained","all_domains_all_samples",225,"temp_06","few_shot","structured","fact_first","markdown","test_set_1",0.47,0.53,0.45,4,5,99,47,0.49,49,45,0.64,0.5,0.62,0.53,0.29,0.23,0.38,49,2,3
"llama3","seed_989","trained","all_domains_all_samples",225,"temp_06","zero_shot","unstructured","fact_first","markdown","test_set_1",0.44,0.56,0.42,4,4,99,44,0.46,52,42,0.29,0.36,0.46,0.53,0.64,0.54,0.19,53,2,2
"llama2","seed_989","trained","all_domains_all_samples",225,"temp_06","zero_shot","unstructured","fact_first","markdown","test_set_2",0.34,0.66,0.11,10,76,100,34,0.38,56,11,0.14,0.2,0.07,0.07,0.2,0,0.08,13,23,53
"llama2","seed_989","trained","all_domains_all_samples",225,"temp_025","few_shot","unstructured","fact_first","markdown","test_set_1",0.33,0.67,0.14,2,52,99,33,0.34,65,14,0.07,0.07,0.23,0.2,0.21,0,0.19,33,19,33
"llama3","seed_206","trained","all_domains_all_samples",225,"greedy","few_shot","unstructured","fact_first","markdown","test_set_2",0.51,0.49,0.49,2,5,100,51,0.52,47,49,0.36,0.4,0.5,0.53,0.53,0.57,0.54,46,2,3
"llama3","seed_206","trained","all_domains_all_samples",225,"greedy","zero_shot","unstructured","fact_first","markdown","test_set_2",0.52,0.48,0.51,1,5,100,52,0.53,47,51,0.43,0.53,0.57,0.47,0.53,0.43,0.62,44,1,4
"llama3","seed_989","trained","all_domains_all_samples",225,"greedy","few_shot","structured","fact_first","markdown","test_set_1",0.45,0.55,0.45,4,3,99,45,0.47,51,45,0.64,0.29,0.77,0.47,0.5,0.23,0.31,51,0,3
"llama2","seed_206","trained","all_domains_all_samples",225,"temp_06","zero_shot","structured","fact_first","markdown","test_set_2",0.43,0.57,0.16,2,60,100,43,0.44,55,16,0.21,0.27,0.07,0.27,0.2,0.07,0,24,27,33
"llama2","seed_989","trained","all_domains_all_samples",225,"greedy","few_shot","structured","fact_first","markdown","test_set_1",0.36,0.64,0.35,0,6,99,36,0.36,64,35,0.07,0.57,0.38,0.33,0.43,0.23,0.44,58,1,5
"llama3","seed_206","trained","all_domains_all_samples",225,"temp_025","few_shot","unstructured","fact_first","markdown","test_set_2",0.52,0.48,0.5,2,5,100,52,0.53,46,50,0.43,0.4,0.43,0.6,0.6,0.57,0.46,45,2,3
"llama3","seed_206","trained","all_domains_all_samples",225,"temp_025","zero_shot","unstructured","fact_first","markdown","test_set_2",0.53,0.47,0.5,1,5,100,53,0.54,46,50,0.43,0.47,0.64,0.47,0.47,0.43,0.62,45,3,2
"llama3","seed_989","trained","all_domains_all_samples",225,"temp_025","few_shot","structured","fact_first","markdown","test_set_1",0.42,0.58,0.42,3,3,99,42,0.43,55,42,0.64,0.36,0.69,0.47,0.43,0.15,0.25,54,0,3
"llama2","seed_989","trained","all_domains_all_samples",225,"temp_06","few_shot","unstructured","fact_first","markdown","test_set_1",0.29,0.71,0.13,3,57,99,29,0.3,68,13,0,0,0.15,0.13,0.36,0,0.25,29,16,41
"llama2","seed_989","trained","all_domains_all_samples",225,"greedy","zero_shot","structured","fact_first","markdown","test_set_2",0.4,0.6,0.1,0,60,100,40,0.4,60,10,0.07,0.13,0.07,0.13,0.2,0.07,0,30,30,30
"llama3","seed_206","trained","all_domains_all_samples",225,"temp_06","few_shot","unstructured","fact_first","markdown","test_set_2",0.54,0.46,0.52,1,5,100,54,0.55,45,52,0.5,0.53,0.5,0.53,0.53,0.5,0.54,43,2,3
"llama3","seed_206","trained","all_domains_all_samples",225,"temp_06","zero_shot","unstructured","fact_first","markdown","test_set_2",0.52,0.48,0.5,5,5,100,52,0.55,43,50,0.36,0.4,0.57,0.53,0.53,0.5,0.62,45,2,3
"llama3","seed_989","trained","all_domains_all_samples",225,"temp_06","few_shot","structured","fact_first","markdown","test_set_1",0.46,0.54,0.46,2,4,99,46,0.47,52,46,0.71,0.43,0.62,0.53,0.5,0.38,0.13,49,0,4
"llama3","seed_989","trained","all_domains_all_samples",225,"greedy","few_shot","unstructured","fact_first","markdown","test_set_2",0.51,0.49,0.49,2,5,100,51,0.52,47,49,0.36,0.4,0.5,0.53,0.53,0.57,0.54,46,2,3
"llama2","seed_989","trained","all_domains_all_samples",225,"temp_025","few_shot","structured","fact_first","markdown","test_set_1",0.37,0.63,0.36,0,6,99,37,0.37,63,36,0.21,0.5,0.46,0.27,0.36,0.31,0.44,57,1,5
"llama2","seed_989","trained","all_domains_all_samples",225,"temp_025","zero_shot","structured","fact_first","markdown","test_set_2",0.43,0.57,0.15,1,60,100,43,0.43,56,15,0,0.27,0.14,0.27,0.2,0.14,0,25,28,32
"llama2","seed_206","trained","all_domains_all_samples",225,"greedy","few_shot","unstructured","fact_first","markdown","test_set_2",0.37,0.63,0.18,2,61,100,37,0.38,61,18,0.29,0,0.29,0.13,0.27,0.07,0.23,21,19,42
"llama3","seed_989","trained","all_domains_all_samples",225,"greedy","zero_shot","unstructured","fact_first","markdown","test_set_2",0.52,0.48,0.51,1,5,100,52,0.53,47,51,0.43,0.53,0.57,0.47,0.53,0.43,0.62,44,1,4
"llama3","seed_206","trained","all_domains_all_samples",225,"greedy","few_shot","structured","fact_first","markdown","test_set_2",0.56,0.44,0.52,3,8,100,56,0.58,41,52,0.57,0.47,0.57,0.4,0.4,0.5,0.77,40,4,4
"llama3","seed_989","trained","all_domains_all_samples",225,"temp_025","few_shot","unstructured","fact_first","markdown","test_set_2",0.52,0.48,0.51,2,5,100,52,0.53,46,51,0.5,0.47,0.5,0.6,0.4,0.57,0.54,44,1,4
"llama3","seed_989","trained","all_domains_all_samples",225,"temp_025","zero_shot","unstructured","fact_first","markdown","test_set_2",0.46,0.54,0.45,3,5,100,46,0.47,51,45,0.36,0.47,0.5,0.4,0.47,0.5,0.46,50,1,4
"llama2","seed_989","trained","all_domains_all_samples",225,"temp_06","zero_shot","structured","fact_first","markdown","test_set_2",0.39,0.61,0.09,0,63,100,39,0.39,61,9,0.07,0.2,0,0.07,0.13,0.14,0,28,30,33
"llama3","seed_989","trained","all_domains_all_samples",225,"temp_06","few_shot","unstructured","fact_first","markdown","test_set_2",0.5,0.5,0.48,1,5,100,50,0.51,49,48,0.43,0.33,0.5,0.53,0.53,0.57,0.46,47,2,3
"llama2","seed_206","trained","all_domains_all_samples",225,"temp_025","few_shot","unstructured","fact_first","markdown","test_set_2",0.34,0.66,0.15,5,60,100,34,0.36,61,15,0.29,0,0.21,0.2,0.2,0,0.15,25,19,41
"llama3","seed_206","trained","all_domains_all_samples",225,"temp_025","few_shot","structured","fact_first","markdown","test_set_2",0.54,0.46,0.49,3,8,100,54,0.56,43,49,0.5,0.4,0.64,0.53,0.27,0.57,0.54,43,5,3
"llama3","seed_989","trained","all_domains_all_samples",225,"temp_06","zero_shot","unstructured","fact_first","markdown","test_set_2",0.5,0.5,0.48,4,5,100,50,0.52,46,48,0.29,0.47,0.5,0.4,0.53,0.57,0.62,47,2,3
"llama2","seed_989","trained","all_domains_all_samples",225,"temp_06","few_shot","structured","fact_first","markdown","test_set_1",0.37,0.63,0.37,0,7,99,37,0.37,63,37,0.21,0.5,0.54,0.33,0.43,0.31,0.31,55,0,7
"llama3","seed_206","trained","all_domains_all_samples",225,"temp_06","few_shot","structured","fact_first","markdown","test_set_2",0.47,0.53,0.42,4,8,100,47,0.49,49,42,0.43,0.33,0.36,0.4,0.4,0.5,0.54,50,5,3
"llama2","seed_206","trained","all_domains_all_samples",225,"temp_06","few_shot","unstructured","fact_first","markdown","test_set_2",0.33,0.67,0.16,2,58,100,33,0.34,65,16,0.29,0,0.21,0.2,0.07,0.14,0.23,26,17,41
"llama3","seed_989","trained","all_domains_all_samples",225,"greedy","few_shot","structured","fact_first","markdown","test_set_2",0.56,0.44,0.52,3,8,100,56,0.58,41,52,0.57,0.47,0.57,0.4,0.4,0.5,0.77,40,4,4
"llama2","seed_206","trained","all_domains_all_samples",225,"greedy","few_shot","structured","fact_first","markdown","test_set_2",0.31,0.69,0.28,0,8,100,31,0.31,69,28,0.29,0.4,0.29,0.27,0.2,0.21,0.31,64,3,5
"llama2","seed_989","trained","all_domains_all_samples",225,"greedy","few_shot","unstructured","fact_first","markdown","test_set_2",0.37,0.63,0.18,2,61,100,37,0.38,61,18,0.29,0,0.29,0.13,0.27,0.07,0.23,21,19,42
"llama3","seed_989","trained","all_domains_all_samples",225,"temp_025","few_shot","structured","fact_first","markdown","test_set_2",0.52,0.48,0.48,3,8,100,52,0.54,45,48,0.5,0.47,0.5,0.47,0.27,0.64,0.54,44,4,4
"llama3","seed_989","trained","all_domains_all_samples",225,"temp_06","few_shot","structured","fact_first","markdown","test_set_2",0.59,0.41,0.54,5,9,100,59,0.62,36,54,0.57,0.53,0.43,0.53,0.33,0.71,0.69,37,5,4
"llama2","seed_989","trained","all_domains_all_samples",225,"temp_025","few_shot","unstructured","fact_first","markdown","test_set_2",0.31,0.69,0.12,3,65,100,31,0.32,66,12,0.21,0,0.07,0.13,0.27,0.07,0.08,23,19,46
"llama2","seed_206","trained","all_domains_all_samples",225,"temp_025","few_shot","structured","fact_first","markdown","test_set_2",0.29,0.71,0.27,0,9,100,29,0.29,71,27,0.43,0.33,0.14,0.33,0.2,0.14,0.31,64,2,7
"llama2","seed_989","trained","all_domains_all_samples",225,"temp_06","few_shot","unstructured","fact_first","markdown","test_set_2",0.29,0.71,0.12,4,58,100,29,0.3,67,12,0.29,0.07,0.21,0.2,0,0.07,0,30,17,41
"llama2","seed_206","trained","all_domains_all_samples",225,"temp_06","few_shot","structured","fact_first","markdown","test_set_2",0.26,0.74,0.24,0,9,100,26,0.26,74,24,0.21,0.4,0.14,0.33,0.13,0.14,0.31,67,2,7
"llama2","seed_989","trained","all_domains_all_samples",225,"greedy","few_shot","structured","fact_first","markdown","test_set_2",0.31,0.69,0.28,0,8,100,31,0.31,69,28,0.29,0.4,0.29,0.27,0.2,0.21,0.31,64,3,5
"llama2","seed_989","trained","all_domains_all_samples",225,"temp_025","few_shot","structured","fact_first","markdown","test_set_2",0.3,0.7,0.28,0,8,100,30,0.3,70,28,0.29,0.33,0.29,0.27,0.33,0.29,0.15,64,2,6
"llama2","seed_989","trained","all_domains_all_samples",225,"temp_06","few_shot","structured","fact_first","markdown","test_set_2",0.28,0.72,0.25,1,8,100,28,0.28,71,25,0.29,0.33,0.29,0.2,0.13,0.21,0.31,67,3,5
"llama3","seed_206","trained","all_domains_1_samples",1,"greedy","few_shot","structured","answer_first","json","test_set_1",0.44,0.56,0.34,0,28,99,44,0.44,56,34,0.36,0.21,0.38,0.33,0.43,0.54,0.19,37,10,18
"llama3","seed_206","trained","all_domains_1_samples",1,"greedy","few_shot","unstructured","answer_first","json","test_set_1",0.48,0.52,0.41,0,13,99,48,0.48,52,41,0.43,0.36,0.38,0.4,0.43,0.54,0.38,45,7,6
"llama3","seed_206","untrained","all_domains_0_samples",0,"greedy","few_shot","unstructured","answer_first","json","test_set_1",0.51,0.49,0.15,0,72,99,50,0.5,50,15,0,0.07,0.46,0.07,0.21,0.23,0.06,12,35,37
"llama3","seed_206","untrained","all_domains_0_samples",0,"greedy","few_shot","structured","answer_first","json","test_set_1",0.47,0.53,0.29,0,40,99,47,0.47,53,29,0.29,0.07,0.38,0.33,0.5,0.31,0.19,30,18,22
"llama2","seed_206","trained","all_domains_1_samples",1,"greedy","few_shot","unstructured","answer_first","json","test_set_1",0.4,0.6,0.29,0,24,99,40,0.4,60,29,0.29,0.43,0.54,0.2,0.14,0.31,0.19,46,11,13
"llama2","seed_206","trained","all_domains_1_samples",1,"greedy","zero_shot","structured","answer_first","json","test_set_1",0.39,0.61,0,3,99,99,39,0.4,58,0,0,0,0,0,0,0,0,0,39,60
"llama3","seed_206","trained","all_domains_1_samples",1,"temp_025","few_shot","unstructured","answer_first","json","test_set_1",0.48,0.52,0.42,0,12,99,48,0.48,52,42,0.5,0.36,0.46,0.4,0.43,0.46,0.38,45,6,6
"llama3","seed_206","trained","all_domains_1_samples",1,"temp_025","few_shot","structured","answer_first","json","test_set_1",0.47,0.53,0.31,0,29,99,47,0.47,53,31,0.36,0.07,0.38,0.4,0.36,0.54,0.13,39,16,13
"llama3","seed_206","trained","all_domains_1_samples",1,"greedy","zero_shot","structured","answer_first","json","test_set_1",0.31,0.69,0,34,99,99,31,0.47,35,0,0,0,0,0,0,0,0,0,31,68
"llama3","seed_206","untrained","all_domains_0_samples",0,"temp_025","few_shot","unstructured","answer_first","json","test_set_1",0.47,0.53,0.23,0,61,99,47,0.47,53,23,0,0.07,0.46,0.27,0.36,0.31,0.19,15,24,37
"llama2","seed_206","trained","all_domains_1_samples",1,"greedy","zero_shot","unstructured","answer_first","json","test_set_1",0.35,0.65,0,1,98,99,35,0.35,64,0,0,0,0,0,0,0,0,1,35,63
"llama3","seed_206","untrained","all_domains_0_samples",0,"greedy","zero_shot","structured","answer_first","json","test_set_1",0.48,0.52,0,3,99,99,48,0.49,49,0,0,0,0,0,0,0,0,0,48,51
"llama2","seed_206","untrained","all_domains_0_samples",0,"greedy","few_shot","unstructured","answer_first","json","test_set_1",0.39,0.61,0.27,0,28,99,39,0.39,61,27,0.29,0.5,0.31,0.13,0.07,0.38,0.25,44,12,16
"llama3","seed_206","untrained","all_domains_0_samples",0,"temp_025","few_shot","structured","answer_first","json","test_set_1",0.48,0.52,0.19,0,59,99,48,0.48,52,19,0.29,0,0.23,0.27,0.29,0.15,0.13,21,29,30
"llama2","seed_206","untrained","all_domains_0_samples",0,"greedy","zero_shot","structured","answer_first","json","test_set_1",0.38,0.62,0,3,99,99,38,0.39,59,0,0,0,0,0,0,0,0,0,38,61
"llama3","seed_206","trained","all_domains_1_samples",1,"greedy","zero_shot","unstructured","answer_first","json","test_set_1",0.43,0.57,0.32,16,24,99,43,0.51,41,32,0.29,0.36,0.23,0.6,0.07,0.54,0.19,43,11,13
"llama3","seed_206","trained","all_domains_1_samples",1,"temp_06","few_shot","unstructured","answer_first","json","test_set_1",0.44,0.56,0.37,0,17,99,44,0.44,56,37,0.36,0.36,0.38,0.33,0.43,0.54,0.25,45,7,10
"llama3","seed_206","untrained","all_domains_0_samples",0,"greedy","zero_shot","unstructured","answer_first","json","test_set_1",0.44,0.56,0,16,99,99,44,0.52,40,0,0,0,0,0,0,0,0,0,44,55
"llama3","seed_206","trained","all_domains_1_samples",1,"temp_025","zero_shot","structured","answer_first","json","test_set_1",0.33,0.67,0,31,99,99,33,0.48,36,0,0,0,0,0,0,0,0,0,33,66
"llama3","seed_206","untrained","all_domains_0_samples",0,"temp_06","few_shot","unstructured","answer_first","json","test_set_1",0.54,0.46,0.2,0,63,99,53,0.53,47,20,0.14,0,0.38,0.33,0.21,0.31,0.06,16,33,30
"llama3","seed_206","trained","all_domains_1_samples",1,"greedy","few_shot","structured","fact_first","json","test_set_1",0.49,0.51,0.35,0,30,99,49,0.49,51,35,0.36,0.14,0.54,0.53,0.29,0.38,0.25,34,14,16
"llama3","seed_206","trained","all_domains_1_samples",1,"temp_06","few_shot","structured","answer_first","json","test_set_1",0.46,0.54,0.35,0,28,99,46,0.46,54,35,0.36,0.29,0.46,0.33,0.36,0.46,0.25,36,11,17
"llama2","seed_206","untrained","all_domains_0_samples",0,"greedy","zero_shot","unstructured","answer_first","json","test_set_1",0.4,0.6,0,2,99,99,40,0.41,58,0,0,0,0,0,0,0,0,0,40,59
"llama2","seed_206","trained","all_domains_1_samples",1,"temp_025","zero_shot","structured","answer_first","json","test_set_1",0.36,0.64,0.01,1,98,99,36,0.36,63,1,0,0,0,0,0,0.08,0,0,35,63
"llama3","seed_206","trained","all_domains_1_samples",1,"temp_025","zero_shot","unstructured","answer_first","json","test_set_1",0.42,0.58,0.33,14,23,99,42,0.49,44,33,0.29,0.36,0.23,0.6,0.14,0.54,0.19,43,9,14
"llama3","seed_206","untrained","all_domains_0_samples",0,"temp_025","zero_shot","structured","answer_first","json","test_set_1",0.46,0.54,0,4,99,99,46,0.48,50,0,0,0,0,0,0,0,0,0,46,53
"llama2","seed_206","trained","all_domains_1_samples",1,"greedy","few_shot","structured","answer_first","json","test_set_1",0.34,0.66,0.15,0,48,99,34,0.34,66,15,0.21,0,0.31,0,0.21,0.31,0.06,36,19,29
"llama3","seed_206","trained","all_domains_1_samples",1,"greedy","few_shot","unstructured","fact_first","json","test_set_1",0.45,0.55,0.38,16,14,99,45,0.54,39,38,0.5,0.36,0.38,0.47,0.36,0.31,0.31,47,7,7
"llama2","seed_206","trained","all_domains_1_samples",1,"greedy","zero_shot","structured","fact_first","json","test_set_1",0.27,0.73,0,13,98,99,27,0.31,60,0,0,0,0,0,0,0,0,1,27,71
"llama2","seed_206","trained","all_domains_1_samples",1,"greedy","few_shot","structured","fact_first","json","test_set_1",0.41,0.59,0.18,9,51,99,41,0.45,50,18,0.07,0,0.46,0,0.14,0.46,0.19,30,23,28
"llama3","seed_206","trained","all_domains_1_samples",1,"greedy","zero_shot","unstructured","fact_first","json","test_set_1",0.52,0.48,0.03,8,94,99,51,0.55,41,3,0.07,0,0.08,0,0,0.08,0,2,48,46
"llama3","seed_206","trained","all_domains_1_samples",1,"greedy","zero_shot","structured","fact_first","json","test_set_1",0.42,0.58,0,27,99,99,42,0.58,31,0,0,0,0,0,0,0,0,0,42,57
"llama3","seed_206","untrained","all_domains_0_samples",0,"temp_025","zero_shot","unstructured","answer_first","json","test_set_1",0.41,0.59,0,17,99,99,41,0.49,42,0,0,0,0,0,0,0,0,0,41,58
"llama3","seed_206","untrained","all_domains_0_samples",0,"greedy","few_shot","structured","fact_first","json","test_set_1",0.53,0.47,0.36,0,31,99,52,0.52,48,36,0.43,0,0.54,0.53,0.21,0.62,0.25,32,16,15
"llama3","seed_989","trained","all_domains_1_samples",1,"greedy","few_shot","unstructured","answer_first","json","test_set_1",0.48,0.52,0.41,0,13,99,48,0.48,52,41,0.43,0.36,0.38,0.4,0.43,0.54,0.38,45,7,6
"llama2","seed_206","trained","all_domains_1_samples",1,"temp_025","few_shot","unstructured","answer_first","json","test_set_1",0.42,0.58,0.3,0,25,99,42,0.42,58,30,0.36,0.5,0.54,0.07,0.14,0.38,0.19,44,12,13
"llama3","seed_206","untrained","all_domains_0_samples",0,"temp_06","few_shot","structured","answer_first","json","test_set_1",0.49,0.51,0.26,0,56,99,49,0.49,51,26,0.21,0.07,0.46,0.33,0.21,0.23,0.31,17,23,33
"llama3","seed_206","untrained","all_domains_0_samples",0,"greedy","few_shot","unstructured","fact_first","json","test_set_1",0.61,0.39,0.35,0,46,99,60,0.6,40,35,0.14,0.14,0.54,0.4,0.36,0.54,0.38,18,25,21
"llama3","seed_206","untrained","all_domains_0_samples",0,"greedy","zero_shot","unstructured","fact_first","json","test_set_1",0.57,0.43,0,4,99,99,56,0.58,40,0,0,0,0,0,0,0,0,0,56,43
"llama2","seed_206","trained","all_domains_1_samples",1,"greedy","zero_shot","unstructured","fact_first","json","test_set_1",0.07,0.93,0.04,66,81,99,7,0.21,27,4,0,0.07,0.15,0,0,0,0.06,14,3,78
"llama3","seed_206","trained","all_domains_1_samples",1,"temp_06","zero_shot","structured","answer_first","json","test_set_1",0.33,0.67,0.01,31,97,99,33,0.48,36,1,0,0,0,0,0.07,0,0,1,32,65
"llama3","seed_989","untrained","all_domains_0_samples",0,"greedy","few_shot","unstructured","answer_first","json","test_set_1",0.51,0.49,0.15,0,72,99,50,0.5,50,15,0,0.07,0.46,0.07,0.21,0.23,0.06,12,35,37
"llama2","seed_206","trained","all_domains_1_samples",1,"greedy","few_shot","unstructured","fact_first","json","test_set_1",0.09,0.91,0.08,75,25,99,9,0.36,16,8,0.14,0.14,0.08,0,0,0.15,0.06,66,1,24
"llama3","seed_206","untrained","all_domains_0_samples",0,"greedy","zero_shot","structured","fact_first","json","test_set_1",0.41,0.59,0,18,99,99,41,0.5,41,0,0,0,0,0,0,0,0,0,41,58
"llama3","seed_206","trained","all_domains_1_samples",1,"temp_06","zero_shot","unstructured","answer_first","json","test_set_1",0.45,0.55,0.35,11,27,99,45,0.51,44,35,0.36,0.36,0.38,0.67,0.07,0.54,0.13,37,10,17
"llama2","seed_206","trained","all_domains_1_samples",1,"temp_025","zero_shot","unstructured","answer_first","json","test_set_1",0.31,0.69,0.04,3,91,99,31,0.32,66,4,0.07,0,0,0.07,0.07,0.08,0,4,27,64
"llama2","seed_206","untrained","all_domains_0_samples",0,"temp_025","zero_shot","structured","answer_first","json","test_set_1",0.37,0.63,0,2,99,99,37,0.38,61,0,0,0,0,0,0,0,0,0,37,62
"llama3","seed_206","trained","all_domains_1_samples",1,"temp_025","zero_shot","unstructured","fact_first","json","test_set_1",0.46,0.54,0.01,8,94,99,46,0.5,46,1,0,0,0,0,0,0.08,0,4,45,49
"llama3","seed_206","trained","all_domains_1_samples",1,"temp_025","few_shot","structured","fact_first","json","test_set_1",0.56,0.44,0.41,0,30,99,55,0.55,45,41,0.36,0.07,0.62,0.6,0.21,0.77,0.31,28,14,16
"llama3","seed_989","trained","all_domains_1_samples",1,"greedy","few_shot","structured","answer_first","json","test_set_1",0.44,0.56,0.34,0,28,99,44,0.44,56,34,0.36,0.21,0.38,0.33,0.43,0.54,0.19,37,10,18
"llama3","seed_206","untrained","all_domains_0_samples",0,"temp_06","zero_shot","unstructured","answer_first","json","test_set_1",0.44,0.56,0,14,99,99,44,0.51,42,0,0,0,0,0,0,0,0,0,44,55
"llama3","seed_206","untrained","all_domains_0_samples",0,"temp_06","zero_shot","structured","answer_first","json","test_set_1",0.44,0.56,0,2,99,99,44,0.45,54,0,0,0,0,0,0,0,0,0,44,55
"llama3","seed_206","trained","all_domains_1_samples",1,"temp_025","few_shot","unstructured","fact_first","json","test_set_1",0.43,0.57,0.36,9,15,99,43,0.47,48,36,0.29,0.36,0.31,0.4,0.36,0.46,0.38,48,7,8
"llama3","seed_206","untrained","all_domains_0_samples",0,"temp_025","zero_shot","unstructured","fact_first","json","test_set_1",0.56,0.44,0,3,99,99,55,0.57,42,0,0,0,0,0,0,0,0,0,55,44
"llama2","seed_206","untrained","all_domains_0_samples",0,"greedy","zero_shot","structured","fact_first","json","test_set_1",0.19,0.81,0,42,99,99,19,0.33,39,0,0,0,0,0,0,0,0,0,19,80
"llama3","seed_206","trained","all_domains_1_samples",1,"temp_025","zero_shot","structured","fact_first","json","test_set_1",0.38,0.62,0,23,99,99,38,0.49,39,0,0,0,0,0,0,0,0,0,38,61
"llama3","seed_989","trained","all_domains_1_samples",1,"temp_025","few_shot","unstructured","answer_first","json","test_set_1",0.43,0.57,0.37,0,12,99,43,0.43,57,37,0.43,0.29,0.38,0.33,0.43,0.38,0.38,50,6,6
"llama2","seed_206","untrained","all_domains_0_samples",0,"greedy","few_shot","structured","answer_first","json","test_set_1",0.37,0.63,0.21,0,45,99,37,0.37,63,21,0.21,0.07,0.38,0.2,0.07,0.38,0.19,33,16,29
"llama2","seed_206","untrained","all_domains_0_samples",0,"greedy","few_shot","structured","fact_first","json","test_set_1",0.18,0.82,0.08,36,48,99,18,0.28,46,8,0,0.07,0.08,0.07,0.07,0.08,0.19,43,10,38
"llama3","seed_206","untrained","all_domains_0_samples",0,"temp_025","few_shot","unstructured","fact_first","json","test_set_1",0.6,0.4,0.3,0,47,99,59,0.59,41,30,0.29,0.21,0.46,0.33,0.29,0.31,0.25,22,29,18
"llama3","seed_989","trained","all_domains_1_samples",1,"greedy","zero_shot","unstructured","answer_first","json","test_set_1",0.43,0.57,0.32,16,24,99,43,0.51,41,32,0.29,0.36,0.23,0.6,0.07,0.54,0.19,43,11,13
"llama2","seed_206","untrained","all_domains_0_samples",0,"temp_025","few_shot","unstructured","answer_first","json","test_set_1",0.37,0.63,0.24,0,27,99,37,0.37,63,24,0.29,0.43,0.31,0.07,0.07,0.23,0.31,48,13,14
"llama3","seed_206","untrained","all_domains_0_samples",0,"temp_025","few_shot","structured","fact_first","json","test_set_1",0.59,0.41,0.4,1,32,99,58,0.59,41,40,0.36,0.21,0.46,0.67,0.21,0.54,0.38,27,18,14
"llama3","seed_989","untrained","all_domains_0_samples",0,"greedy","few_shot","structured","answer_first","json","test_set_1",0.47,0.53,0.29,0,40,99,47,0.47,53,29,0.29,0.07,0.38,0.33,0.5,0.31,0.19,30,18,22
"llama2","seed_206","untrained","all_domains_0_samples",0,"greedy","zero_shot","unstructured","fact_first","json","test_set_1",0.2,0.8,0,46,99,99,20,0.37,34,0,0,0,0,0,0,0,0,0,20,79
"llama3","seed_989","trained","all_domains_1_samples",1,"greedy","zero_shot","structured","answer_first","json","test_set_1",0.31,0.69,0,34,99,99,31,0.47,35,0,0,0,0,0,0,0,0,0,31,68
"llama3","seed_206","trained","all_domains_1_samples",1,"temp_06","zero_shot","unstructured","fact_first","json","test_set_1",0.46,0.54,0.09,7,80,99,46,0.49,47,9,0.07,0.07,0.31,0,0,0.23,0,10,37,43
"llama3","seed_989","untrained","all_domains_0_samples",0,"temp_025","few_shot","unstructured","answer_first","json","test_set_1",0.47,0.53,0.18,0,65,99,47,0.47,53,18,0.07,0.07,0.31,0.13,0.36,0.23,0.13,16,29,36
"llama2","seed_206","trained","all_domains_1_samples",1,"temp_06","zero_shot","structured","answer_first","json","test_set_1",0.29,0.71,0.03,10,90,99,29,0.32,61,3,0.14,0.07,0,0,0,0,0,6,26,64
"llama3","seed_989","untrained","all_domains_0_samples",0,"greedy","zero_shot","unstructured","answer_first","json","test_set_1",0.44,0.56,0,16,99,99,44,0.52,40,0,0,0,0,0,0,0,0,0,44,55
"llama2","seed_206","untrained","all_domains_0_samples",0,"temp_025","zero_shot","unstructured","answer_first","json","test_set_1",0.32,0.68,0,4,99,99,32,0.33,64,0,0,0,0,0,0,0,0,0,32,67
"llama3","seed_206","untrained","all_domains_0_samples",0,"temp_025","zero_shot","structured","fact_first","json","test_set_1",0.43,0.57,0,17,99,99,43,0.52,40,0,0,0,0,0,0,0,0,0,43,56
"llama2","seed_206","untrained","all_domains_0_samples",0,"greedy","few_shot","unstructured","fact_first","json","test_set_1",0.07,0.93,0.04,81,29,99,7,0.37,12,4,0.07,0.14,0.08,0,0,0,0,66,3,26
"llama3","seed_206","untrained","all_domains_0_samples",0,"temp_06","zero_shot","unstructured","fact_first","json","test_set_1",0.54,0.46,0,4,99,99,53,0.55,43,0,0,0,0,0,0,0,0,0,53,46
"llama2","seed_206","trained","all_domains_1_samples",1,"temp_025","zero_shot","structured","fact_first","json","test_set_1",0.23,0.77,0.01,17,92,99,23,0.28,60,1,0,0,0,0.07,0,0,0,6,22,70
"llama3","seed_206","trained","all_domains_1_samples",1,"temp_06","few_shot","unstructured","fact_first","json","test_set_1",0.47,0.53,0.37,5,20,99,47,0.49,48,37,0.36,0.29,0.54,0.33,0.29,0.54,0.31,42,10,10
"llama3","seed_989","untrained","all_domains_0_samples",0,"greedy","zero_shot","structured","answer_first","json","test_set_1",0.48,0.52,0,3,99,99,48,0.49,49,0,0,0,0,0,0,0,0,0,48,51
"llama3","seed_989","trained","all_domains_1_samples",1,"temp_025","zero_shot","unstructured","answer_first","json","test_set_1",0.43,0.57,0.31,17,26,99,43,0.52,40,31,0.29,0.29,0.31,0.6,0,0.54,0.19,42,12,14
"llama3","seed_989","trained","all_domains_1_samples",1,"temp_025","few_shot","structured","answer_first","json","test_set_1",0.46,0.54,0.34,0,28,99,46,0.46,54,34,0.36,0.21,0.38,0.33,0.43,0.54,0.19,37,12,16
"llama3","seed_206","trained","all_domains_1_samples",1,"temp_06","few_shot","structured","fact_first","json","test_set_1",0.57,0.43,0.41,0,29,99,56,0.56,44,41,0.5,0.21,0.54,0.53,0.29,0.69,0.19,29,15,14
"llama3","seed_989","trained","all_domains_1_samples",1,"temp_06","few_shot","unstructured","answer_first","json","test_set_1",0.48,0.52,0.41,0,15,99,48,0.48,52,41,0.5,0.36,0.31,0.4,0.43,0.54,0.38,43,7,8
"llama3","seed_206","trained","all_domains_1_samples",1,"temp_06","zero_shot","structured","fact_first","json","test_set_1",0.39,0.61,0,24,99,99,39,0.51,37,0,0,0,0,0,0,0,0,0,39,60
"llama3","seed_206","untrained","all_domains_0_samples",0,"temp_06","few_shot","unstructured","fact_first","json","test_set_1",0.6,0.4,0.24,0,54,99,59,0.59,41,24,0.29,0.14,0.54,0.47,0.14,0.08,0.06,21,35,19
"llama2","seed_206","trained","all_domains_1_samples",1,"temp_025","zero_shot","unstructured","fact_first","json","test_set_1",0.11,0.89,0.03,54,66,99,11,0.24,35,3,0,0.07,0.08,0,0,0.08,0,30,8,58
"llama2","seed_206","trained","all_domains_10_samples",10,"greedy","few_shot","structured","answer_first","json","test_set_1",0.31,0.69,0.29,17,25,99,31,0.37,52,29,0.14,0.36,0.46,0.2,0.21,0.08,0.56,45,2,23
"llama3","seed_989","trained","all_domains_1_samples",1,"greedy","zero_shot","unstructured","fact_first","json","test_set_1",0.52,0.48,0.03,8,94,99,51,0.55,41,3,0.07,0,0.08,0,0,0.08,0,2,48,46
"llama2","seed_206","untrained","all_domains_0_samples",0,"temp_06","zero_shot","structured","answer_first","json","test_set_1",0.3,0.7,0,10,99,99,30,0.33,60,0,0,0,0,0,0,0,0,0,30,69
"llama2","seed_206","trained","all_domains_1_samples",1,"temp_06","zero_shot","unstructured","answer_first","json","test_set_1",0.3,0.7,0.04,3,78,99,30,0.31,67,4,0,0.14,0,0,0,0.15,0,17,26,52
"llama3","seed_989","untrained","all_domains_0_samples",0,"temp_025","zero_shot","unstructured","answer_first","json","test_set_1",0.42,0.58,0,16,99,99,42,0.5,42,0,0,0,0,0,0,0,0,0,42,57
"llama2","seed_206","trained","all_domains_1_samples",1,"temp_025","few_shot","structured","answer_first","json","test_set_1",0.38,0.62,0.17,0,50,99,38,0.38,62,17,0.36,0,0.31,0,0.21,0.23,0.13,32,21,29
"llama3","seed_989","untrained","all_domains_0_samples",0,"temp_06","few_shot","unstructured","answer_first","json","test_set_1",0.48,0.52,0.18,0,64,99,48,0.48,52,18,0.36,0,0.31,0.13,0.21,0.31,0,17,30,34
"llama3","seed_989","trained","all_domains_1_samples",1,"temp_025","zero_shot","structured","answer_first","json","test_set_1",0.3,0.7,0,33,99,99,30,0.45,37,0,0,0,0,0,0,0,0,0,30,69
"llama2","seed_206","trained","all_domains_1_samples",1,"temp_025","few_shot","structured","fact_first","json","test_set_1",0.38,0.62,0.21,11,50,99,38,0.43,51,21,0.21,0,0.54,0,0.21,0.38,0.19,28,17,33
"llama3","seed_989","untrained","all_domains_0_samples",0,"greedy","zero_shot","unstructured","fact_first","json","test_set_1",0.57,0.43,0,4,99,99,56,0.58,40,0,0,0,0,0,0,0,0,0,56,43
"llama2","seed_206","trained","all_domains_1_samples",1,"temp_06","few_shot","unstructured","answer_first","json","test_set_1",0.36,0.64,0.22,0,31,99,36,0.36,64,22,0.21,0.43,0.31,0.13,0,0.23,0.25,46,14,17
"llama3","seed_989","untrained","all_domains_0_samples",0,"temp_025","few_shot","structured","answer_first","json","test_set_1",0.49,0.51,0.23,0,54,99,49,0.49,51,23,0.14,0.21,0.31,0.27,0.21,0.31,0.19,22,26,28
"llama3","seed_206","untrained","all_domains_0_samples",0,"temp_06","few_shot","structured","fact_first","json","test_set_1",0.52,0.48,0.27,8,51,99,51,0.55,41,27,0.5,0.07,0.54,0.4,0.14,0.15,0.13,21,24,27
"llama3","seed_206","untrained","all_domains_0_samples",0,"temp_06","zero_shot","structured","fact_first","json","test_set_1",0.4,0.6,0,23,99,99,40,0.52,37,0,0,0,0,0,0,0,0,0,40,59
"llama3","seed_989","trained","all_domains_1_samples",1,"temp_06","zero_shot","unstructured","answer_first","json","test_set_1",0.41,0.59,0.31,12,26,99,41,0.47,47,31,0.29,0.43,0.23,0.6,0.07,0.31,0.25,42,10,16
"llama3","seed_206","trained","all_domains_10_samples",10,"greedy","few_shot","structured","answer_first","json","test_set_1",0.4,0.6,0.38,0,8,99,40,0.4,60,38,0.5,0.21,0.62,0.47,0.36,0.31,0.25,53,2,6
"llama2","seed_206","untrained","all_domains_0_samples",0,"temp_025","zero_shot","structured","fact_first","json","test_set_1",0.2,0.8,0,44,99,99,20,0.36,36,0,0,0,0,0,0,0,0,0,20,79
"llama3","seed_989","trained","all_domains_1_samples",1,"greedy","few_shot","unstructured","fact_first","json","test_set_1",0.45,0.55,0.38,16,14,99,45,0.54,39,38,0.5,0.36,0.38,0.47,0.36,0.31,0.31,47,7,7
"llama3","seed_989","trained","all_domains_1_samples",1,"temp_025","zero_shot","unstructured","fact_first","json","test_set_1",0.52,0.48,0.04,5,91,99,51,0.54,44,4,0,0,0.15,0.07,0,0.08,0,4,47,44
"llama3","seed_989","untrained","all_domains_0_samples",0,"temp_025","zero_shot","structured","answer_first","json","test_set_1",0.46,0.54,0,3,99,99,46,0.47,51,0,0,0,0,0,0,0,0,0,46,53
"llama2","seed_206","untrained","all_domains_0_samples",0,"temp_06","zero_shot","unstructured","answer_first","json","test_set_1",0.31,0.69,0,13,99,99,31,0.36,56,0,0,0,0,0,0,0,0,0,31,68
"llama2","seed_206","trained","all_domains_1_samples",1,"temp_025","few_shot","unstructured","fact_first","json","test_set_1",0.13,0.87,0.06,60,26,99,13,0.33,27,6,0,0.21,0.08,0.07,0.07,0,0,67,7,19
"llama2","seed_989","trained","all_domains_1_samples",1,"greedy","zero_shot","structured","answer_first","json","test_set_1",0.39,0.61,0,3,99,99,39,0.4,58,0,0,0,0,0,0,0,0,0,39,60
"llama3","seed_989","untrained","all_domains_0_samples",0,"temp_06","zero_shot","unstructured","answer_first","json","test_set_1",0.37,0.63,0,16,99,99,37,0.44,47,0,0,0,0,0,0,0,0,0,37,62
"llama3","seed_206","trained","all_domains_1_samples",1,"greedy","few_shot","unstructured","answer_first","json","test_set_2",0.54,0.46,0.39,0,21,100,54,0.54,46,39,0.43,0.27,0.29,0.2,0.4,0.71,0.46,40,15,6
"llama3","seed_989","untrained","all_domains_0_samples",0,"temp_025","zero_shot","unstructured","fact_first","json","test_set_1",0.61,0.39,0,3,99,99,60,0.62,37,0,0,0,0,0,0,0,0,0,60,39
"llama3","seed_989","trained","all_domains_1_samples",1,"greedy","zero_shot","structured","fact_first","json","test_set_1",0.42,0.58,0,27,99,99,42,0.58,31,0,0,0,0,0,0,0,0,0,42,57
"llama2","seed_206","untrained","all_domains_0_samples",0,"temp_025","zero_shot","unstructured","fact_first","json","test_set_1",0.21,0.79,0,43,99,99,21,0.37,36,0,0,0,0,0,0,0,0,0,21,78
"llama3","seed_989","untrained","all_domains_0_samples",0,"greedy","few_shot","unstructured","fact_first","json","test_set_1",0.61,0.39,0.35,0,46,99,60,0.6,40,35,0.14,0.14,0.54,0.4,0.36,0.54,0.38,18,25,21
"llama3","seed_989","trained","all_domains_1_samples",1,"temp_06","few_shot","structured","answer_first","json","test_set_1",0.51,0.49,0.34,0,26,99,50,0.5,50,34,0.36,0.21,0.38,0.47,0.29,0.46,0.25,39,16,10
"llama3","seed_989","trained","all_domains_1_samples",1,"greedy","few_shot","structured","fact_first","json","test_set_1",0.49,0.51,0.35,0,30,99,49,0.49,51,35,0.36,0.14,0.54,0.53,0.29,0.38,0.25,34,14,16
"llama3","seed_206","trained","all_domains_10_samples",10,"temp_025","few_shot","structured","answer_first","json","test_set_1",0.4,0.6,0.38,0,8,99,40,0.4,60,38,0.5,0.21,0.62,0.47,0.36,0.31,0.25,53,2,6
"llama3","seed_206","untrained","all_domains_0_samples",0,"greedy","few_shot","unstructured","answer_first","json","test_set_2",0.52,0.48,0.18,0,66,100,52,0.52,48,18,0.07,0.07,0.29,0.07,0.4,0.29,0.08,16,34,32
"llama2","seed_206","trained","all_domains_10_samples",10,"temp_025","few_shot","structured","answer_first","json","test_set_1",0.28,0.72,0.26,16,24,99,28,0.33,56,26,0.29,0.29,0.38,0.13,0.29,0.08,0.38,49,2,22
"llama3","seed_206","trained","all_domains_1_samples",1,"greedy","zero_shot","unstructured","answer_first","json","test_set_2",0.49,0.51,0.34,14,29,100,49,0.57,37,34,0.5,0.2,0.21,0.47,0.07,0.5,0.46,37,15,14
"llama3","seed_989","trained","all_domains_1_samples",1,"temp_06","zero_shot","structured","answer_first","json","test_set_1",0.35,0.65,0,33,99,99,35,0.52,32,0,0,0,0,0,0,0,0,0,35,64
"llama2","seed_206","trained","all_domains_1_samples",1,"temp_06","zero_shot","structured","fact_first","json","test_set_1",0.19,0.81,0.03,32,86,99,19,0.28,49,3,0,0,0,0.07,0.07,0.08,0,10,16,70
"llama3","seed_989","trained","all_domains_1_samples",1,"temp_06","zero_shot","unstructured","fact_first","json","test_set_1",0.54,0.46,0.08,3,83,99,53,0.55,44,8,0.14,0.21,0,0.13,0,0,0.06,8,45,38
"llama2","seed_206","untrained","all_domains_0_samples",0,"temp_025","few_shot","structured","answer_first","json","test_set_1",0.37,0.63,0.22,0,37,99,37,0.37,63,22,0.36,0.14,0.38,0.07,0.07,0.23,0.31,40,15,22
"llama3","seed_989","untrained","all_domains_0_samples",0,"greedy","zero_shot","structured","fact_first","json","test_set_1",0.41,0.59,0,18,99,99,41,0.5,41,0,0,0,0,0,0,0,0,0,41,58
"llama2","seed_206","untrained","all_domains_0_samples",0,"temp_025","few_shot","structured","fact_first","json","test_set_1",0.3,0.7,0.18,25,39,99,30,0.4,45,18,0.14,0.21,0.23,0.07,0,0.31,0.31,42,12,27
"llama2","seed_206","untrained","all_domains_0_samples",0,"temp_06","few_shot","unstructured","answer_first","json","test_set_1",0.31,0.69,0.17,0,33,99,31,0.31,69,17,0.21,0.21,0.31,0.13,0.07,0.08,0.19,49,14,19
"llama3","seed_206","untrained","all_domains_0_samples",0,"greedy","zero_shot","unstructured","answer_first","json","test_set_2",0.42,0.58,0,6,100,100,42,0.45,52,0,0,0,0,0,0,0,0,0,42,58
"llama3","seed_989","untrained","all_domains_0_samples",0,"temp_06","few_shot","structured","answer_first","json","test_set_1",0.51,0.49,0.22,0,56,99,50,0.5,50,22,0.21,0.07,0.15,0.2,0.29,0.31,0.31,21,28,28
"llama3","seed_989","trained","all_domains_1_samples",1,"temp_025","few_shot","unstructured","fact_first","json","test_set_1",0.45,0.55,0.38,10,13,99,45,0.5,45,38,0.5,0.21,0.31,0.4,0.5,0.46,0.31,48,7,6
"llama3","seed_989","untrained","all_domains_0_samples",0,"greedy","few_shot","structured","fact_first","json","test_set_1",0.53,0.47,0.36,0,31,99,52,0.52,48,36,0.43,0,0.54,0.53,0.21,0.62,0.25,32,16,15
"llama2","seed_206","trained","all_domains_1_samples",1,"temp_06","zero_shot","unstructured","fact_first","json","test_set_1",0.14,0.86,0.03,39,70,99,14,0.23,47,3,0,0.07,0,0.07,0,0.08,0,26,11,59
"llama2","seed_989","trained","all_domains_1_samples",1,"greedy","zero_shot","unstructured","answer_first","json","test_set_1",0.35,0.65,0,1,98,99,35,0.35,64,0,0,0,0,0,0,0,0,1,35,63
"llama3","seed_989","untrained","all_domains_0_samples",0,"temp_06","zero_shot","unstructured","fact_first","json","test_set_1",0.49,0.51,0,4,99,99,49,0.51,47,0,0,0,0,0,0,0,0,0,49,50
"llama3","seed_989","untrained","all_domains_0_samples",0,"temp_06","zero_shot","structured","answer_first","json","test_set_1",0.46,0.54,0,5,99,99,46,0.48,49,0,0,0,0,0,0,0,0,0,46,53
"llama2","seed_989","untrained","all_domains_0_samples",0,"greedy","zero_shot","structured","answer_first","json","test_set_1",0.38,0.62,0,3,99,99,38,0.39,59,0,0,0,0,0,0,0,0,0,38,61
"llama3","seed_206","trained","all_domains_1_samples",1,"temp_025","few_shot","unstructured","answer_first","json","test_set_2",0.56,0.44,0.41,0,21,100,56,0.56,44,41,0.57,0.27,0.29,0.2,0.4,0.71,0.46,38,15,6
"llama3","seed_206","trained","all_domains_10_samples",10,"temp_06","few_shot","structured","answer_first","json","test_set_1",0.43,0.57,0.41,0,8,99,43,0.43,57,41,0.5,0.21,0.69,0.47,0.43,0.38,0.25,50,2,6
"llama2","seed_206","untrained","all_domains_0_samples",0,"temp_025","few_shot","unstructured","fact_first","json","test_set_1",0.11,0.89,0.1,70,28,99,11,0.37,19,10,0,0.43,0.08,0,0.07,0.15,0,61,1,27
"llama3","seed_989","untrained","all_domains_0_samples",0,"temp_025","few_shot","unstructured","fact_first","json","test_set_1",0.55,0.45,0.24,0,54,99,54,0.54,46,24,0.14,0,0.38,0.53,0.14,0.31,0.19,21,30,24
"llama3","seed_989","trained","all_domains_1_samples",1,"temp_025","zero_shot","structured","fact_first","json","test_set_1",0.38,0.62,0,26,99,99,38,0.51,36,0,0,0,0,0,0,0,0,0,38,61
"llama3","seed_206","trained","all_domains_1_samples",1,"temp_025","zero_shot","unstructured","answer_first","json","test_set_2",0.49,0.51,0.33,13,29,100,49,0.56,38,33,0.5,0.2,0.21,0.47,0.07,0.5,0.38,38,16,13
"llama3","seed_206","trained","all_domains_1_samples",1,"greedy","zero_shot","unstructured","fact_first","json","test_set_2",0.51,0.49,0,5,100,100,51,0.54,44,0,0,0,0,0,0,0,0,0,51,49
"llama2","seed_206","untrained","all_domains_0_samples",0,"temp_06","zero_shot","structured","fact_first","json","test_set_1",0.09,0.91,0,70,99,99,9,0.3,21,0,0,0,0,0,0,0,0,0,9,90
"llama3","seed_206","trained","all_domains_1_samples",1,"greedy","few_shot","structured","answer_first","json","test_set_2",0.54,0.46,0.36,0,36,100,54,0.54,46,36,0.5,0.07,0.21,0.33,0.33,0.71,0.38,28,18,18
"llama2","seed_206","untrained","all_domains_0_samples",0,"temp_06","zero_shot","unstructured","fact_first","json","test_set_1",0.15,0.85,0,52,99,99,15,0.31,33,0,0,0,0,0,0,0,0,0,15,84
"llama3","seed_206","untrained","all_domains_0_samples",0,"temp_025","few_shot","unstructured","answer_first","json","test_set_2",0.5,0.5,0.18,0,63,100,50,0.5,50,18,0.14,0.07,0.21,0.13,0.27,0.21,0.23,19,32,31
"llama3","seed_989","trained","all_domains_1_samples",1,"temp_025","few_shot","structured","fact_first","json","test_set_1",0.57,0.43,0.42,1,30,99,56,0.57,43,42,0.5,0.14,0.54,0.67,0.43,0.62,0.13,27,14,16
"llama3","seed_206","untrained","all_domains_0_samples",0,"temp_025","zero_shot","unstructured","answer_first","json","test_set_2",0.42,0.58,0,9,100,100,42,0.46,49,0,0,0,0,0,0,0,0,0,42,58
"llama3","seed_206","trained","all_domains_1_samples",1,"greedy","zero_shot","structured","answer_first","json","test_set_2",0.39,0.61,0,28,100,100,39,0.54,33,0,0,0,0,0,0,0,0,0,39,61
"llama3","seed_206","untrained","all_domains_0_samples",0,"greedy","zero_shot","unstructured","fact_first","json","test_set_2",0.48,0.52,0,2,100,100,48,0.49,50,0,0,0,0,0,0,0,0,0,48,52
"llama3","seed_989","untrained","all_domains_0_samples",0,"temp_025","zero_shot","structured","fact_first","json","test_set_1",0.44,0.56,0,18,99,99,44,0.54,38,0,0,0,0,0,0,0,0,0,44,55
"llama3","seed_989","trained","all_domains_1_samples",1,"temp_06","few_shot","unstructured","fact_first","json","test_set_1",0.55,0.45,0.42,3,17,99,54,0.56,43,42,0.57,0.36,0.62,0.27,0.36,0.69,0.19,40,12,5
"llama3","seed_989","trained","all_domains_10_samples",10,"greedy","few_shot","structured","answer_first","json","test_set_1",0.4,0.6,0.38,0,8,99,40,0.4,60,38,0.5,0.21,0.62,0.47,0.36,0.31,0.25,53,2,6
"llama2","seed_206","trained","all_domains_10_samples",10,"temp_06","few_shot","structured","answer_first","json","test_set_1",0.36,0.64,0.32,12,20,99,36,0.41,52,32,0.36,0.5,0.46,0.13,0.14,0.08,0.56,47,4,16
"llama2","seed_989","trained","all_domains_1_samples",1,"temp_025","zero_shot","structured","answer_first","json","test_set_1",0.39,0.61,0,3,99,99,39,0.4,58,0,0,0,0,0,0,0,0,0,39,60
"llama2","seed_206","trained","all_domains_1_samples",1,"temp_06","few_shot","structured","answer_first","json","test_set_1",0.34,0.66,0.18,0,50,99,34,0.34,66,18,0.21,0.07,0.38,0.07,0.21,0.23,0.13,31,16,34
"llama2","seed_989","untrained","all_domains_0_samples",0,"greedy","zero_shot","unstructured","answer_first","json","test_set_1",0.4,0.6,0,2,99,99,40,0.41,58,0,0,0,0,0,0,0,0,0,40,59
"llama2","seed_989","trained","all_domains_1_samples",1,"greedy","zero_shot","structured","fact_first","json","test_set_1",0.27,0.73,0,13,98,99,27,0.31,60,0,0,0,0,0,0,0,0,1,27,71
"llama2","seed_989","trained","all_domains_1_samples",1,"greedy","few_shot","unstructured","answer_first","json","test_set_1",0.4,0.6,0.29,0,24,99,40,0.4,60,29,0.29,0.43,0.54,0.2,0.14,0.31,0.19,46,11,13
"llama3","seed_206","trained","all_domains_1_samples",1,"temp_06","zero_shot","unstructured","answer_first","json","test_set_2",0.47,0.53,0.3,10,35,100,47,0.52,43,30,0.36,0.13,0.07,0.33,0.07,0.71,0.46,35,17,18
"llama3","seed_206","untrained","all_domains_0_samples",0,"greedy","few_shot","structured","answer_first","json","test_set_2",0.49,0.51,0.27,0,45,100,49,0.49,51,27,0.29,0,0.21,0.33,0.33,0.43,0.31,28,22,23
"llama2","seed_206","trained","all_domains_1_samples",1,"temp_06","few_shot","structured","fact_first","json","test_set_1",0.26,0.74,0.11,21,56,99,26,0.33,53,11,0.29,0.07,0.15,0,0.07,0.15,0.06,32,15,41
"llama3","seed_206","untrained","all_domains_0_samples",0,"greedy","zero_shot","structured","answer_first","json","test_set_2",0.46,0.54,0,0,100,100,46,0.46,54,0,0,0,0,0,0,0,0,0,46,54
"llama3","seed_206","trained","all_domains_1_samples",1,"temp_025","zero_shot","unstructured","fact_first","json","test_set_2",0.58,0.42,0.01,4,97,100,58,0.6,38,1,0,0,0.07,0,0,0,0,2,57,40
"llama3","seed_989","untrained","all_domains_0_samples",0,"temp_025","few_shot","structured","fact_first","json","test_set_1",0.59,0.41,0.34,2,37,99,58,0.59,40,34,0.43,0,0.54,0.4,0.36,0.46,0.25,28,24,13
"llama3","seed_206","trained","all_domains_1_samples",1,"temp_06","few_shot","unstructured","answer_first","json","test_set_2",0.55,0.45,0.39,0,25,100,55,0.55,45,39,0.57,0.2,0.21,0.2,0.4,0.71,0.46,36,16,9
"llama3","seed_989","untrained","all_domains_0_samples",0,"temp_06","few_shot","unstructured","fact_first","json","test_set_1",0.56,0.44,0.25,0,54,99,55,0.55,45,25,0.29,0.21,0.54,0.4,0.07,0.31,0,20,30,24
"llama3","seed_989","trained","all_domains_1_samples",1,"temp_06","zero_shot","structured","fact_first","json","test_set_1",0.46,0.54,0,24,99,99,46,0.61,30,0,0,0,0,0,0,0,0,0,46,53
"llama3","seed_206","untrained","all_domains_0_samples",0,"temp_06","zero_shot","unstructured","answer_first","json","test_set_2",0.4,0.6,0,11,100,100,40,0.45,49,0,0,0,0,0,0,0,0,0,40,60
"llama2","seed_989","trained","all_domains_1_samples",1,"greedy","zero_shot","unstructured","fact_first","json","test_set_1",0.07,0.93,0.04,66,81,99,7,0.21,27,4,0,0.07,0.15,0,0,0,0.06,14,3,78
"llama3","seed_206","untrained","all_domains_0_samples",0,"temp_025","zero_shot","unstructured","fact_first","json","test_set_2",0.45,0.55,0,1,100,100,45,0.45,54,0,0,0,0,0,0,0,0,0,45,55
"llama2","seed_206","trained","all_domains_1_samples",1,"temp_06","few_shot","unstructured","fact_first","json","test_set_1",0.24,0.76,0.17,30,26,99,24,0.34,46,17,0.21,0.14,0.38,0.2,0.07,0.15,0.06,56,7,19
"llama3","seed_989","trained","all_domains_10_samples",10,"temp_025","few_shot","structured","answer_first","json","test_set_1",0.41,0.59,0.39,0,8,99,41,0.41,59,39,0.5,0.21,0.62,0.47,0.43,0.31,0.25,52,2,6
"llama3","seed_206","untrained","all_domains_0_samples",0,"temp_06","few_shot","unstructured","answer_first","json","test_set_2",0.52,0.48,0.17,0,69,100,52,0.52,48,17,0.36,0.13,0.14,0.2,0.07,0.21,0.08,14,35,34
"llama3","seed_206","trained","all_domains_1_samples",1,"temp_025","zero_shot","structured","answer_first","json","test_set_2",0.35,0.65,0,29,100,100,35,0.49,36,0,0,0,0,0,0,0,0,0,35,65
"llama3","seed_206","trained","all_domains_1_samples",1,"temp_025","few_shot","structured","answer_first","json","test_set_2",0.54,0.46,0.35,0,37,100,54,0.54,46,35,0.5,0,0.21,0.4,0.33,0.71,0.31,28,19,18
"llama3","seed_206","trained","all_domains_1_samples",1,"greedy","few_shot","unstructured","fact_first","json","test_set_2",0.47,0.53,0.34,10,22,100,47,0.52,43,34,0.5,0.27,0.21,0.13,0.47,0.5,0.31,44,13,9
"llama3","seed_989","trained","all_domains_1_samples",1,"temp_06","few_shot","structured","fact_first","json","test_set_1",0.55,0.45,0.41,0,34,99,54,0.54,46,41,0.43,0.29,0.46,0.47,0.36,0.69,0.25,24,13,21
"llama3","seed_206","trained","all_domains_1_samples",1,"temp_06","zero_shot","unstructured","fact_first","json","test_set_2",0.56,0.44,0.02,3,87,100,56,0.58,41,2,0,0,0,0,0,0.07,0.08,11,54,33
"llama3","seed_989","trained","all_domains_1_samples",1,"greedy","zero_shot","unstructured","answer_first","json","test_set_2",0.49,0.51,0.34,14,29,100,49,0.57,37,34,0.5,0.2,0.21,0.47,0.07,0.5,0.46,37,15,14
"llama3","seed_989","untrained","all_domains_0_samples",0,"temp_06","zero_shot","structured","fact_first","json","test_set_1",0.37,0.63,0,26,99,99,37,0.5,37,0,0,0,0,0,0,0,0,0,37,62
"llama2","seed_989","trained","all_domains_1_samples",1,"temp_025","zero_shot","unstructured","answer_first","json","test_set_1",0.33,0.67,0.05,0,90,99,33,0.33,67,5,0.07,0.07,0.08,0.07,0,0.08,0,4,28,62
"llama2","seed_989","untrained","all_domains_0_samples",0,"temp_025","zero_shot","structured","answer_first","json","test_set_1",0.39,0.61,0,3,99,99,39,0.4,58,0,0,0,0,0,0,0,0,0,39,60
"llama3","seed_989","untrained","all_domains_0_samples",0,"greedy","zero_shot","unstructured","answer_first","json","test_set_2",0.42,0.58,0,6,100,100,42,0.45,52,0,0,0,0,0,0,0,0,0,42,58
"llama2","seed_989","untrained","all_domains_0_samples",0,"greedy","zero_shot","structured","fact_first","json","test_set_1",0.19,0.81,0,42,99,99,19,0.33,39,0,0,0,0,0,0,0,0,0,19,80
"llama2","seed_989","trained","all_domains_10_samples",10,"greedy","few_shot","structured","answer_first","json","test_set_1",0.31,0.69,0.29,17,25,99,31,0.37,52,29,0.14,0.36,0.46,0.2,0.21,0.08,0.56,45,2,23
"llama3","seed_206","untrained","all_domains_0_samples",0,"temp_06","zero_shot","unstructured","fact_first","json","test_set_2",0.49,0.51,0,0,100,100,49,0.49,51,0,0,0,0,0,0,0,0,0,49,51
"llama3","seed_206","untrained","all_domains_0_samples",0,"greedy","few_shot","unstructured","fact_first","json","test_set_2",0.56,0.44,0.3,0,47,100,56,0.56,44,30,0.43,0.13,0.29,0.33,0.33,0.36,0.23,23,26,21
"llama3","seed_989","trained","all_domains_10_samples",10,"temp_06","few_shot","structured","answer_first","json","test_set_1",0.41,0.59,0.39,0,7,99,41,0.41,59,39,0.5,0.21,0.62,0.47,0.43,0.31,0.25,53,2,5
"llama3","seed_206","untrained","all_domains_0_samples",0,"temp_025","zero_shot","structured","answer_first","json","test_set_2",0.45,0.55,0,0,100,100,45,0.45,55,0,0,0,0,0,0,0,0,0,45,55
"llama3","seed_989","trained","all_domains_1_samples",1,"greedy","few_shot","unstructured","answer_first","json","test_set_2",0.54,0.46,0.39,0,21,100,54,0.54,46,39,0.43,0.27,0.29,0.2,0.4,0.71,0.46,40,15,6
"llama2","seed_206","untrained","all_domains_0_samples",0,"temp_06","few_shot","structured","answer_first","json","test_set_1",0.3,0.7,0.16,0,44,99,30,0.3,70,16,0.29,0.14,0.23,0.07,0.07,0.08,0.25,39,14,30
"llama2","seed_989","untrained","all_domains_0_samples",0,"greedy","few_shot","unstructured","answer_first","json","test_set_1",0.39,0.61,0.27,0,28,99,39,0.39,61,27,0.29,0.5,0.31,0.13,0.07,0.38,0.25,44,12,16
"llama3","seed_206","untrained","all_domains_0_samples",0,"temp_025","few_shot","structured","answer_first","json","test_set_2",0.49,0.51,0.21,0,59,100,49,0.49,51,21,0.21,0,0.29,0.07,0.27,0.43,0.23,20,28,31
"llama2","seed_206","untrained","all_domains_0_samples",0,"temp_06","few_shot","structured","fact_first","json","test_set_1",0.28,0.72,0.15,16,45,99,28,0.33,56,15,0,0.14,0.15,0.07,0,0.38,0.31,39,13,32
"llama3","seed_989","untrained","all_domains_0_samples",0,"temp_06","few_shot","structured","fact_first","json","test_set_1",0.49,0.51,0.28,4,49,99,49,0.51,47,28,0.36,0.21,0.31,0.33,0.07,0.54,0.19,22,21,28
"llama3","seed_206","trained","all_domains_1_samples",1,"greedy","zero_shot","structured","fact_first","json","test_set_2",0.35,0.65,0,21,100,100,35,0.44,44,0,0,0,0,0,0,0,0,0,35,65
"llama2","seed_989","untrained","all_domains_0_samples",0,"greedy","zero_shot","unstructured","fact_first","json","test_set_1",0.2,0.8,0,46,99,99,20,0.37,34,0,0,0,0,0,0,0,0,0,20,79
"llama3","seed_989","trained","all_domains_1_samples",1,"greedy","zero_shot","unstructured","fact_first","json","test_set_2",0.51,0.49,0,5,100,100,51,0.54,44,0,0,0,0,0,0,0,0,0,51,49
"llama3","seed_989","untrained","all_domains_0_samples",0,"greedy","few_shot","unstructured","answer_first","json","test_set_2",0.52,0.48,0.18,0,66,100,52,0.52,48,18,0.07,0.07,0.29,0.07,0.4,0.29,0.08,16,34,32
"llama3","seed_989","trained","all_domains_1_samples",1,"temp_025","zero_shot","unstructured","answer_first","json","test_set_2",0.47,0.53,0.31,15,31,100,47,0.55,38,31,0.5,0.13,0.21,0.47,0.07,0.5,0.31,38,16,15
"llama2","seed_206","untrained","all_domains_0_samples",0,"temp_06","few_shot","unstructured","fact_first","json","test_set_1",0.28,0.72,0.16,25,38,99,28,0.37,47,16,0.21,0.21,0.15,0.07,0.07,0.31,0.13,45,12,26
"llama2","seed_989","trained","all_domains_1_samples",1,"temp_06","zero_shot","structured","answer_first","json","test_set_1",0.24,0.76,0.01,16,93,99,24,0.29,60,1,0,0.07,0,0,0,0,0,5,23,70
"llama3","seed_206","trained","all_domains_1_samples",1,"temp_06","zero_shot","structured","answer_first","json","test_set_2",0.36,0.64,0.01,33,99,100,36,0.54,31,1,0,0,0,0.07,0,0,0,0,35,64
"llama3","seed_206","trained","all_domains_1_samples",1,"temp_025","few_shot","unstructured","fact_first","json","test_set_2",0.47,0.53,0.33,13,24,100,47,0.54,40,33,0.57,0.27,0.36,0.2,0.27,0.5,0.15,43,14,10
"llama3","seed_206","trained","all_domains_10_samples",10,"greedy","few_shot","structured","answer_first","json","test_set_2",0.58,0.42,0.49,0,12,100,58,0.58,42,49,0.64,0.27,0.43,0.4,0.33,0.86,0.54,39,9,3
"llama3","seed_989","untrained","all_domains_0_samples",0,"greedy","zero_shot","unstructured","fact_first","json","test_set_2",0.48,0.52,0,2,100,100,48,0.49,50,0,0,0,0,0,0,0,0,0,48,52
"llama2","seed_989","untrained","all_domains_0_samples",0,"temp_025","zero_shot","unstructured","answer_first","json","test_set_1",0.36,0.64,0,5,99,99,36,0.38,59,0,0,0,0,0,0,0,0,0,36,63
"llama3","seed_989","untrained","all_domains_0_samples",0,"temp_025","zero_shot","unstructured","answer_first","json","test_set_2",0.41,0.59,0,8,100,100,41,0.45,51,0,0,0,0,0,0,0,0,0,41,59
"llama2","seed_989","trained","all_domains_1_samples",1,"temp_025","zero_shot","structured","fact_first","json","test_set_1",0.26,0.74,0.01,20,91,99,26,0.33,54,1,0,0,0,0.07,0,0,0,7,25,66
"llama3","seed_206","untrained","all_domains_0_samples",0,"greedy","zero_shot","structured","fact_first","json","test_set_2",0.42,0.58,0,29,100,100,42,0.59,29,0,0,0,0,0,0,0,0,0,42,58
"llama3","seed_206","trained","all_domains_1_samples",1,"temp_06","few_shot","structured","answer_first","json","test_set_2",0.53,0.47,0.32,0,37,100,53,0.53,47,32,0.43,0.07,0.29,0.27,0.27,0.64,0.31,31,21,16
"llama3","seed_206","trained","all_domains_1_samples",1,"greedy","few_shot","structured","fact_first","json","test_set_2",0.56,0.44,0.31,0,42,100,56,0.56,44,31,0.71,0,0.21,0.33,0.07,0.5,0.38,27,25,17
"llama3","seed_206","untrained","all_domains_0_samples",0,"temp_025","few_shot","unstructured","fact_first","json","test_set_2",0.55,0.45,0.27,0,55,100,55,0.55,45,27,0.36,0.2,0.36,0.33,0.2,0.29,0.15,18,28,27
"llama3","seed_989","trained","all_domains_1_samples",1,"temp_025","few_shot","unstructured","answer_first","json","test_set_2",0.53,0.47,0.38,0,22,100,53,0.53,47,38,0.43,0.27,0.29,0.2,0.33,0.71,0.46,40,15,7
"llama3","seed_206","untrained","all_domains_0_samples",0,"temp_06","zero_shot","structured","answer_first","json","test_set_2",0.48,0.52,0,2,100,100,48,0.49,50,0,0,0,0,0,0,0,0,0,48,52
"llama2","seed_989","trained","all_domains_1_samples",1,"temp_025","zero_shot","unstructured","fact_first","json","test_set_1",0.16,0.84,0.08,60,67,99,16,0.4,24,8,0.07,0.14,0.08,0.07,0.07,0.15,0,24,8,59
"llama3","seed_989","trained","all_domains_1_samples",1,"temp_025","zero_shot","unstructured","fact_first","json","test_set_2",0.56,0.44,0,3,98,100,56,0.58,41,0,0,0,0,0,0,0,0,2,56,42
"llama3","seed_989","trained","all_domains_1_samples",1,"temp_06","zero_shot","unstructured","answer_first","json","test_set_2",0.51,0.49,0.38,10,31,100,51,0.57,39,38,0.43,0.13,0.21,0.53,0.2,0.71,0.46,31,13,18
"llama2","seed_989","trained","all_domains_10_samples",10,"temp_025","few_shot","structured","answer_first","json","test_set_1",0.25,0.75,0.22,12,21,99,25,0.28,63,22,0.36,0.21,0.23,0.13,0.29,0.08,0.25,56,3,18
"llama2","seed_989","trained","all_domains_1_samples",1,"greedy","few_shot","structured","answer_first","json","test_set_1",0.34,0.66,0.15,0,48,99,34,0.34,66,15,0.21,0,0.31,0,0.21,0.31,0.06,36,19,29
"llama3","seed_206","trained","all_domains_1_samples",1,"temp_025","zero_shot","structured","fact_first","json","test_set_2",0.34,0.66,0,26,100,100,34,0.46,40,0,0,0,0,0,0,0,0,0,34,66
"llama3","seed_206","trained","all_domains_10_samples",10,"temp_025","few_shot","structured","answer_first","json","test_set_2",0.58,0.42,0.49,0,12,100,58,0.58,42,49,0.64,0.27,0.43,0.4,0.33,0.86,0.54,39,9,3
"llama2","seed_989","trained","all_domains_1_samples",1,"temp_06","zero_shot","unstructured","answer_first","json","test_set_1",0.41,0.59,0.11,2,77,99,41,0.42,57,11,0,0.5,0,0.13,0.07,0.08,0,11,30,47
"llama2","seed_989","trained","all_domains_1_samples",1,"temp_025","few_shot","unstructured","answer_first","json","test_set_1",0.37,0.63,0.23,0,26,99,37,0.37,63,23,0.29,0.36,0.31,0.07,0.14,0.31,0.19,50,14,12
"llama3","seed_989","untrained","all_domains_0_samples",0,"temp_025","zero_shot","unstructured","fact_first","json","test_set_2",0.44,0.56,0,1,100,100,44,0.44,55,0,0,0,0,0,0,0,0,0,44,56
"llama2","seed_989","untrained","all_domains_0_samples",0,"temp_06","zero_shot","structured","answer_first","json","test_set_1",0.39,0.61,0,10,99,99,39,0.43,51,0,0,0,0,0,0,0,0,0,39,60
"llama3","seed_206","untrained","all_domains_0_samples",0,"temp_06","few_shot","structured","answer_first","json","test_set_2",0.52,0.48,0.16,0,66,100,52,0.52,48,16,0.14,0,0.14,0.27,0.2,0.21,0.15,18,36,30
"llama3","seed_989","untrained","all_domains_0_samples",0,"temp_025","few_shot","unstructured","answer_first","json","test_set_2",0.5,0.5,0.15,0,69,100,50,0.5,50,15,0.07,0.07,0.14,0.07,0.27,0.21,0.23,16,35,34
"llama3","seed_989","untrained","all_domains_0_samples",0,"temp_06","zero_shot","unstructured","answer_first","json","test_set_2",0.39,0.61,0,14,100,100,39,0.45,47,0,0,0,0,0,0,0,0,0,39,61
"llama2","seed_989","trained","all_domains_1_samples",1,"greedy","few_shot","structured","fact_first","json","test_set_1",0.41,0.59,0.18,9,51,99,41,0.45,50,18,0.07,0,0.46,0,0.14,0.46,0.19,30,23,28
"llama3","seed_206","untrained","all_domains_0_samples",0,"greedy","few_shot","structured","fact_first","json","test_set_2",0.54,0.46,0.36,0,33,100,54,0.54,46,36,0.64,0,0.36,0.47,0.4,0.43,0.23,31,18,15
"llama3","seed_206","trained","all_domains_1_samples",1,"temp_06","few_shot","unstructured","fact_first","json","test_set_2",0.56,0.44,0.38,5,26,100,56,0.59,39,38,0.71,0.33,0.29,0.27,0.33,0.43,0.31,36,18,8
"llama3","seed_989","trained","all_domains_1_samples",1,"greedy","zero_shot","structured","answer_first","json","test_set_2",0.39,0.61,0,28,100,100,39,0.54,33,0,0,0,0,0,0,0,0,0,39,61
"llama2","seed_989","untrained","all_domains_0_samples",0,"temp_025","zero_shot","structured","fact_first","json","test_set_1",0.21,0.79,0,41,99,99,21,0.36,38,0,0,0,0,0,0,0,0,0,21,78
"llama2","seed_989","trained","all_domains_1_samples",1,"greedy","few_shot","unstructured","fact_first","json","test_set_1",0.09,0.91,0.08,75,25,99,9,0.36,16,8,0.14,0.14,0.08,0,0,0.15,0.06,66,1,24
"llama3","seed_206","untrained","all_domains_0_samples",0,"temp_025","zero_shot","structured","fact_first","json","test_set_2",0.41,0.59,0,28,100,100,41,0.57,31,0,0,0,0,0,0,0,0,0,41,59
"llama3","seed_989","trained","all_domains_1_samples",1,"temp_06","zero_shot","unstructured","fact_first","json","test_set_2",0.55,0.45,0.07,4,86,100,55,0.57,41,7,0,0.13,0.07,0.07,0,0.21,0,7,48,38
"llama3","seed_206","untrained","all_domains_0_samples",0,"temp_06","few_shot","unstructured","fact_first","json","test_set_2",0.53,0.47,0.18,1,61,100,53,0.54,46,18,0.14,0.07,0.14,0.2,0.27,0.36,0.08,21,35,26
"llama3","seed_206","trained","all_domains_10_samples",10,"temp_06","few_shot","structured","answer_first","json","test_set_2",0.58,0.42,0.48,0,13,100,58,0.58,42,48,0.64,0.27,0.43,0.33,0.4,0.79,0.54,39,10,3
"llama3","seed_989","trained","all_domains_1_samples",1,"temp_06","few_shot","unstructured","answer_first","json","test_set_2",0.52,0.48,0.37,0,24,100,52,0.52,48,37,0.43,0.2,0.29,0.2,0.33,0.71,0.46,39,15,9
"llama2","seed_989","untrained","all_domains_0_samples",0,"temp_06","zero_shot","unstructured","answer_first","json","test_set_1",0.26,0.74,0,18,99,99,26,0.32,56,0,0,0,0,0,0,0,0,0,26,73
"llama3","seed_989","trained","all_domains_1_samples",1,"greedy","few_shot","structured","answer_first","json","test_set_2",0.54,0.46,0.36,0,36,100,54,0.54,46,36,0.5,0.07,0.21,0.33,0.33,0.71,0.38,28,18,18
"llama2","seed_989","untrained","all_domains_0_samples",0,"temp_025","zero_shot","unstructured","fact_first","json","test_set_1",0.22,0.78,0,42,99,99,22,0.38,36,0,0,0,0,0,0,0,0,0,22,77
"llama3","seed_989","untrained","all_domains_0_samples",0,"temp_06","zero_shot","unstructured","fact_first","json","test_set_2",0.43,0.57,0,3,100,100,43,0.44,54,0,0,0,0,0,0,0,0,0,43,57
"llama3","seed_206","trained","all_domains_1_samples",1,"temp_025","few_shot","structured","fact_first","json","test_set_2",0.59,0.41,0.32,0,41,100,59,0.59,41,32,0.71,0,0.21,0.33,0.13,0.5,0.38,27,27,14
"llama3","seed_989","untrained","all_domains_0_samples",0,"greedy","zero_shot","structured","answer_first","json","test_set_2",0.46,0.54,0,0,100,100,46,0.46,54,0,0,0,0,0,0,0,0,0,46,54
"llama2","seed_206","trained","all_domains_1_samples",1,"greedy","zero_shot","structured","answer_first","json","test_set_2",0.3,0.7,0,5,99,100,30,0.32,65,0,0,0,0,0,0,0,0,1,30,69
"llama3","seed_206","trained","all_domains_1_samples",1,"temp_06","zero_shot","structured","fact_first","json","test_set_2",0.34,0.66,0,17,100,100,34,0.41,49,0,0,0,0,0,0,0,0,0,34,66
"llama3","seed_989","untrained","all_domains_0_samples",0,"temp_06","few_shot","unstructured","answer_first","json","test_set_2",0.54,0.46,0.16,0,66,100,54,0.54,46,16,0.14,0.07,0.21,0.27,0.2,0.14,0.08,18,38,28
"llama2","seed_989","trained","all_domains_1_samples",1,"temp_06","zero_shot","structured","fact_first","json","test_set_1",0.18,0.82,0.04,37,83,99,18,0.29,45,4,0.07,0.07,0.08,0,0.07,0,0,12,14,69
"llama3","seed_989","trained","all_domains_1_samples",1,"greedy","few_shot","unstructured","fact_first","json","test_set_2",0.47,0.53,0.34,10,22,100,47,0.52,43,34,0.5,0.27,0.21,0.13,0.47,0.5,0.31,44,13,9
"llama2","seed_989","trained","all_domains_10_samples",10,"temp_06","few_shot","structured","answer_first","json","test_set_1",0.29,0.71,0.26,8,17,99,29,0.32,63,26,0.29,0.14,0.31,0.33,0.36,0.08,0.31,56,3,14
"llama2","seed_989","untrained","all_domains_0_samples",0,"greedy","few_shot","structured","answer_first","json","test_set_1",0.37,0.63,0.21,0,45,99,37,0.37,63,21,0.21,0.07,0.38,0.2,0.07,0.38,0.19,33,16,29
"llama2","seed_989","untrained","all_domains_0_samples",0,"temp_025","few_shot","unstructured","answer_first","json","test_set_1",0.33,0.67,0.21,0,30,99,33,0.33,67,21,0.29,0.36,0.23,0.07,0.14,0.23,0.19,48,12,18
"llama3","seed_989","trained","all_domains_10_samples",10,"greedy","few_shot","structured","answer_first","json","test_set_2",0.58,0.42,0.49,0,12,100,58,0.58,42,49,0.64,0.27,0.43,0.4,0.33,0.86,0.54,39,9,3
"llama3","seed_989","untrained","all_domains_0_samples",0,"greedy","few_shot","structured","answer_first","json","test_set_2",0.49,0.51,0.27,0,45,100,49,0.49,51,27,0.29,0,0.21,0.33,0.33,0.43,0.31,28,22,23
"llama2","seed_989","untrained","all_domains_0_samples",0,"greedy","few_shot","structured","fact_first","json","test_set_1",0.18,0.82,0.08,36,48,99,18,0.28,46,8,0,0.07,0.08,0.07,0.07,0.08,0.19,43,10,38
"llama3","seed_206","untrained","all_domains_0_samples",0,"temp_025","few_shot","structured","fact_first","json","test_set_2",0.52,0.48,0.34,2,42,100,52,0.53,46,34,0.57,0,0.36,0.53,0.2,0.43,0.31,24,18,24
"llama3","seed_989","trained","all_domains_1_samples",1,"temp_025","zero_shot","structured","answer_first","json","test_set_2",0.37,0.63,0,28,100,100,37,0.51,35,0,0,0,0,0,0,0,0,0,37,63
"llama2","seed_989","trained","all_domains_1_samples",1,"temp_06","zero_shot","unstructured","fact_first","json","test_set_1",0.12,0.88,0.03,55,69,99,12,0.27,33,3,0,0,0.08,0,0.07,0,0.06,27,9,60
"llama3","seed_206","untrained","all_domains_0_samples",0,"temp_06","zero_shot","structured","fact_first","json","test_set_2",0.42,0.58,0,30,100,100,42,0.6,28,0,0,0,0,0,0,0,0,0,42,58
"llama2","seed_206","trained","all_domains_1_samples",1,"greedy","zero_shot","unstructured","answer_first","json","test_set_2",0.31,0.69,0,0,100,100,31,0.31,69,0,0,0,0,0,0,0,0,0,31,69
"llama3","seed_989","untrained","all_domains_0_samples",0,"greedy","few_shot","unstructured","fact_first","json","test_set_2",0.56,0.44,0.3,0,47,100,56,0.56,44,30,0.43,0.13,0.29,0.33,0.33,0.36,0.23,23,26,21
"llama2","seed_989","untrained","all_domains_0_samples",0,"greedy","few_shot","unstructured","fact_first","json","test_set_1",0.07,0.93,0.04,81,29,99,7,0.37,12,4,0.07,0.14,0.08,0,0,0,0,66,3,26
"llama2","seed_989","untrained","all_domains_0_samples",0,"temp_06","zero_shot","structured","fact_first","json","test_set_1",0.12,0.88,0,59,99,99,12,0.29,29,0,0,0,0,0,0,0,0,0,12,87
"llama3","seed_989","untrained","all_domains_0_samples",0,"temp_025","zero_shot","structured","answer_first","json","test_set_2",0.47,0.53,0,0,100,100,47,0.47,53,0,0,0,0,0,0,0,0,0,47,53
"llama3","seed_989","trained","all_domains_10_samples",10,"temp_025","few_shot","structured","answer_first","json","test_set_2",0.58,0.42,0.49,0,12,100,58,0.58,42,49,0.64,0.27,0.43,0.4,0.33,0.86,0.54,39,9,3
"llama2","seed_206","untrained","all_domains_0_samples",0,"greedy","zero_shot","structured","answer_first","json","test_set_2",0.32,0.68,0,2,100,100,32,0.33,66,0,0,0,0,0,0,0,0,0,32,68
"llama3","seed_989","trained","all_domains_1_samples",1,"temp_025","few_shot","structured","answer_first","json","test_set_2",0.56,0.44,0.36,0,35,100,56,0.56,44,36,0.5,0,0.14,0.47,0.27,0.71,0.46,29,20,15
"llama3","seed_206","trained","all_domains_1_samples",1,"temp_06","few_shot","structured","fact_first","json","test_set_2",0.63,0.37,0.33,1,45,100,63,0.64,36,33,0.71,0,0.21,0.33,0.2,0.64,0.23,22,30,15
"llama3","seed_989","trained","all_domains_1_samples",1,"greedy","zero_shot","structured","fact_first","json","test_set_2",0.35,0.65,0,21,100,100,35,0.44,44,0,0,0,0,0,0,0,0,0,35,65
"llama3","seed_989","trained","all_domains_1_samples",1,"temp_025","few_shot","unstructured","fact_first","json","test_set_2",0.49,0.51,0.34,8,24,100,49,0.53,43,34,0.43,0.27,0.29,0.13,0.4,0.43,0.46,42,15,9
"llama2","seed_989","untrained","all_domains_0_samples",0,"temp_06","zero_shot","unstructured","fact_first","json","test_set_1",0.24,0.76,0,42,99,99,24,0.41,34,0,0,0,0,0,0,0,0,0,24,75
"llama2","seed_989","trained","all_domains_1_samples",1,"temp_06","few_shot","unstructured","answer_first","json","test_set_1",0.36,0.64,0.23,1,33,99,36,0.36,63,23,0.21,0.36,0.23,0.27,0.07,0.23,0.25,43,13,20
"llama2","seed_989","trained","all_domains_1_samples",1,"temp_025","few_shot","structured","answer_first","json","test_set_1",0.38,0.62,0.19,0,48,99,38,0.38,62,19,0.36,0.07,0.38,0.07,0.21,0.23,0.06,32,19,29
"llama3","seed_989","trained","all_domains_1_samples",1,"temp_06","zero_shot","structured","answer_first","json","test_set_2",0.38,0.62,0.01,25,98,100,38,0.51,37,1,0,0,0,0,0,0.07,0,1,37,61
"llama2","seed_206","trained","all_domains_10_samples",10,"greedy","few_shot","structured","answer_first","json","test_set_2",0.28,0.72,0.22,13,26,100,28,0.32,59,22,0.21,0.4,0.29,0.33,0,0.07,0.23,52,6,20
"llama3","seed_989","untrained","all_domains_0_samples",0,"temp_025","few_shot","unstructured","fact_first","json","test_set_2",0.52,0.48,0.21,1,60,100,52,0.53,47,21,0.36,0.2,0.14,0.13,0.27,0.29,0.08,19,31,29
"llama3","seed_989","untrained","all_domains_0_samples",0,"greedy","zero_shot","structured","fact_first","json","test_set_2",0.42,0.58,0,29,100,100,42,0.59,29,0,0,0,0,0,0,0,0,0,42,58
"llama3","seed_989","untrained","all_domains_0_samples",0,"temp_025","few_shot","structured","answer_first","json","test_set_2",0.51,0.49,0.22,0,58,100,51,0.51,49,22,0.14,0,0.29,0.27,0.27,0.36,0.23,20,29,29
"llama2","seed_206","trained","all_domains_1_samples",1,"greedy","zero_shot","structured","fact_first","json","test_set_2",0.19,0.81,0,14,98,100,19,0.22,67,0,0,0,0,0,0,0,0,2,19,79
"llama3","seed_989","trained","all_domains_10_samples",10,"temp_06","few_shot","structured","answer_first","json","test_set_2",0.59,0.41,0.5,0,12,100,59,0.59,41,50,0.64,0.27,0.43,0.4,0.4,0.86,0.54,38,9,3
"llama2","seed_206","untrained","all_domains_0_samples",0,"greedy","zero_shot","unstructured","answer_first","json","test_set_2",0.28,0.72,0,3,100,100,28,0.29,69,0,0,0,0,0,0,0,0,0,28,72
"llama2","seed_989","trained","all_domains_1_samples",1,"temp_025","few_shot","structured","fact_first","json","test_set_1",0.36,0.64,0.18,12,51,99,36,0.41,52,18,0.29,0,0.54,0,0.07,0.31,0.13,30,18,33
"llama3","seed_206","untrained","all_domains_0_samples",0,"temp_06","few_shot","structured","fact_first","json","test_set_2",0.57,0.43,0.29,6,51,100,57,0.61,37,29,0.43,0.13,0.21,0.4,0.27,0.36,0.23,20,28,23
"llama2","seed_206","trained","all_domains_1_samples",1,"temp_025","zero_shot","structured","answer_first","json","test_set_2",0.23,0.77,0,1,100,100,23,0.23,76,0,0,0,0,0,0,0,0,0,23,77
"llama2","seed_989","trained","all_domains_1_samples",1,"temp_025","few_shot","unstructured","fact_first","json","test_set_1",0.09,0.91,0.06,69,26,99,9,0.29,22,6,0.21,0.07,0.15,0,0,0,0,67,3,23
"llama3","seed_989","untrained","all_domains_0_samples",0,"temp_06","zero_shot","structured","answer_first","json","test_set_2",0.43,0.57,0,3,100,100,43,0.44,54,0,0,0,0,0,0,0,0,0,43,57
"llama2","seed_206","trained","all_domains_1_samples",1,"greedy","zero_shot","unstructured","fact_first","json","test_set_2",0.09,0.91,0.02,66,86,100,9,0.26,25,2,0,0.07,0,0,0.07,0,0,12,7,79
"llama3","seed_989","trained","all_domains_1_samples",1,"temp_06","few_shot","unstructured","fact_first","json","test_set_2",0.58,0.42,0.37,3,30,100,58,0.6,39,37,0.71,0.27,0.36,0.27,0.33,0.43,0.23,33,21,9
"llama3","seed_989","trained","all_domains_1_samples",1,"temp_025","zero_shot","structured","fact_first","json","test_set_2",0.35,0.65,0,25,100,100,35,0.47,40,0,0,0,0,0,0,0,0,0,35,65
"llama3","seed_989","trained","all_domains_1_samples",1,"temp_06","few_shot","structured","answer_first","json","test_set_2",0.53,0.47,0.32,0,36,100,53,0.53,47,32,0.5,0.07,0.21,0.2,0.27,0.71,0.31,32,21,15
"llama3","seed_989","trained","all_domains_1_samples",1,"greedy","few_shot","structured","fact_first","json","test_set_2",0.56,0.44,0.31,0,42,100,56,0.56,44,31,0.71,0,0.21,0.33,0.07,0.5,0.38,27,25,17
"llama3","seed_989","untrained","all_domains_0_samples",0,"temp_06","few_shot","unstructured","fact_first","json","test_set_2",0.57,0.43,0.22,0,61,100,57,0.57,43,22,0.36,0.13,0.21,0.4,0.07,0.29,0.08,17,35,26
"llama2","seed_206","trained","all_domains_1_samples",1,"temp_025","zero_shot","unstructured","answer_first","json","test_set_2",0.31,0.69,0,0,95,100,31,0.31,69,0,0,0,0,0,0,0,0,5,31,64
"llama3","seed_989","untrained","all_domains_0_samples",0,"temp_025","zero_shot","structured","fact_first","json","test_set_2",0.41,0.59,0,28,100,100,41,0.57,31,0,0,0,0,0,0,0,0,0,41,59
"llama2","seed_206","untrained","all_domains_0_samples",0,"greedy","zero_shot","structured","fact_first","json","test_set_2",0.17,0.83,0,38,100,100,17,0.27,45,0,0,0,0,0,0,0,0,0,17,83
"llama2","seed_989","untrained","all_domains_0_samples",0,"temp_06","few_shot","unstructured","answer_first","json","test_set_1",0.31,0.69,0.19,0,36,99,31,0.31,69,19,0.29,0.21,0.15,0.13,0.14,0.38,0.06,44,12,24
"llama2","seed_989","untrained","all_domains_0_samples",0,"temp_025","few_shot","structured","answer_first","json","test_set_1",0.35,0.65,0.18,0,44,99,35,0.35,65,18,0.29,0.14,0.15,0.13,0.07,0.31,0.19,37,17,27
"llama2","seed_206","untrained","all_domains_0_samples",0,"temp_025","zero_shot","structured","answer_first","json","test_set_2",0.28,0.72,0,2,100,100,28,0.29,70,0,0,0,0,0,0,0,0,0,28,72
"llama2","seed_206","trained","all_domains_10_samples",10,"temp_025","few_shot","structured","answer_first","json","test_set_2",0.26,0.74,0.2,11,25,100,26,0.29,63,20,0.14,0.33,0.36,0.2,0.07,0,0.31,55,6,19
"llama3","seed_989","untrained","all_domains_0_samples",0,"temp_06","few_shot","structured","answer_first","json","test_set_2",0.52,0.48,0.15,0,62,100,52,0.52,48,15,0.14,0,0.14,0.27,0.13,0.21,0.15,23,37,25
"llama2","seed_989","untrained","all_domains_0_samples",0,"temp_025","few_shot","structured","fact_first","json","test_set_1",0.28,0.72,0.12,27,45,99,28,0.38,45,12,0,0.07,0.38,0.07,0.07,0.23,0.06,42,16,29
"llama3","seed_989","untrained","all_domains_0_samples",0,"greedy","few_shot","structured","fact_first","json","test_set_2",0.54,0.46,0.36,0,33,100,54,0.54,46,36,0.64,0,0.36,0.47,0.4,0.43,0.23,31,18,15
"llama2","seed_206","untrained","all_domains_0_samples",0,"greedy","zero_shot","unstructured","fact_first","json","test_set_2",0.15,0.85,0,50,100,100,15,0.3,35,0,0,0,0,0,0,0,0,0,15,85
"llama2","seed_989","untrained","all_domains_0_samples",0,"temp_025","few_shot","unstructured","fact_first","json","test_set_1",0.16,0.84,0.12,65,30,99,16,0.46,19,12,0.14,0.07,0.23,0,0.14,0.23,0.06,57,4,26
"llama3","seed_989","trained","all_domains_1_samples",1,"temp_06","zero_shot","structured","fact_first","json","test_set_2",0.39,0.61,0,23,100,100,39,0.51,38,0,0,0,0,0,0,0,0,0,39,61
"llama2","seed_206","trained","all_domains_1_samples",1,"temp_025","zero_shot","structured","fact_first","json","test_set_2",0.21,0.79,0.02,17,88,100,21,0.25,62,2,0.07,0,0,0,0,0.07,0,10,19,69
"llama2","seed_206","trained","all_domains_1_samples",1,"temp_06","zero_shot","structured","answer_first","json","test_set_2",0.28,0.72,0.06,10,82,100,28,0.31,62,6,0,0.07,0,0.07,0.13,0.14,0,12,22,60
"llama2","seed_206","untrained","all_domains_0_samples",0,"temp_025","zero_shot","unstructured","answer_first","json","test_set_2",0.26,0.74,0,2,100,100,26,0.27,72,0,0,0,0,0,0,0,0,0,26,74
"llama3","seed_989","trained","all_domains_1_samples",1,"temp_025","few_shot","structured","fact_first","json","test_set_2",0.62,0.38,0.34,0,41,100,62,0.62,38,34,0.57,0.07,0.21,0.33,0.27,0.5,0.46,25,28,13
"llama3","seed_989","untrained","all_domains_0_samples",0,"temp_06","zero_shot","structured","fact_first","json","test_set_2",0.37,0.63,0,37,100,100,37,0.59,26,0,0,0,0,0,0,0,0,0,37,63
"llama2","seed_206","trained","all_domains_1_samples",1,"temp_025","zero_shot","unstructured","fact_first","json","test_set_2",0.08,0.92,0.04,64,66,100,8,0.22,28,4,0.07,0.07,0,0.07,0,0,0.08,30,4,62
"llama2","seed_206","trained","all_domains_1_samples",1,"greedy","few_shot","unstructured","answer_first","json","test_set_2",0.31,0.69,0.19,0,28,100,31,0.31,69,19,0.36,0.4,0.29,0.2,0,0.07,0,53,12,16
"llama2","seed_989","trained","all_domains_1_samples",1,"temp_06","few_shot","structured","answer_first","json","test_set_1",0.31,0.69,0.11,0,53,99,31,0.31,69,11,0.21,0,0.31,0,0.07,0.08,0.13,35,20,33
"llama2","seed_206","trained","all_domains_10_samples",10,"temp_06","few_shot","structured","answer_first","json","test_set_2",0.28,0.72,0.24,13,28,100,28,0.32,59,24,0.29,0.4,0.43,0.27,0,0.07,0.23,48,4,24
"llama2","seed_989","trained","all_domains_1_samples",1,"temp_06","few_shot","structured","fact_first","json","test_set_1",0.25,0.75,0.1,12,53,99,25,0.28,63,10,0,0,0.23,0.07,0.14,0.15,0.13,36,15,38
"llama3","seed_989","untrained","all_domains_0_samples",0,"temp_025","few_shot","structured","fact_first","json","test_set_2",0.52,0.48,0.36,1,35,100,52,0.53,47,36,0.57,0,0.21,0.53,0.33,0.43,0.46,29,16,19
"llama2","seed_989","trained","all_domains_1_samples",1,"temp_06","few_shot","unstructured","fact_first","json","test_set_1",0.21,0.79,0.15,31,32,99,21,0.3,48,15,0.21,0.14,0.23,0.13,0.07,0.08,0.19,52,6,26
"llama2","seed_206","untrained","all_domains_0_samples",0,"temp_06","zero_shot","structured","answer_first","json","test_set_2",0.23,0.77,0,14,100,100,23,0.27,63,0,0,0,0,0,0,0,0,0,23,77
"llama2","seed_206","trained","all_domains_1_samples",1,"temp_06","zero_shot","unstructured","answer_first","json","test_set_2",0.21,0.79,0.05,2,80,100,21,0.21,77,5,0,0.2,0.07,0,0,0,0.08,15,16,64
"llama2","seed_206","untrained","all_domains_0_samples",0,"temp_025","zero_shot","structured","fact_first","json","test_set_2",0.15,0.85,0,40,100,100,15,0.25,45,0,0,0,0,0,0,0,0,0,15,85
"llama3","seed_989","trained","all_domains_1_samples",1,"temp_06","few_shot","structured","fact_first","json","test_set_2",0.59,0.41,0.31,0,45,100,59,0.59,41,31,0.71,0.07,0.21,0.4,0.13,0.36,0.31,24,28,17
"llama2","seed_206","untrained","all_domains_0_samples",0,"temp_025","zero_shot","unstructured","fact_first","json","test_set_2",0.16,0.84,0,50,100,100,16,0.32,34,0,0,0,0,0,0,0,0,0,16,84
"llama2","seed_206","untrained","all_domains_0_samples",0,"temp_06","zero_shot","unstructured","answer_first","json","test_set_2",0.22,0.78,0,16,100,100,22,0.26,62,0,0,0,0,0,0,0,0,0,22,78
"llama2","seed_206","trained","all_domains_1_samples",1,"temp_06","zero_shot","structured","fact_first","json","test_set_2",0.22,0.78,0.03,31,84,100,22,0.32,47,3,0,0.13,0,0.07,0,0,0,13,19,65
"llama2","seed_206","untrained","all_domains_0_samples",0,"greedy","few_shot","unstructured","answer_first","json","test_set_2",0.31,0.69,0.2,0,30,100,31,0.31,69,20,0.36,0.47,0.21,0.07,0,0.07,0.23,50,11,19
"llama2","seed_989","trained","all_domains_1_samples",1,"greedy","zero_shot","structured","answer_first","json","test_set_2",0.3,0.7,0,5,99,100,30,0.32,65,0,0,0,0,0,0,0,0,1,30,69
"llama2","seed_989","untrained","all_domains_0_samples",0,"temp_06","few_shot","structured","answer_first","json","test_set_1",0.32,0.68,0.16,0,49,99,32,0.32,68,16,0.14,0.21,0.15,0.13,0.07,0.31,0.13,34,16,33
"llama3","seed_206","trained","all_domains_10_samples",10,"greedy","zero_shot","unstructured","answer_first","json","test_set_1",0.45,0.55,0.42,0,10,99,45,0.45,55,42,0.43,0.29,0.54,0.47,0.5,0.62,0.19,47,3,7
"llama2","seed_206","trained","all_domains_10_samples",10,"greedy","zero_shot","unstructured","answer_first","json","test_set_1",0.39,0.61,0.34,0,11,99,39,0.39,61,34,0.36,0.29,0.38,0.2,0.36,0.38,0.44,54,5,6
"llama2","seed_989","trained","all_domains_10_samples",10,"greedy","few_shot","structured","answer_first","json","test_set_2",0.28,0.72,0.22,13,26,100,28,0.32,59,22,0.21,0.4,0.29,0.33,0,0.07,0.23,52,6,20
"llama2","seed_989","untrained","all_domains_0_samples",0,"temp_06","few_shot","structured","fact_first","json","test_set_1",0.3,0.7,0.16,25,53,99,30,0.4,45,16,0,0.14,0.38,0.07,0.14,0.38,0.06,30,14,39
"llama3","seed_206","trained","all_domains_10_samples",10,"greedy","zero_shot","structured","answer_first","json","test_set_1",0.52,0.48,0.48,0,7,99,51,0.51,49,48,0.57,0.43,0.62,0.4,0.43,0.46,0.5,44,3,4
"llama3","seed_989","untrained","all_domains_0_samples",0,"temp_06","few_shot","structured","fact_first","json","test_set_2",0.58,0.42,0.27,7,53,100,58,0.62,35,27,0.5,0.13,0.07,0.4,0.2,0.43,0.15,20,31,22
"llama2","seed_206","trained","all_domains_10_samples",10,"greedy","zero_shot","structured","answer_first","json","test_set_1",0.31,0.69,0.27,0,12,99,31,0.31,69,27,0.21,0.43,0.31,0.07,0.21,0.46,0.25,60,4,8
"llama2","seed_989","untrained","all_domains_0_samples",0,"temp_06","few_shot","unstructured","fact_first","json","test_set_1",0.24,0.76,0.14,32,39,99,24,0.35,44,14,0.21,0.36,0.08,0,0,0.31,0.06,46,10,29
"llama2","seed_206","trained","all_domains_1_samples",1,"temp_06","zero_shot","unstructured","fact_first","json","test_set_2",0.17,0.83,0.06,43,72,100,17,0.3,40,6,0.14,0.13,0,0.07,0,0.07,0,22,11,61
"llama3","seed_206","trained","all_domains_10_samples",10,"greedy","few_shot","unstructured","answer_first","json","test_set_1",0.47,0.53,0.41,0,12,99,47,0.47,53,41,0.5,0.21,0.54,0.47,0.36,0.46,0.38,46,6,6
"llama3","seed_206","trained","all_domains_10_samples",10,"temp_025","zero_shot","unstructured","answer_first","json","test_set_1",0.44,0.56,0.42,0,9,99,44,0.44,56,42,0.5,0.29,0.54,0.47,0.43,0.62,0.19,48,2,7
"llama2","seed_206","trained","all_domains_10_samples",10,"temp_025","zero_shot","unstructured","answer_first","json","test_set_1",0.36,0.64,0.32,0,12,99,36,0.36,64,32,0.36,0.29,0.31,0.2,0.36,0.38,0.38,55,4,8
"llama2","seed_206","trained","all_domains_10_samples",10,"greedy","few_shot","unstructured","answer_first","json","test_set_1",0.37,0.63,0.34,0,11,99,37,0.37,63,34,0.14,0.29,0.54,0.2,0.36,0.46,0.44,54,3,8
"llama2","seed_206","trained","all_domains_10_samples",10,"greedy","few_shot","unstructured","fact_first","json","test_set_1",0.41,0.59,0.38,2,12,99,41,0.42,57,38,0.21,0.57,0.54,0.2,0.5,0.38,0.31,49,3,9
"llama2","seed_206","untrained","all_domains_0_samples",0,"temp_06","zero_shot","structured","fact_first","json","test_set_2",0.07,0.93,0,66,100,100,7,0.21,27,0,0,0,0,0,0,0,0,0,7,93
"llama3","seed_206","trained","all_domains_10_samples",10,"greedy","few_shot","unstructured","fact_first","json","test_set_1",0.53,0.47,0.51,6,6,99,52,0.55,42,50,0.5,0.43,0.77,0.6,0.5,0.38,0.38,43,2,4
"llama2","seed_989","trained","all_domains_1_samples",1,"greedy","zero_shot","unstructured","answer_first","json","test_set_2",0.31,0.69,0,0,100,100,31,0.31,69,0,0,0,0,0,0,0,0,0,31,69
"llama3","seed_206","trained","all_domains_10_samples",10,"temp_025","zero_shot","structured","answer_first","json","test_set_1",0.52,0.48,0.47,0,8,99,51,0.51,49,47,0.57,0.43,0.62,0.33,0.43,0.46,0.5,44,4,4
"llama3","seed_206","trained","all_domains_10_samples",10,"greedy","few_shot","structured","fact_first","json","test_set_1",0.47,0.53,0.43,1,10,99,47,0.47,52,43,0.71,0.36,0.54,0.4,0.29,0.46,0.31,46,4,6
"llama2","seed_206","trained","all_domains_10_samples",10,"temp_025","zero_shot","structured","answer_first","json","test_set_1",0.35,0.65,0.3,0,12,99,35,0.35,65,30,0.21,0.43,0.38,0.13,0.21,0.46,0.31,57,5,7
"llama3","seed_206","trained","all_domains_10_samples",10,"temp_06","zero_shot","unstructured","answer_first","json","test_set_1",0.46,0.54,0.43,0,10,99,46,0.46,54,43,0.43,0.29,0.54,0.47,0.43,0.62,0.31,46,3,7
"llama2","seed_206","trained","all_domains_10_samples",10,"temp_06","zero_shot","unstructured","answer_first","json","test_set_1",0.38,0.62,0.34,0,11,99,38,0.38,62,34,0.36,0.43,0.31,0.13,0.36,0.23,0.56,54,4,7
"llama3","seed_206","trained","all_domains_10_samples",10,"temp_025","few_shot","unstructured","answer_first","json","test_set_1",0.47,0.53,0.41,0,13,99,47,0.47,53,41,0.5,0.21,0.54,0.4,0.36,0.46,0.44,45,6,7
"llama2","seed_989","untrained","all_domains_0_samples",0,"greedy","zero_shot","structured","answer_first","json","test_set_2",0.32,0.68,0,2,100,100,32,0.33,66,0,0,0,0,0,0,0,0,0,32,68
"llama2","seed_206","untrained","all_domains_0_samples",0,"temp_06","zero_shot","unstructured","fact_first","json","test_set_2",0.15,0.85,0,49,100,100,15,0.29,36,0,0,0,0,0,0,0,0,0,15,85
"llama2","seed_206","trained","all_domains_10_samples",10,"temp_025","few_shot","unstructured","answer_first","json","test_set_1",0.35,0.65,0.32,0,11,99,35,0.35,65,32,0.07,0.29,0.46,0.2,0.36,0.38,0.5,56,3,8
"llama2","seed_206","trained","all_domains_10_samples",10,"temp_025","few_shot","unstructured","fact_first","json","test_set_1",0.38,0.62,0.35,3,13,99,38,0.39,59,35,0,0.43,0.54,0.27,0.5,0.38,0.38,51,3,10
"llama3","seed_206","trained","all_domains_10_samples",10,"temp_025","few_shot","unstructured","fact_first","json","test_set_1",0.47,0.53,0.44,5,6,99,47,0.49,48,44,0.5,0.29,0.54,0.53,0.43,0.38,0.44,49,3,3
"llama2","seed_206","trained","all_domains_1_samples",1,"temp_025","few_shot","unstructured","answer_first","json","test_set_2",0.35,0.65,0.24,0,24,100,35,0.35,65,24,0.36,0.53,0.36,0.2,0,0.14,0.08,52,11,13
"llama2","seed_206","trained","all_domains_10_samples",10,"greedy","few_shot","structured","fact_first","json","test_set_1",0.07,0.93,0.06,69,39,99,7,0.23,24,6,0,0.14,0.15,0.07,0.07,0,0,54,1,38
"llama2","seed_206","trained","all_domains_1_samples",1,"greedy","few_shot","structured","answer_first","json","test_set_2",0.29,0.71,0.11,0,51,100,29,0.29,71,11,0.29,0,0.36,0.07,0,0.07,0,38,18,33
"llama2","seed_989","trained","all_domains_1_samples",1,"greedy","zero_shot","structured","fact_first","json","test_set_2",0.19,0.81,0,14,98,100,19,0.22,67,0,0,0,0,0,0,0,0,2,19,79
"llama3","seed_206","trained","all_domains_10_samples",10,"temp_06","zero_shot","structured","answer_first","json","test_set_1",0.52,0.48,0.48,0,6,99,51,0.51,49,48,0.57,0.43,0.62,0.4,0.43,0.46,0.5,45,3,3
"llama2","seed_989","trained","all_domains_10_samples",10,"temp_025","few_shot","structured","answer_first","json","test_set_2",0.29,0.71,0.25,12,25,100,29,0.33,59,25,0.43,0.33,0.29,0.33,0,0,0.38,50,4,21
"llama2","seed_206","trained","all_domains_1_samples",1,"greedy","few_shot","structured","fact_first","json","test_set_2",0.22,0.78,0.1,15,51,100,22,0.26,63,10,0.21,0,0.29,0,0.07,0.14,0,39,12,39
"llama2","seed_989","trained","all_domains_10_samples",10,"greedy","zero_shot","unstructured","answer_first","json","test_set_1",0.39,0.61,0.34,0,11,99,39,0.39,61,34,0.36,0.29,0.38,0.2,0.36,0.38,0.44,54,5,6
"llama3","seed_989","trained","all_domains_10_samples",10,"greedy","zero_shot","unstructured","answer_first","json","test_set_1",0.45,0.55,0.42,0,10,99,45,0.45,55,42,0.43,0.29,0.54,0.47,0.5,0.62,0.19,47,3,7
"llama3","seed_206","trained","all_domains_10_samples",10,"temp_06","few_shot","unstructured","answer_first","json","test_set_1",0.48,0.52,0.44,0,9,99,48,0.48,52,44,0.5,0.21,0.62,0.47,0.43,0.46,0.44,46,4,5
"llama3","seed_206","trained","all_domains_10_samples",10,"temp_025","few_shot","structured","fact_first","json","test_set_1",0.53,0.47,0.46,0,10,99,52,0.52,48,46,0.71,0.43,0.62,0.33,0.5,0.46,0.25,43,6,4
"llama2","seed_206","trained","all_domains_10_samples",10,"temp_06","zero_shot","structured","answer_first","json","test_set_1",0.34,0.66,0.29,0,14,99,34,0.34,66,29,0.21,0.43,0.38,0.07,0.21,0.46,0.31,56,5,9
"llama2","seed_206","trained","all_domains_1_samples",1,"greedy","few_shot","unstructured","fact_first","json","test_set_2",0.09,0.91,0.07,70,27,100,9,0.3,21,7,0,0.13,0.21,0.07,0,0.07,0,66,2,25
"llama2","seed_206","trained","all_domains_10_samples",10,"temp_06","few_shot","unstructured","answer_first","json","test_set_1",0.38,0.62,0.35,0,10,99,38,0.38,62,35,0.21,0.36,0.46,0.2,0.36,0.31,0.56,54,3,7
"llama2","seed_206","trained","all_domains_10_samples",10,"temp_06","few_shot","unstructured","fact_first","json","test_set_1",0.33,0.67,0.28,5,13,99,33,0.35,62,28,0.07,0.43,0.46,0.07,0.43,0.31,0.25,58,5,8
"llama3","seed_206","trained","all_domains_10_samples",10,"temp_06","few_shot","unstructured","fact_first","json","test_set_1",0.54,0.46,0.49,6,6,99,53,0.56,41,49,0.5,0.43,0.85,0.47,0.5,0.38,0.38,44,4,2
"llama2","seed_989","untrained","all_domains_0_samples",0,"greedy","zero_shot","unstructured","answer_first","json","test_set_2",0.28,0.72,0,3,100,100,28,0.29,69,0,0,0,0,0,0,0,0,0,28,72
"llama3","seed_989","trained","all_domains_10_samples",10,"greedy","zero_shot","structured","answer_first","json","test_set_1",0.52,0.48,0.48,0,7,99,51,0.51,49,48,0.57,0.43,0.62,0.4,0.43,0.46,0.5,44,3,4
"llama2","seed_989","trained","all_domains_1_samples",1,"temp_025","zero_shot","structured","answer_first","json","test_set_2",0.27,0.73,0,4,100,100,27,0.28,69,0,0,0,0,0,0,0,0,0,27,73
"llama2","seed_989","trained","all_domains_1_samples",1,"greedy","zero_shot","unstructured","fact_first","json","test_set_2",0.09,0.91,0.02,66,86,100,9,0.26,25,2,0,0.07,0,0,0.07,0,0,12,7,79
"llama3","seed_989","trained","all_domains_10_samples",10,"temp_025","zero_shot","unstructured","answer_first","json","test_set_1",0.45,0.55,0.42,0,10,99,45,0.45,55,42,0.43,0.29,0.54,0.47,0.5,0.62,0.19,47,3,7
"llama2","seed_989","trained","all_domains_10_samples",10,"temp_025","zero_shot","unstructured","answer_first","json","test_set_1",0.41,0.59,0.36,0,11,99,41,0.41,59,36,0.43,0.36,0.38,0.2,0.36,0.31,0.5,52,5,6
"llama3","seed_989","trained","all_domains_10_samples",10,"greedy","few_shot","unstructured","answer_first","json","test_set_1",0.47,0.53,0.41,0,12,99,47,0.47,53,41,0.5,0.21,0.54,0.47,0.36,0.46,0.38,46,6,6
"llama2","seed_989","trained","all_domains_10_samples",10,"greedy","zero_shot","structured","answer_first","json","test_set_1",0.31,0.69,0.27,0,12,99,31,0.31,69,27,0.21,0.43,0.31,0.07,0.21,0.46,0.25,60,4,8
"llama3","seed_206","trained","all_domains_10_samples",10,"temp_06","few_shot","structured","fact_first","json","test_set_1",0.56,0.44,0.48,0,10,99,55,0.55,45,48,0.71,0.43,0.62,0.33,0.5,0.54,0.31,41,7,3
"llama2","seed_206","trained","all_domains_10_samples",10,"greedy","zero_shot","unstructured","fact_first","json","test_set_1",0.32,0.68,0.3,2,11,99,32,0.33,66,30,0.29,0.21,0.46,0.33,0.29,0.23,0.31,58,2,9
"llama3","seed_989","trained","all_domains_10_samples",10,"greedy","few_shot","unstructured","fact_first","json","test_set_1",0.53,0.47,0.51,6,6,99,52,0.55,42,50,0.5,0.43,0.77,0.6,0.5,0.38,0.38,43,2,4
"llama2","seed_989","trained","all_domains_10_samples",10,"greedy","few_shot","unstructured","fact_first","json","test_set_1",0.41,0.59,0.38,2,12,99,41,0.42,57,38,0.21,0.57,0.54,0.2,0.5,0.38,0.31,49,3,9
"llama3","seed_206","trained","all_domains_10_samples",10,"greedy","zero_shot","unstructured","fact_first","json","test_set_1",0.48,0.52,0.46,2,7,99,48,0.49,50,46,0.64,0.36,0.54,0.53,0.43,0.46,0.31,46,2,5
"llama2","seed_989","trained","all_domains_10_samples",10,"greedy","few_shot","unstructured","answer_first","json","test_set_1",0.37,0.63,0.34,0,11,99,37,0.37,63,34,0.14,0.29,0.54,0.2,0.36,0.46,0.44,54,3,8
"llama3","seed_206","trained","all_domains_10_samples",10,"greedy","zero_shot","structured","fact_first","json","test_set_1",0.57,0.43,0.54,0,6,99,56,0.56,44,53,0.64,0.43,0.54,0.47,0.5,0.69,0.5,40,3,3
"llama2","seed_206","trained","all_domains_10_samples",10,"greedy","zero_shot","structured","fact_first","json","test_set_1",0.32,0.68,0.28,3,15,99,32,0.33,65,28,0.21,0.29,0.31,0.13,0.43,0.38,0.25,56,4,11
"llama2","seed_989","untrained","all_domains_0_samples",0,"greedy","zero_shot","structured","fact_first","json","test_set_2",0.17,0.83,0,38,100,100,17,0.27,45,0,0,0,0,0,0,0,0,0,17,83
"llama3","seed_989","trained","all_domains_10_samples",10,"temp_06","zero_shot","unstructured","answer_first","json","test_set_1",0.46,0.54,0.45,0,8,99,46,0.46,54,45,0.5,0.29,0.54,0.53,0.5,0.62,0.25,46,1,7
"llama2","seed_206","untrained","all_domains_0_samples",0,"temp_025","few_shot","unstructured","answer_first","json","test_set_2",0.31,0.69,0.21,0,28,100,31,0.31,69,21,0.21,0.47,0.29,0.07,0.07,0.14,0.23,51,10,18
"llama2","seed_989","trained","all_domains_10_samples",10,"temp_06","zero_shot","unstructured","answer_first","json","test_set_1",0.4,0.6,0.37,0,11,99,40,0.4,60,37,0.43,0.36,0.38,0.2,0.36,0.38,0.5,51,3,8
"llama3","seed_989","trained","all_domains_10_samples",10,"temp_025","few_shot","unstructured","answer_first","json","test_set_1",0.48,0.52,0.42,0,13,99,48,0.48,52,42,0.5,0.21,0.54,0.53,0.36,0.46,0.38,44,6,7
"llama3","seed_989","trained","all_domains_10_samples",10,"temp_025","zero_shot","structured","answer_first","json","test_set_1",0.52,0.48,0.48,0,6,99,51,0.51,49,48,0.57,0.43,0.62,0.4,0.43,0.46,0.5,45,3,3
"llama2","seed_206","trained","all_domains_10_samples",10,"temp_025","few_shot","structured","fact_first","json","test_set_1",0.08,0.92,0.07,72,37,99,8,0.29,20,7,0,0,0.15,0.13,0.14,0,0.06,55,1,36
"llama2","seed_206","untrained","all_domains_0_samples",0,"greedy","few_shot","structured","answer_first","json","test_set_2",0.32,0.68,0.13,0,45,100,32,0.32,68,13,0.36,0,0.29,0.07,0,0.07,0.15,42,19,26
"llama2","seed_989","trained","all_domains_1_samples",1,"temp_025","zero_shot","unstructured","answer_first","json","test_set_2",0.29,0.71,0.04,0,89,100,29,0.29,71,4,0,0.13,0,0.07,0,0.07,0,7,25,64
"llama2","seed_206","trained","all_domains_10_samples",10,"temp_025","zero_shot","unstructured","fact_first","json","test_set_1",0.33,0.67,0.29,4,11,99,33,0.34,63,29,0.29,0.29,0.46,0.27,0.14,0.31,0.31,59,4,7
"llama2","seed_206","untrained","all_domains_0_samples",0,"greedy","few_shot","structured","fact_first","json","test_set_2",0.16,0.84,0.06,26,47,100,16,0.22,58,6,0.14,0,0.14,0.07,0,0.07,0,47,10,37
"llama3","seed_206","trained","all_domains_10_samples",10,"temp_025","zero_shot","unstructured","fact_first","json","test_set_1",0.44,0.56,0.43,3,6,99,44,0.45,53,43,0.57,0.29,0.54,0.53,0.36,0.46,0.31,50,1,5
"llama2","seed_989","trained","all_domains_10_samples",10,"temp_025","zero_shot","structured","answer_first","json","test_set_1",0.31,0.69,0.26,0,14,99,31,0.31,69,26,0.14,0.43,0.38,0.07,0.21,0.38,0.25,59,5,9
"llama2","seed_989","trained","all_domains_10_samples",10,"temp_06","few_shot","structured","answer_first","json","test_set_2",0.26,0.74,0.22,17,32,100,26,0.31,57,22,0.43,0.2,0.21,0.4,0,0.07,0.23,46,4,28
"llama2","seed_206","untrained","all_domains_0_samples",0,"greedy","few_shot","unstructured","fact_first","json","test_set_2",0.06,0.94,0.04,77,30,100,6,0.26,17,4,0.07,0.2,0,0,0,0,0,66,2,28
"llama3","seed_989","trained","all_domains_10_samples",10,"greedy","few_shot","structured","fact_first","json","test_set_1",0.47,0.53,0.43,1,10,99,47,0.47,52,43,0.71,0.36,0.54,0.4,0.29,0.46,0.31,46,4,6
"llama3","seed_989","trained","all_domains_10_samples",10,"temp_025","few_shot","unstructured","fact_first","json","test_set_1",0.41,0.59,0.39,6,6,99,41,0.44,53,39,0.36,0.29,0.77,0.47,0.43,0.31,0.19,54,2,4
"llama2","seed_989","trained","all_domains_10_samples",10,"temp_025","few_shot","unstructured","fact_first","json","test_set_1",0.33,0.67,0.31,3,11,99,33,0.34,64,31,0.29,0.36,0.38,0.13,0.43,0.23,0.38,57,2,9
"llama2","seed_989","trained","all_domains_10_samples",10,"temp_025","few_shot","unstructured","answer_first","json","test_set_1",0.36,0.64,0.33,0,12,99,36,0.36,64,33,0.21,0.29,0.54,0.2,0.43,0.31,0.38,54,3,9
"llama2","seed_989","untrained","all_domains_0_samples",0,"temp_025","zero_shot","structured","answer_first","json","test_set_2",0.29,0.71,0,4,100,100,29,0.3,67,0,0,0,0,0,0,0,0,0,29,71
"llama3","seed_206","trained","all_domains_10_samples",10,"temp_025","zero_shot","structured","fact_first","json","test_set_1",0.55,0.45,0.53,1,6,99,54,0.55,45,52,0.64,0.43,0.54,0.53,0.64,0.38,0.5,41,2,4
"llama2","seed_206","trained","all_domains_10_samples",10,"greedy","zero_shot","unstructured","answer_first","json","test_set_2",0.34,0.66,0.31,0,14,100,34,0.34,66,31,0.5,0.47,0.36,0.27,0.07,0.21,0.31,55,3,11
"llama3","seed_206","trained","all_domains_10_samples",10,"greedy","zero_shot","unstructured","answer_first","json","test_set_2",0.54,0.46,0.47,0,11,100,54,0.54,46,47,0.57,0.2,0.64,0.33,0.47,0.57,0.54,42,7,4
"llama3","seed_989","trained","all_domains_10_samples",10,"temp_06","few_shot","unstructured","answer_first","json","test_set_1",0.45,0.55,0.4,0,10,99,45,0.45,55,40,0.5,0.21,0.46,0.4,0.43,0.46,0.38,49,5,5
"llama2","seed_989","untrained","all_domains_0_samples",0,"greedy","zero_shot","unstructured","fact_first","json","test_set_2",0.15,0.85,0,50,100,100,15,0.3,35,0,0,0,0,0,0,0,0,0,15,85
"llama2","seed_206","trained","all_domains_10_samples",10,"temp_025","zero_shot","structured","fact_first","json","test_set_1",0.44,0.56,0.38,1,16,99,44,0.44,55,38,0.36,0.36,0.46,0.13,0.43,0.31,0.63,45,6,10
"llama3","seed_989","trained","all_domains_10_samples",10,"temp_06","zero_shot","structured","answer_first","json","test_set_1",0.53,0.47,0.49,0,6,99,52,0.52,48,49,0.57,0.43,0.62,0.4,0.43,0.46,0.56,44,3,3
"llama2","seed_206","trained","all_domains_10_samples",10,"temp_06","zero_shot","unstructured","fact_first","json","test_set_1",0.36,0.64,0.33,2,12,99,36,0.37,62,33,0.29,0.43,0.54,0.27,0.21,0.38,0.25,54,3,9
"llama2","seed_989","trained","all_domains_1_samples",1,"temp_025","zero_shot","structured","fact_first","json","test_set_2",0.21,0.79,0.01,24,92,100,21,0.28,55,1,0,0,0,0,0,0.07,0,7,20,72
"llama3","seed_206","trained","all_domains_10_samples",10,"temp_06","zero_shot","unstructured","fact_first","json","test_set_1",0.41,0.59,0.38,5,6,99,41,0.43,54,38,0.5,0.21,0.54,0.47,0.43,0.46,0.13,55,3,3
"llama2","seed_206","trained","all_domains_10_samples",10,"temp_025","zero_shot","unstructured","answer_first","json","test_set_2",0.33,0.67,0.3,0,12,100,33,0.33,67,30,0.5,0.47,0.36,0.27,0.07,0.14,0.31,58,3,9
"llama3","seed_989","trained","all_domains_10_samples",10,"temp_06","few_shot","unstructured","fact_first","json","test_set_1",0.49,0.51,0.45,7,6,99,49,0.53,44,45,0.5,0.36,0.85,0.6,0.43,0.23,0.25,48,4,2
"llama3","seed_206","trained","all_domains_10_samples",10,"temp_025","zero_shot","unstructured","answer_first","json","test_set_2",0.54,0.46,0.47,0,10,100,54,0.54,46,47,0.57,0.2,0.64,0.33,0.47,0.57,0.54,43,7,3
"llama2","seed_989","trained","all_domains_10_samples",10,"temp_06","few_shot","unstructured","fact_first","json","test_set_1",0.37,0.63,0.35,1,11,99,37,0.37,62,35,0.14,0.5,0.46,0.33,0.36,0.23,0.44,53,2,9
"llama2","seed_989","trained","all_domains_10_samples",10,"temp_06","zero_shot","structured","answer_first","json","test_set_1",0.36,0.64,0.3,0,15,99,36,0.36,64,30,0.21,0.5,0.46,0.07,0.21,0.46,0.25,54,6,9
"llama3","seed_206","trained","all_domains_10_samples",10,"greedy","few_shot","unstructured","answer_first","json","test_set_2",0.59,0.41,0.49,0,17,100,59,0.59,41,49,0.64,0.33,0.57,0.4,0.47,0.71,0.31,34,10,7
"llama2","seed_989","trained","all_domains_10_samples",10,"temp_06","few_shot","unstructured","answer_first","json","test_set_1",0.39,0.61,0.36,0,11,99,39,0.39,61,36,0.07,0.43,0.54,0.2,0.43,0.46,0.44,52,3,8
"llama3","seed_206","trained","all_domains_10_samples",10,"temp_06","zero_shot","structured","fact_first","json","test_set_1",0.51,0.49,0.45,0,6,99,50,0.5,50,45,0.64,0.29,0.54,0.53,0.36,0.46,0.38,48,5,1
"llama3","seed_989","trained","all_domains_10_samples",10,"temp_025","few_shot","structured","fact_first","json","test_set_1",0.54,0.46,0.48,0,10,99,53,0.53,47,48,0.71,0.36,0.62,0.4,0.57,0.46,0.31,41,5,5
"llama3","seed_206","trained","all_domains_10_samples",10,"greedy","zero_shot","structured","answer_first","json","test_set_2",0.54,0.46,0.47,0,11,100,54,0.54,46,47,0.5,0.33,0.57,0.27,0.33,0.71,0.62,42,7,4
"llama2","seed_989","trained","all_domains_10_samples",10,"greedy","zero_shot","unstructured","fact_first","json","test_set_1",0.32,0.68,0.3,2,11,99,32,0.33,66,30,0.29,0.21,0.46,0.33,0.29,0.23,0.31,58,2,9
"llama2","seed_989","untrained","all_domains_0_samples",0,"temp_025","zero_shot","unstructured","answer_first","json","test_set_2",0.31,0.69,0,3,100,100,31,0.32,66,0,0,0,0,0,0,0,0,0,31,69
"llama2","seed_206","trained","all_domains_10_samples",10,"temp_06","zero_shot","structured","fact_first","json","test_set_1",0.35,0.65,0.33,2,17,99,35,0.36,63,33,0.36,0.43,0.38,0.2,0.29,0.23,0.44,49,2,15
"llama2","seed_206","trained","all_domains_1_samples",1,"temp_06","few_shot","unstructured","answer_first","json","test_set_2",0.29,0.71,0.2,0,27,100,29,0.29,71,20,0.21,0.4,0.29,0.33,0.07,0.07,0,53,9,18
"llama2","seed_989","trained","all_domains_1_samples",1,"temp_06","zero_shot","structured","answer_first","json","test_set_2",0.24,0.76,0.05,13,84,100,24,0.28,63,5,0.14,0,0,0,0.07,0.14,0,11,19,65
"llama2","seed_206","trained","all_domains_10_samples",10,"temp_06","few_shot","structured","fact_first","json","test_set_1",0.11,0.89,0.08,73,37,99,11,0.41,16,8,0.07,0.21,0,0.13,0.14,0,0,54,3,34
"llama3","seed_989","trained","all_domains_10_samples",10,"greedy","zero_shot","unstructured","fact_first","json","test_set_1",0.48,0.52,0.46,2,7,99,48,0.49,50,46,0.64,0.36,0.54,0.53,0.43,0.46,0.31,46,2,5
"llama2","seed_206","trained","all_domains_1_samples",1,"temp_025","few_shot","structured","answer_first","json","test_set_2",0.21,0.79,0.1,0,53,100,21,0.21,79,10,0.21,0,0.21,0.07,0.07,0.14,0,37,11,42
"llama2","seed_989","trained","all_domains_1_samples",1,"temp_025","zero_shot","unstructured","fact_first","json","test_set_2",0.1,0.9,0.01,61,71,100,10,0.26,29,1,0.07,0,0,0,0,0,0,28,9,62
"llama2","seed_206","trained","all_domains_10_samples",10,"temp_06","zero_shot","unstructured","answer_first","json","test_set_2",0.35,0.65,0.33,0,13,100,35,0.35,65,33,0.57,0.47,0.43,0.27,0,0.21,0.38,54,2,11
"llama3","seed_206","trained","all_domains_10_samples",10,"temp_06","zero_shot","unstructured","answer_first","json","test_set_2",0.54,0.46,0.48,0,9,100,54,0.54,46,48,0.57,0.2,0.71,0.33,0.47,0.57,0.54,43,6,3
"llama3","seed_206","trained","all_domains_10_samples",10,"greedy","few_shot","unstructured","fact_first","json","test_set_2",0.52,0.48,0.44,5,12,100,52,0.55,43,44,0.64,0.4,0.43,0.4,0.33,0.36,0.54,44,8,4
"llama3","seed_206","trained","all_domains_10_samples",10,"temp_025","few_shot","unstructured","answer_first","json","test_set_2",0.58,0.42,0.48,0,16,100,58,0.58,42,48,0.64,0.27,0.5,0.4,0.47,0.71,0.38,36,10,6
"llama2","seed_206","trained","all_domains_10_samples",10,"greedy","few_shot","unstructured","fact_first","json","test_set_2",0.32,0.68,0.27,4,15,100,32,0.33,64,27,0.43,0.2,0.36,0.33,0.2,0.21,0.15,58,5,10
"llama3","seed_989","trained","all_domains_10_samples",10,"greedy","zero_shot","structured","fact_first","json","test_set_1",0.57,0.43,0.54,0,6,99,56,0.56,44,53,0.64,0.43,0.54,0.47,0.5,0.69,0.5,40,3,3
"llama2","seed_206","trained","all_domains_1_samples",1,"temp_025","few_shot","structured","fact_first","json","test_set_2",0.36,0.64,0.13,14,54,100,36,0.42,50,13,0.21,0,0.57,0.07,0,0.07,0,33,23,31
"llama2","seed_206","trained","all_domains_10_samples",10,"greedy","few_shot","unstructured","answer_first","json","test_set_2",0.33,0.67,0.27,0,12,100,33,0.33,67,27,0.36,0.4,0.36,0.27,0.2,0,0.31,61,6,6
"llama2","seed_206","trained","all_domains_1_samples",1,"temp_025","few_shot","unstructured","fact_first","json","test_set_2",0.13,0.87,0.08,63,27,100,13,0.35,24,8,0.07,0.27,0.14,0.07,0,0,0,65,5,22
"llama2","seed_206","trained","all_domains_10_samples",10,"greedy","zero_shot","structured","answer_first","json","test_set_2",0.38,0.62,0.31,0,14,100,38,0.38,62,31,0.36,0.53,0.29,0.27,0.13,0.36,0.23,55,7,7
"llama2","seed_989","trained","all_domains_10_samples",10,"temp_025","zero_shot","unstructured","fact_first","json","test_set_1",0.28,0.72,0.25,3,11,99,28,0.29,69,25,0.43,0.14,0.46,0.07,0.07,0.31,0.31,63,3,8
"llama3","seed_989","trained","all_domains_10_samples",10,"temp_06","few_shot","structured","fact_first","json","test_set_1",0.53,0.47,0.49,1,10,99,52,0.53,47,49,0.71,0.29,0.62,0.47,0.57,0.46,0.38,40,3,7
"llama3","seed_206","trained","all_domains_10_samples",10,"temp_025","zero_shot","structured","answer_first","json","test_set_2",0.53,0.47,0.46,0,11,100,53,0.53,47,46,0.5,0.33,0.57,0.2,0.33,0.71,0.62,43,7,4
"llama2","seed_989","untrained","all_domains_0_samples",0,"temp_025","zero_shot","structured","fact_first","json","test_set_2",0.21,0.79,0,34,100,100,21,0.32,45,0,0,0,0,0,0,0,0,0,21,79
"llama2","seed_989","trained","all_domains_10_samples",10,"greedy","zero_shot","structured","fact_first","json","test_set_1",0.32,0.68,0.28,3,15,99,32,0.33,65,28,0.21,0.29,0.31,0.13,0.43,0.38,0.25,56,4,11
"llama3","seed_989","trained","all_domains_10_samples",10,"temp_025","zero_shot","unstructured","fact_first","json","test_set_1",0.49,0.51,0.47,3,6,99,49,0.51,48,47,0.64,0.29,0.46,0.6,0.5,0.54,0.31,46,2,4
"llama2","seed_989","trained","all_domains_10_samples",10,"greedy","zero_shot","unstructured","answer_first","json","test_set_2",0.34,0.66,0.31,0,14,100,34,0.34,66,31,0.5,0.47,0.36,0.27,0.07,0.21,0.31,55,3,11
"llama3","seed_989","trained","all_domains_10_samples",10,"greedy","zero_shot","unstructured","answer_first","json","test_set_2",0.54,0.46,0.47,0,11,100,54,0.54,46,47,0.57,0.2,0.64,0.33,0.47,0.57,0.54,42,7,4
"llama2","seed_989","trained","all_domains_1_samples",1,"temp_06","zero_shot","unstructured","answer_first","json","test_set_2",0.27,0.73,0.05,6,79,100,27,0.29,67,5,0,0.07,0.07,0.07,0.07,0.07,0,16,22,57
"llama3","seed_206","trained","all_domains_10_samples",10,"temp_06","few_shot","unstructured","answer_first","json","test_set_2",0.55,0.45,0.47,0,14,100,55,0.55,45,47,0.64,0.2,0.57,0.47,0.4,0.71,0.31,39,8,6
"llama3","seed_206","trained","all_domains_10_samples",10,"temp_025","few_shot","unstructured","fact_first","json","test_set_2",0.5,0.5,0.43,6,12,100,50,0.53,44,43,0.5,0.33,0.5,0.33,0.4,0.43,0.54,45,7,5
"llama2","seed_989","untrained","all_domains_0_samples",0,"temp_06","zero_shot","structured","answer_first","json","test_set_2",0.23,0.77,0,6,100,100,23,0.24,71,0,0,0,0,0,0,0,0,0,23,77
"llama2","seed_989","trained","all_domains_10_samples",10,"temp_06","zero_shot","unstructured","fact_first","json","test_set_1",0.33,0.67,0.32,4,9,99,33,0.34,63,32,0.29,0.36,0.46,0.2,0.29,0.38,0.31,58,1,8
"llama3","seed_989","trained","all_domains_10_samples",10,"temp_025","zero_shot","structured","fact_first","json","test_set_1",0.51,0.49,0.48,0,6,99,50,0.5,50,48,0.64,0.43,0.62,0.47,0.43,0.54,0.31,45,2,4
"llama2","seed_206","trained","all_domains_10_samples",10,"temp_025","few_shot","unstructured","fact_first","json","test_set_2",0.26,0.74,0.22,5,15,100,26,0.27,69,22,0.29,0.27,0.21,0.33,0.2,0.14,0.08,63,4,11
"llama2","seed_206","trained","all_domains_10_samples",10,"temp_025","few_shot","unstructured","answer_first","json","test_set_2",0.33,0.67,0.28,0,13,100,33,0.33,67,28,0.36,0.4,0.36,0.27,0.13,0.14,0.31,59,5,8
"llama2","seed_206","trained","all_domains_10_samples",10,"temp_025","zero_shot","structured","answer_first","json","test_set_2",0.35,0.65,0.3,0,13,100,35,0.35,65,30,0.36,0.53,0.36,0.2,0.13,0.36,0.15,57,5,8
"llama3","seed_206","trained","all_domains_10_samples",10,"temp_06","zero_shot","structured","answer_first","json","test_set_2",0.52,0.48,0.45,0,11,100,52,0.52,48,45,0.5,0.33,0.5,0.2,0.33,0.71,0.62,44,7,4
"llama3","seed_206","trained","all_domains_10_samples",10,"greedy","few_shot","structured","fact_first","json","test_set_2",0.63,0.37,0.52,2,18,100,63,0.64,35,52,0.93,0.47,0.43,0.2,0.4,0.71,0.54,30,11,7
"llama2","seed_989","trained","all_domains_10_samples",10,"temp_025","zero_shot","unstructured","answer_first","json","test_set_2",0.33,0.67,0.3,0,12,100,33,0.33,67,30,0.5,0.47,0.36,0.2,0.07,0.21,0.31,58,3,9
"llama3","seed_989","trained","all_domains_10_samples",10,"temp_06","zero_shot","unstructured","fact_first","json","test_set_1",0.48,0.52,0.46,3,6,99,48,0.49,49,46,0.57,0.29,0.62,0.6,0.43,0.46,0.31,47,2,4
"llama2","seed_989","untrained","all_domains_0_samples",0,"temp_025","zero_shot","unstructured","fact_first","json","test_set_2",0.18,0.82,0,49,100,100,18,0.35,33,0,0,0,0,0,0,0,0,0,18,82
"llama3","seed_206","trained","all_domains_20_samples",20,"greedy","few_shot","structured","answer_first","json","test_set_1",0.48,0.52,0.45,0,6,99,48,0.48,52,45,0.5,0.29,0.62,0.6,0.36,0.46,0.38,48,3,3
"llama3","seed_989","trained","all_domains_10_samples",10,"temp_025","zero_shot","unstructured","answer_first","json","test_set_2",0.54,0.46,0.47,0,11,100,54,0.54,46,47,0.57,0.2,0.64,0.33,0.47,0.57,0.54,42,7,4
"llama2","seed_989","trained","all_domains_10_samples",10,"temp_025","zero_shot","structured","fact_first","json","test_set_1",0.4,0.6,0.35,2,15,99,40,0.41,58,35,0.29,0.29,0.46,0.2,0.43,0.38,0.44,49,5,10
"llama3","seed_989","trained","all_domains_10_samples",10,"greedy","few_shot","unstructured","answer_first","json","test_set_2",0.59,0.41,0.49,0,17,100,59,0.59,41,49,0.64,0.33,0.57,0.4,0.47,0.71,0.31,34,10,7
"llama2","seed_206","untrained","all_domains_0_samples",0,"temp_06","few_shot","unstructured","answer_first","json","test_set_2",0.28,0.72,0.18,0,33,100,28,0.28,72,18,0.07,0.33,0.21,0.07,0.13,0.21,0.23,49,10,23
"llama2","seed_989","trained","all_domains_1_samples",1,"temp_06","zero_shot","structured","fact_first","json","test_set_2",0.17,0.83,0.02,37,79,100,17,0.27,46,2,0.07,0.07,0,0,0,0,0,19,15,64
"llama2","seed_989","trained","all_domains_10_samples",10,"greedy","few_shot","structured","fact_first","json","test_set_1",0.07,0.93,0.06,69,39,99,7,0.23,24,6,0,0.14,0.15,0.07,0.07,0,0,54,1,38
"llama3","seed_206","trained","all_domains_10_samples",10,"temp_06","few_shot","unstructured","fact_first","json","test_set_2",0.51,0.49,0.42,4,13,100,51,0.53,45,42,0.5,0.47,0.36,0.47,0.13,0.36,0.69,45,9,4
"llama2","seed_206","trained","all_domains_10_samples",10,"greedy","zero_shot","unstructured","fact_first","json","test_set_2",0.27,0.73,0.23,1,11,100,27,0.27,72,23,0.43,0.4,0.14,0.13,0.13,0.21,0.15,66,4,7
"llama2","seed_989","untrained","all_domains_0_samples",0,"temp_06","zero_shot","unstructured","answer_first","json","test_set_2",0.19,0.81,0,20,100,100,19,0.24,61,0,0,0,0,0,0,0,0,0,19,81
"llama2","seed_206","untrained","all_domains_0_samples",0,"temp_025","few_shot","structured","answer_first","json","test_set_2",0.31,0.69,0.19,0,41,100,31,0.31,69,19,0.36,0.2,0.36,0.2,0.07,0.14,0,40,12,29
"llama2","seed_206","trained","all_domains_20_samples",20,"greedy","few_shot","structured","answer_first","json","test_set_1",0.36,0.64,0.34,0,8,99,36,0.36,64,34,0.29,0.5,0.38,0.13,0.36,0.31,0.44,57,2,6
"llama3","seed_989","trained","all_domains_10_samples",10,"temp_06","zero_shot","structured","fact_first","json","test_set_1",0.59,0.41,0.56,0,6,99,58,0.58,42,55,0.64,0.57,0.85,0.47,0.5,0.46,0.44,38,3,3
"llama2","seed_206","trained","all_domains_10_samples",10,"temp_06","few_shot","unstructured","fact_first","json","test_set_2",0.23,0.77,0.2,1,14,100,23,0.23,76,20,0.21,0.2,0.29,0.2,0.2,0.21,0.08,66,3,11
"llama2","seed_206","trained","all_domains_10_samples",10,"temp_06","few_shot","unstructured","answer_first","json","test_set_2",0.3,0.7,0.24,0,10,100,30,0.3,70,24,0.36,0.33,0.36,0.27,0.07,0.14,0.15,66,6,4
"llama2","seed_989","trained","all_domains_10_samples",10,"temp_06","zero_shot","unstructured","answer_first","json","test_set_2",0.3,0.7,0.28,0,13,100,30,0.3,70,28,0.43,0.4,0.36,0.27,0.07,0.14,0.31,59,2,11
"llama2","seed_206","untrained","all_domains_0_samples",0,"temp_025","few_shot","unstructured","fact_first","json","test_set_2",0.09,0.91,0.05,72,29,100,9,0.32,19,5,0,0.2,0.14,0,0,0,0,66,4,25
"llama2","seed_206","untrained","all_domains_0_samples",0,"temp_025","few_shot","structured","fact_first","json","test_set_2",0.31,0.69,0.16,18,44,100,31,0.38,51,16,0.29,0.07,0.36,0.07,0.13,0.07,0.15,40,15,29
"llama3","seed_989","trained","all_domains_10_samples",10,"greedy","zero_shot","structured","answer_first","json","test_set_2",0.54,0.46,0.47,0,11,100,54,0.54,46,47,0.5,0.33,0.57,0.27,0.33,0.71,0.62,42,7,4
"llama2","seed_206","trained","all_domains_10_samples",10,"temp_06","zero_shot","structured","answer_first","json","test_set_2",0.36,0.64,0.31,0,11,100,36,0.36,64,31,0.43,0.4,0.36,0.2,0.2,0.36,0.23,58,5,6
"llama3","seed_206","trained","all_domains_10_samples",10,"greedy","zero_shot","unstructured","fact_first","json","test_set_2",0.54,0.46,0.46,1,10,100,54,0.55,45,46,0.64,0.13,0.5,0.4,0.6,0.43,0.54,44,8,2
"llama3","seed_989","trained","all_domains_10_samples",10,"temp_06","zero_shot","unstructured","answer_first","json","test_set_2",0.53,0.47,0.46,0,11,100,53,0.53,47,46,0.57,0.2,0.64,0.33,0.47,0.57,0.46,43,7,4
"llama3","seed_989","trained","all_domains_10_samples",10,"temp_025","few_shot","unstructured","answer_first","json","test_set_2",0.59,0.41,0.49,0,17,100,59,0.59,41,49,0.64,0.33,0.57,0.33,0.47,0.71,0.38,34,10,7
"llama3","seed_206","trained","all_domains_10_samples",10,"temp_025","few_shot","structured","fact_first","json","test_set_2",0.59,0.41,0.48,0,18,100,59,0.59,41,48,0.79,0.4,0.43,0.33,0.33,0.71,0.38,34,11,7
"llama3","seed_206","trained","all_domains_20_samples",20,"temp_025","few_shot","structured","answer_first","json","test_set_1",0.48,0.52,0.46,0,5,99,48,0.48,52,46,0.5,0.29,0.62,0.6,0.36,0.54,0.38,48,2,3
"llama2","seed_989","trained","all_domains_10_samples",10,"temp_06","zero_shot","structured","fact_first","json","test_set_1",0.41,0.59,0.35,3,16,99,41,0.42,56,35,0.36,0.29,0.46,0.2,0.29,0.46,0.44,48,6,10
"llama2","seed_989","trained","all_domains_1_samples",1,"temp_06","zero_shot","unstructured","fact_first","json","test_set_2",0.18,0.82,0.1,47,67,100,18,0.34,35,10,0.36,0.07,0.07,0.07,0,0.14,0,23,8,59
"llama2","seed_206","trained","all_domains_10_samples",10,"temp_025","zero_shot","unstructured","fact_first","json","test_set_2",0.31,0.69,0.27,2,11,100,31,0.32,67,27,0.36,0.6,0.36,0.13,0.2,0.14,0.08,62,4,7
"llama3","seed_989","trained","all_domains_10_samples",10,"greedy","few_shot","unstructured","fact_first","json","test_set_2",0.52,0.48,0.44,5,12,100,52,0.55,43,44,0.64,0.4,0.43,0.4,0.33,0.36,0.54,44,8,4
"llama2","seed_989","untrained","all_domains_0_samples",0,"temp_06","zero_shot","structured","fact_first","json","test_set_2",0.09,0.91,0,64,100,100,9,0.25,27,0,0,0,0,0,0,0,0,0,9,91
"llama3","seed_206","trained","all_domains_10_samples",10,"greedy","zero_shot","structured","fact_first","json","test_set_2",0.48,0.52,0.41,1,9,100,48,0.48,51,41,0.5,0.33,0.29,0.27,0.47,0.64,0.38,50,7,2
"llama2","seed_989","trained","all_domains_10_samples",10,"greedy","few_shot","unstructured","fact_first","json","test_set_2",0.32,0.68,0.27,4,15,100,32,0.33,64,27,0.43,0.2,0.36,0.33,0.2,0.21,0.15,58,5,10
"llama2","seed_989","trained","all_domains_10_samples",10,"greedy","few_shot","unstructured","answer_first","json","test_set_2",0.33,0.67,0.27,0,12,100,33,0.33,67,27,0.36,0.4,0.36,0.27,0.2,0,0.31,61,6,6
"llama3","seed_206","trained","all_domains_10_samples",10,"temp_025","zero_shot","unstructured","fact_first","json","test_set_2",0.52,0.48,0.46,1,10,100,52,0.53,47,46,0.57,0.27,0.57,0.27,0.6,0.43,0.54,44,6,4
"llama3","seed_989","trained","all_domains_10_samples",10,"temp_025","zero_shot","structured","answer_first","json","test_set_2",0.54,0.46,0.47,0,10,100,54,0.54,46,47,0.5,0.33,0.57,0.27,0.33,0.71,0.62,43,7,3
"llama3","seed_989","trained","all_domains_10_samples",10,"temp_06","few_shot","unstructured","answer_first","json","test_set_2",0.58,0.42,0.49,0,15,100,58,0.58,42,49,0.64,0.27,0.64,0.33,0.47,0.71,0.38,36,9,6
"llama2","seed_989","trained","all_domains_10_samples",10,"greedy","zero_shot","structured","answer_first","json","test_set_2",0.38,0.62,0.31,0,14,100,38,0.38,62,31,0.36,0.53,0.29,0.27,0.13,0.36,0.23,55,7,7
"llama2","seed_206","trained","all_domains_10_samples",10,"temp_06","zero_shot","unstructured","fact_first","json","test_set_2",0.3,0.7,0.25,3,12,100,30,0.31,67,25,0.43,0.2,0.36,0.2,0.2,0.21,0.15,63,5,7
"llama3","seed_989","trained","all_domains_10_samples",10,"temp_025","few_shot","unstructured","fact_first","json","test_set_2",0.56,0.44,0.5,6,12,100,56,0.6,38,50,0.64,0.47,0.5,0.33,0.47,0.57,0.54,38,6,6
"llama3","seed_206","trained","all_domains_10_samples",10,"temp_06","few_shot","structured","fact_first","json","test_set_2",0.54,0.46,0.43,3,18,100,54,0.56,43,43,0.86,0.33,0.36,0.27,0.33,0.57,0.31,39,11,7
"llama3","seed_206","trained","all_domains_20_samples",20,"temp_06","few_shot","structured","answer_first","json","test_set_1",0.48,0.52,0.45,0,6,99,48,0.48,52,45,0.5,0.29,0.62,0.6,0.36,0.46,0.38,48,3,3
"llama2","seed_206","trained","all_domains_10_samples",10,"greedy","zero_shot","structured","fact_first","json","test_set_2",0.4,0.6,0.36,2,14,100,40,0.41,58,36,0.5,0.4,0.36,0.4,0.33,0.36,0.15,50,4,10
"llama2","seed_989","trained","all_domains_1_samples",1,"greedy","few_shot","unstructured","answer_first","json","test_set_2",0.31,0.69,0.19,0,28,100,31,0.31,69,19,0.36,0.4,0.29,0.2,0,0.07,0,53,12,16
"llama2","seed_989","untrained","all_domains_0_samples",0,"temp_06","zero_shot","unstructured","fact_first","json","test_set_2",0.15,0.85,0,43,100,100,15,0.26,42,0,0,0,0,0,0,0,0,0,15,85
"llama2","seed_989","trained","all_domains_10_samples",10,"temp_025","few_shot","structured","fact_first","json","test_set_1",0.09,0.91,0.09,74,40,99,9,0.35,17,9,0.14,0.21,0.15,0,0,0.08,0.06,50,0,40
"llama3","seed_206","trained","all_domains_10_samples",10,"temp_025","zero_shot","structured","fact_first","json","test_set_2",0.55,0.45,0.48,1,9,100,55,0.56,44,48,0.57,0.4,0.43,0.47,0.4,0.71,0.38,43,7,2
"llama2","seed_206","trained","all_domains_1_samples",1,"temp_06","few_shot","structured","answer_first","json","test_set_2",0.31,0.69,0.14,1,56,100,31,0.31,68,14,0.29,0.13,0.21,0.13,0,0.14,0.08,30,17,39
"llama2","seed_206","trained","all_domains_20_samples",20,"temp_025","few_shot","structured","answer_first","json","test_set_1",0.37,0.63,0.33,0,9,99,37,0.37,63,33,0.29,0.57,0.31,0.2,0.36,0.23,0.38,57,4,5
"llama2","seed_989","trained","all_domains_10_samples",10,"temp_025","few_shot","unstructured","fact_first","json","test_set_2",0.32,0.68,0.27,1,15,100,32,0.32,67,27,0.43,0.33,0.29,0.33,0.13,0.21,0.15,58,5,10
"llama3","seed_206","trained","all_domains_10_samples",10,"temp_06","zero_shot","unstructured","fact_first","json","test_set_2",0.55,0.45,0.48,0,10,100,55,0.55,45,48,0.5,0.27,0.57,0.4,0.6,0.5,0.54,42,7,3
"llama2","seed_989","trained","all_domains_10_samples",10,"temp_025","few_shot","unstructured","answer_first","json","test_set_2",0.33,0.67,0.28,0,11,100,33,0.33,67,28,0.29,0.47,0.43,0.27,0.13,0.07,0.31,61,5,6
"llama3","seed_989","trained","all_domains_10_samples",10,"temp_06","zero_shot","structured","answer_first","json","test_set_2",0.54,0.46,0.46,0,12,100,54,0.54,46,46,0.5,0.27,0.57,0.27,0.33,0.71,0.62,42,8,4
"llama2","seed_989","trained","all_domains_10_samples",10,"greedy","zero_shot","unstructured","fact_first","json","test_set_2",0.27,0.73,0.23,1,11,100,27,0.27,72,23,0.43,0.4,0.14,0.13,0.13,0.21,0.15,66,4,7
"llama2","seed_206","trained","all_domains_1_samples",1,"temp_06","few_shot","unstructured","fact_first","json","test_set_2",0.23,0.77,0.13,19,33,100,23,0.28,58,13,0.29,0.2,0.14,0.07,0,0.14,0.08,54,10,23
"llama2","seed_206","trained","all_domains_1_samples",1,"temp_06","few_shot","structured","fact_first","json","test_set_2",0.22,0.78,0.08,22,61,100,22,0.28,56,8,0.07,0,0.29,0.07,0,0.07,0.08,31,14,47
"llama3","seed_989","trained","all_domains_10_samples",10,"temp_06","few_shot","unstructured","fact_first","json","test_set_2",0.53,0.47,0.45,7,12,100,53,0.57,40,45,0.57,0.47,0.5,0.4,0.33,0.36,0.54,43,8,4
"llama2","seed_989","trained","all_domains_10_samples",10,"temp_025","zero_shot","structured","answer_first","json","test_set_2",0.36,0.64,0.3,0,14,100,36,0.36,64,30,0.36,0.53,0.36,0.27,0.07,0.36,0.15,56,6,8
"llama3","seed_989","trained","all_domains_10_samples",10,"greedy","few_shot","structured","fact_first","json","test_set_2",0.63,0.37,0.52,2,18,100,63,0.64,35,52,0.93,0.47,0.43,0.2,0.4,0.71,0.54,30,11,7
"llama3","seed_989","trained","all_domains_20_samples",20,"greedy","few_shot","structured","answer_first","json","test_set_1",0.48,0.52,0.45,0,6,99,48,0.48,52,45,0.5,0.29,0.62,0.6,0.36,0.46,0.38,48,3,3
"llama2","seed_206","trained","all_domains_10_samples",10,"temp_025","zero_shot","structured","fact_first","json","test_set_2",0.33,0.67,0.3,1,15,100,33,0.33,66,30,0.57,0.33,0.29,0.27,0.2,0.21,0.23,55,3,12
"llama3","seed_206","trained","all_domains_10_samples",10,"temp_06","zero_shot","structured","fact_first","json","test_set_2",0.47,0.53,0.42,4,9,100,47,0.49,49,42,0.57,0.4,0.36,0.4,0.4,0.5,0.31,49,5,4
"llama3","seed_989","trained","all_domains_10_samples",10,"greedy","zero_shot","unstructured","fact_first","json","test_set_2",0.54,0.46,0.46,1,10,100,54,0.55,45,46,0.64,0.13,0.5,0.4,0.6,0.43,0.54,44,8,2
"llama2","seed_989","trained","all_domains_10_samples",10,"temp_06","few_shot","unstructured","fact_first","json","test_set_2",0.3,0.7,0.25,0,15,100,30,0.3,70,25,0.36,0.27,0.36,0.33,0.13,0.14,0.15,60,5,10
"llama2","seed_989","trained","all_domains_10_samples",10,"temp_025","zero_shot","unstructured","fact_first","json","test_set_2",0.32,0.68,0.28,4,11,100,32,0.33,64,28,0.5,0.4,0.21,0.4,0.2,0.14,0.08,61,4,7
"llama2","seed_989","trained","all_domains_10_samples",10,"temp_06","few_shot","unstructured","answer_first","json","test_set_2",0.32,0.68,0.27,0,11,100,32,0.32,68,27,0.36,0.47,0.43,0.27,0.13,0.07,0.15,62,5,6
"llama2","seed_989","trained","all_domains_10_samples",10,"temp_06","zero_shot","structured","answer_first","json","test_set_2",0.34,0.66,0.28,0,15,100,34,0.34,66,28,0.36,0.53,0.43,0.27,0,0.21,0.15,57,6,9
"llama3","seed_989","trained","all_domains_10_samples",10,"temp_025","few_shot","structured","fact_first","json","test_set_2",0.61,0.39,0.48,0,18,100,61,0.61,39,48,0.93,0.4,0.43,0.27,0.33,0.57,0.46,34,13,5
"llama2","seed_989","untrained","all_domains_0_samples",0,"greedy","few_shot","unstructured","answer_first","json","test_set_2",0.31,0.69,0.2,0,30,100,31,0.31,69,20,0.36,0.47,0.21,0.07,0,0.07,0.23,50,11,19
"llama2","seed_206","trained","all_domains_10_samples",10,"temp_06","zero_shot","structured","fact_first","json","test_set_2",0.39,0.61,0.33,1,13,100,39,0.39,60,33,0.36,0.27,0.43,0.47,0.27,0.29,0.23,54,6,7
"llama3","seed_989","trained","all_domains_20_samples",20,"temp_025","few_shot","structured","answer_first","json","test_set_1",0.48,0.52,0.45,0,7,99,48,0.48,52,45,0.5,0.29,0.69,0.53,0.36,0.46,0.38,47,3,4
"llama3","seed_989","trained","all_domains_10_samples",10,"temp_025","zero_shot","unstructured","fact_first","json","test_set_2",0.54,0.46,0.47,1,9,100,54,0.55,45,47,0.64,0.4,0.5,0.4,0.53,0.43,0.38,44,7,2
"llama3","seed_989","trained","all_domains_10_samples",10,"greedy","zero_shot","structured","fact_first","json","test_set_2",0.48,0.52,0.41,1,9,100,48,0.48,51,41,0.5,0.33,0.29,0.27,0.47,0.64,0.38,50,7,2
"llama2","seed_989","trained","all_domains_10_samples",10,"temp_06","zero_shot","unstructured","fact_first","json","test_set_2",0.29,0.71,0.26,6,11,100,29,0.31,65,26,0.21,0.4,0.14,0.33,0.33,0.29,0.08,63,3,8
"llama2","seed_989","trained","all_domains_10_samples",10,"temp_06","few_shot","structured","fact_first","json","test_set_1",0.12,0.88,0.12,70,43,99,12,0.4,18,12,0.07,0.14,0.31,0.2,0,0.08,0.06,44,0,43
"llama2","seed_206","untrained","all_domains_0_samples",0,"temp_06","few_shot","structured","answer_first","json","test_set_2",0.31,0.69,0.18,0,41,100,31,0.31,69,18,0.21,0.27,0.21,0.07,0.13,0.29,0.08,41,13,28
"llama2","seed_206","trained","all_domains_20_samples",20,"temp_06","few_shot","structured","answer_first","json","test_set_1",0.39,0.61,0.35,0,9,99,39,0.39,61,35,0.36,0.5,0.38,0.2,0.36,0.23,0.44,55,4,5
"llama2","seed_206","untrained","all_domains_0_samples",0,"temp_06","few_shot","unstructured","fact_first","json","test_set_2",0.2,0.8,0.15,30,30,100,20,0.29,50,15,0.07,0.2,0.21,0.13,0.07,0.21,0.15,55,5,25
"llama2","seed_206","untrained","all_domains_0_samples",0,"temp_06","few_shot","structured","fact_first","json","test_set_2",0.25,0.75,0.13,21,43,100,25,0.32,54,13,0.21,0.13,0.29,0.13,0,0.07,0.08,44,12,31
"llama3","seed_989","trained","all_domains_10_samples",10,"temp_06","zero_shot","unstructured","fact_first","json","test_set_2",0.52,0.48,0.44,1,11,100,52,0.53,47,44,0.57,0.13,0.5,0.47,0.47,0.5,0.46,45,8,3
"llama3","seed_989","trained","all_domains_10_samples",10,"temp_025","zero_shot","structured","fact_first","json","test_set_2",0.48,0.52,0.42,1,9,100,48,0.48,51,42,0.43,0.33,0.43,0.4,0.4,0.57,0.38,49,6,3
"llama2","seed_989","trained","all_domains_10_samples",10,"greedy","zero_shot","structured","fact_first","json","test_set_2",0.4,0.6,0.36,2,14,100,40,0.41,58,36,0.5,0.4,0.36,0.4,0.33,0.36,0.15,50,4,10
"llama3","seed_989","trained","all_domains_10_samples",10,"temp_06","few_shot","structured","fact_first","json","test_set_2",0.59,0.41,0.48,1,18,100,59,0.6,40,48,0.79,0.4,0.29,0.33,0.33,0.64,0.62,34,11,7
"llama3","seed_989","trained","all_domains_20_samples",20,"temp_06","few_shot","structured","answer_first","json","test_set_1",0.48,0.52,0.46,0,6,99,48,0.48,52,46,0.5,0.29,0.69,0.6,0.36,0.46,0.38,47,2,4
"llama3","seed_989","trained","all_domains_10_samples",10,"temp_06","zero_shot","structured","fact_first","json","test_set_2",0.48,0.52,0.4,2,11,100,48,0.49,50,40,0.43,0.33,0.43,0.27,0.27,0.64,0.46,49,8,3
"llama2","seed_989","trained","all_domains_1_samples",1,"temp_025","few_shot","unstructured","answer_first","json","test_set_2",0.35,0.65,0.24,0,28,100,35,0.35,65,24,0.36,0.4,0.29,0.2,0.13,0.21,0.08,48,11,17
"llama2","seed_989","trained","all_domains_10_samples",10,"temp_025","zero_shot","structured","fact_first","json","test_set_2",0.34,0.66,0.32,1,14,100,34,0.34,65,32,0.29,0.4,0.64,0.2,0.2,0.36,0.15,54,2,12
"llama3","seed_206","trained","all_domains_20_samples",20,"greedy","few_shot","structured","answer_first","json","test_set_2",0.59,0.41,0.55,0,7,100,59,0.59,41,55,0.64,0.33,0.64,0.53,0.33,0.79,0.62,38,4,3
"llama2","seed_206","trained","all_domains_10_samples",10,"greedy","few_shot","structured","fact_first","json","test_set_2",0.08,0.92,0.06,70,42,100,8,0.27,22,6,0.07,0.07,0.07,0.07,0,0.07,0.08,52,2,40
"llama2","seed_989","trained","all_domains_1_samples",1,"greedy","few_shot","structured","answer_first","json","test_set_2",0.29,0.71,0.11,0,51,100,29,0.29,71,11,0.29,0,0.36,0.07,0,0.07,0,38,18,33
"llama2","seed_989","trained","all_domains_20_samples",20,"greedy","few_shot","structured","answer_first","json","test_set_1",0.36,0.64,0.34,0,8,99,36,0.36,64,34,0.29,0.5,0.38,0.13,0.36,0.31,0.44,57,2,6
"llama2","seed_989","trained","all_domains_1_samples",1,"greedy","few_shot","unstructured","fact_first","json","test_set_2",0.09,0.91,0.07,70,27,100,9,0.3,21,7,0,0.13,0.21,0.07,0,0.07,0,66,2,25
"llama2","seed_989","trained","all_domains_1_samples",1,"greedy","few_shot","structured","fact_first","json","test_set_2",0.22,0.78,0.1,15,51,100,22,0.26,63,10,0.21,0,0.29,0,0.07,0.14,0,39,12,39
"llama2","seed_989","trained","all_domains_10_samples",10,"temp_06","zero_shot","structured","fact_first","json","test_set_2",0.31,0.69,0.29,3,13,100,31,0.32,66,29,0.43,0.4,0.21,0.27,0.13,0.21,0.38,58,2,11
"llama3","seed_206","trained","all_domains_20_samples",20,"temp_025","few_shot","structured","answer_first","json","test_set_2",0.6,0.4,0.56,0,7,100,60,0.6,40,56,0.64,0.33,0.64,0.6,0.33,0.79,0.62,37,4,3
"llama2","seed_989","untrained","all_domains_0_samples",0,"temp_025","few_shot","unstructured","answer_first","json","test_set_2",0.31,0.69,0.2,0,29,100,31,0.31,69,20,0.36,0.33,0.29,0.07,0.13,0.21,0,51,11,18
"llama2","seed_206","trained","all_domains_10_samples",10,"temp_025","few_shot","structured","fact_first","json","test_set_2",0.05,0.95,0.02,70,46,100,5,0.17,25,2,0.07,0.07,0,0,0,0,0,52,3,43
"llama3","seed_206","trained","all_domains_20_samples",20,"temp_06","few_shot","structured","answer_first","json","test_set_2",0.6,0.4,0.55,0,8,100,60,0.6,40,55,0.64,0.47,0.64,0.47,0.33,0.79,0.54,37,5,3
"llama2","seed_989","untrained","all_domains_0_samples",0,"greedy","few_shot","structured","answer_first","json","test_set_2",0.32,0.68,0.13,0,45,100,32,0.32,68,13,0.36,0,0.29,0.07,0,0.07,0.15,42,19,26
"llama2","seed_989","trained","all_domains_20_samples",20,"temp_025","few_shot","structured","answer_first","json","test_set_1",0.4,0.6,0.36,0,8,99,40,0.4,60,36,0.29,0.5,0.46,0.27,0.29,0.31,0.44,55,4,4
"llama2","seed_989","untrained","all_domains_0_samples",0,"greedy","few_shot","unstructured","fact_first","json","test_set_2",0.06,0.94,0.04,77,30,100,6,0.26,17,4,0.07,0.2,0,0,0,0,0,66,2,28
"llama2","seed_989","untrained","all_domains_0_samples",0,"greedy","few_shot","structured","fact_first","json","test_set_2",0.16,0.84,0.06,26,47,100,16,0.22,58,6,0.14,0,0.14,0.07,0,0.07,0,47,10,37
"llama3","seed_989","trained","all_domains_20_samples",20,"greedy","few_shot","structured","answer_first","json","test_set_2",0.59,0.41,0.55,0,7,100,59,0.59,41,55,0.64,0.33,0.64,0.53,0.33,0.79,0.62,38,4,3
"llama2","seed_989","trained","all_domains_1_samples",1,"temp_06","few_shot","unstructured","answer_first","json","test_set_2",0.34,0.66,0.26,0,31,100,34,0.34,66,26,0.29,0.4,0.21,0.33,0.2,0.29,0.08,43,8,23
"llama2","seed_206","trained","all_domains_10_samples",10,"temp_06","few_shot","structured","fact_first","json","test_set_2",0.07,0.93,0.05,75,43,100,7,0.28,18,5,0.21,0.07,0.07,0,0,0,0,52,2,41
"llama3","seed_989","trained","all_domains_20_samples",20,"temp_025","few_shot","structured","answer_first","json","test_set_2",0.61,0.39,0.57,0,7,100,61,0.61,39,57,0.64,0.4,0.64,0.53,0.4,0.79,0.62,36,4,3
"llama2","seed_989","trained","all_domains_1_samples",1,"temp_025","few_shot","structured","answer_first","json","test_set_2",0.31,0.69,0.11,0,54,100,31,0.31,69,11,0.29,0,0.29,0.07,0.07,0.07,0,35,20,34
"llama2","seed_989","trained","all_domains_1_samples",1,"temp_025","few_shot","unstructured","fact_first","json","test_set_2",0.16,0.84,0.1,68,29,100,16,0.5,16,10,0.14,0.13,0.07,0.13,0.07,0.07,0.08,61,6,23
"llama2","seed_989","trained","all_domains_20_samples",20,"temp_06","few_shot","structured","answer_first","json","test_set_1",0.32,0.68,0.28,0,9,99,32,0.32,68,28,0.29,0.36,0.31,0.2,0.21,0.23,0.38,62,4,5
"llama2","seed_989","trained","all_domains_1_samples",1,"temp_025","few_shot","structured","fact_first","json","test_set_2",0.27,0.73,0.11,25,54,100,27,0.36,48,11,0.29,0,0.36,0.07,0,0,0.08,35,16,38
"llama3","seed_989","trained","all_domains_20_samples",20,"temp_06","few_shot","structured","answer_first","json","test_set_2",0.61,0.39,0.57,0,7,100,61,0.61,39,57,0.71,0.33,0.64,0.6,0.4,0.79,0.54,36,4,3
"llama2","seed_989","untrained","all_domains_0_samples",0,"temp_06","few_shot","unstructured","answer_first","json","test_set_2",0.26,0.74,0.15,0,34,100,26,0.26,74,15,0.21,0.27,0.21,0.07,0.07,0.21,0,51,11,23
"llama2","seed_989","trained","all_domains_10_samples",10,"greedy","few_shot","structured","fact_first","json","test_set_2",0.08,0.92,0.06,70,42,100,8,0.27,22,6,0.07,0.07,0.07,0.07,0,0.07,0.08,52,2,40
"llama2","seed_989","untrained","all_domains_0_samples",0,"temp_025","few_shot","unstructured","fact_first","json","test_set_2",0.07,0.93,0.04,76,31,100,7,0.29,17,4,0,0.13,0.07,0,0,0.07,0,65,3,28
"llama2","seed_989","untrained","all_domains_0_samples",0,"temp_025","few_shot","structured","answer_first","json","test_set_2",0.36,0.64,0.19,0,44,100,36,0.36,64,19,0.36,0.07,0.29,0.13,0.13,0.29,0.08,37,17,27
"llama2","seed_206","trained","all_domains_20_samples",20,"greedy","few_shot","structured","answer_first","json","test_set_2",0.27,0.73,0.22,0,16,100,27,0.27,73,22,0.29,0.33,0.36,0.2,0.07,0.21,0.08,62,5,11
"llama2","seed_989","untrained","all_domains_0_samples",0,"temp_025","few_shot","structured","fact_first","json","test_set_2",0.24,0.76,0.14,22,42,100,24,0.31,54,14,0.14,0.07,0.43,0.13,0,0.14,0.08,44,10,32
"llama2","seed_989","trained","all_domains_10_samples",10,"temp_025","few_shot","structured","fact_first","json","test_set_2",0.05,0.95,0.05,80,45,100,5,0.25,15,5,0.07,0.07,0.07,0.07,0,0.07,0,50,0,45
"llama2","seed_989","trained","all_domains_1_samples",1,"temp_06","few_shot","unstructured","fact_first","json","test_set_2",0.26,0.74,0.13,30,30,100,26,0.37,44,13,0.14,0.33,0.07,0.27,0,0,0.08,57,13,17
"llama2","seed_989","trained","all_domains_1_samples",1,"temp_06","few_shot","structured","answer_first","json","test_set_2",0.24,0.76,0.11,0,59,100,24,0.24,76,11,0.21,0,0.29,0.13,0.07,0.07,0,30,13,46
"llama2","seed_206","trained","all_domains_20_samples",20,"temp_025","few_shot","structured","answer_first","json","test_set_2",0.29,0.71,0.24,0,16,100,29,0.29,71,24,0.36,0.4,0.36,0.2,0.07,0.21,0.08,60,5,11
"llama2","seed_989","trained","all_domains_1_samples",1,"temp_06","few_shot","structured","fact_first","json","test_set_2",0.18,0.82,0.04,17,64,100,18,0.22,65,4,0.07,0,0.14,0,0.07,0,0,32,14,50
"llama2","seed_989","trained","all_domains_10_samples",10,"temp_06","few_shot","structured","fact_first","json","test_set_2",0.04,0.96,0.02,76,41,100,4,0.17,20,2,0.07,0,0,0.07,0,0,0,57,2,39
"llama2","seed_989","untrained","all_domains_0_samples",0,"temp_06","few_shot","unstructured","fact_first","json","test_set_2",0.21,0.79,0.12,24,38,100,21,0.28,55,12,0.07,0.2,0.29,0.13,0,0.14,0,50,9,29
"llama2","seed_989","untrained","all_domains_0_samples",0,"temp_06","few_shot","structured","answer_first","json","test_set_2",0.25,0.75,0.12,0,47,100,25,0.25,75,12,0.21,0.2,0.21,0.07,0,0.14,0,41,13,34
"llama2","seed_206","trained","all_domains_20_samples",20,"temp_06","few_shot","structured","answer_first","json","test_set_2",0.31,0.69,0.26,0,13,100,31,0.31,69,26,0.36,0.47,0.29,0.2,0.07,0.29,0.15,61,5,8
"llama2","seed_989","untrained","all_domains_0_samples",0,"temp_06","few_shot","structured","fact_first","json","test_set_2",0.19,0.81,0.09,28,54,100,19,0.26,53,9,0.21,0.07,0.14,0,0,0.14,0.08,37,10,44
"llama2","seed_989","trained","all_domains_20_samples",20,"greedy","few_shot","structured","answer_first","json","test_set_2",0.27,0.73,0.22,0,16,100,27,0.27,73,22,0.29,0.33,0.36,0.2,0.07,0.21,0.08,62,5,11
"llama2","seed_989","trained","all_domains_20_samples",20,"temp_025","few_shot","structured","answer_first","json","test_set_2",0.31,0.69,0.25,0,16,100,31,0.31,69,25,0.36,0.33,0.36,0.33,0.07,0.21,0.08,59,6,10
"llama2","seed_989","trained","all_domains_20_samples",20,"temp_06","few_shot","structured","answer_first","json","test_set_2",0.32,0.68,0.27,0,16,100,32,0.32,68,27,0.43,0.4,0.29,0.33,0.07,0.21,0.15,57,5,11
"llama2","seed_206","trained","all_domains_20_samples",20,"greedy","zero_shot","structured","answer_first","json","test_set_1",0.29,0.71,0.25,0,11,99,29,0.29,71,25,0.21,0.29,0.08,0.07,0.21,0.38,0.5,63,4,7
"llama3","seed_206","trained","all_domains_20_samples",20,"greedy","few_shot","unstructured","answer_first","json","test_set_1",0.56,0.44,0.55,0,5,99,55,0.55,45,54,0.5,0.29,0.85,0.73,0.57,0.46,0.44,40,1,4
"llama2","seed_206","trained","all_domains_20_samples",20,"greedy","few_shot","unstructured","answer_first","json","test_set_1",0.4,0.6,0.4,0,7,99,40,0.4,60,40,0.29,0.43,0.54,0.4,0.29,0.46,0.44,52,0,7
"llama2","seed_206","trained","all_domains_20_samples",20,"temp_025","zero_shot","structured","answer_first","json","test_set_1",0.29,0.71,0.25,0,11,99,29,0.29,71,25,0.21,0.29,0.08,0.07,0.21,0.38,0.5,63,4,7
"llama3","seed_206","trained","all_domains_20_samples",20,"temp_025","few_shot","unstructured","answer_first","json","test_set_1",0.55,0.45,0.54,0,5,99,54,0.54,46,53,0.5,0.29,0.77,0.73,0.57,0.46,0.44,41,1,4
"llama2","seed_206","trained","all_domains_20_samples",20,"temp_025","few_shot","unstructured","answer_first","json","test_set_1",0.4,0.6,0.4,0,7,99,40,0.4,60,40,0.29,0.57,0.46,0.4,0.29,0.46,0.38,52,0,7
"llama2","seed_206","trained","all_domains_20_samples",20,"temp_06","zero_shot","structured","answer_first","json","test_set_1",0.31,0.69,0.26,0,11,99,31,0.31,69,26,0.21,0.29,0.15,0.07,0.29,0.31,0.5,62,5,6
"llama3","seed_206","trained","all_domains_20_samples",20,"temp_06","few_shot","unstructured","answer_first","json","test_set_1",0.55,0.45,0.53,0,5,99,54,0.54,46,52,0.43,0.29,0.69,0.73,0.57,0.46,0.5,42,2,3
"llama2","seed_989","trained","all_domains_20_samples",20,"greedy","zero_shot","structured","answer_first","json","test_set_1",0.29,0.71,0.25,0,11,99,29,0.29,71,25,0.21,0.29,0.08,0.07,0.21,0.38,0.5,63,4,7
"llama2","seed_206","trained","all_domains_20_samples",20,"temp_06","few_shot","unstructured","answer_first","json","test_set_1",0.46,0.54,0.46,0,6,99,46,0.46,54,46,0.43,0.5,0.54,0.47,0.5,0.46,0.38,47,0,6
"llama3","seed_989","trained","all_domains_20_samples",20,"greedy","few_shot","unstructured","answer_first","json","test_set_1",0.56,0.44,0.55,0,5,99,55,0.55,45,54,0.5,0.29,0.85,0.73,0.57,0.46,0.44,40,1,4
"llama2","seed_989","trained","all_domains_20_samples",20,"temp_025","zero_shot","structured","answer_first","json","test_set_1",0.28,0.72,0.24,0,11,99,28,0.28,72,24,0.21,0.29,0.08,0.07,0.14,0.38,0.5,64,4,7
"llama2","seed_989","trained","all_domains_20_samples",20,"greedy","few_shot","unstructured","answer_first","json","test_set_1",0.4,0.6,0.4,0,7,99,40,0.4,60,40,0.29,0.43,0.54,0.4,0.29,0.46,0.44,52,0,7
"llama3","seed_989","trained","all_domains_20_samples",20,"temp_025","few_shot","unstructured","answer_first","json","test_set_1",0.56,0.44,0.55,0,4,99,55,0.55,45,54,0.5,0.29,0.85,0.73,0.57,0.46,0.44,41,1,3
"llama2","seed_989","trained","all_domains_20_samples",20,"temp_06","zero_shot","structured","answer_first","json","test_set_1",0.3,0.7,0.26,0,11,99,30,0.3,70,26,0.21,0.36,0.08,0.07,0.21,0.38,0.5,62,4,7
"llama2","seed_989","trained","all_domains_20_samples",20,"temp_025","few_shot","unstructured","answer_first","json","test_set_1",0.43,0.57,0.43,0,7,99,43,0.43,57,43,0.29,0.43,0.54,0.47,0.36,0.46,0.5,49,0,7
"llama3","seed_989","trained","all_domains_20_samples",20,"temp_06","few_shot","unstructured","answer_first","json","test_set_1",0.55,0.45,0.53,0,6,99,54,0.54,46,52,0.43,0.36,0.69,0.73,0.57,0.46,0.44,41,2,4
"llama3","seed_206","trained","all_domains_20_samples",20,"greedy","few_shot","unstructured","answer_first","json","test_set_2",0.54,0.46,0.49,0,9,100,54,0.54,46,49,0.57,0.27,0.57,0.47,0.33,0.71,0.54,42,5,4
"llama2","seed_989","trained","all_domains_20_samples",20,"temp_06","few_shot","unstructured","answer_first","json","test_set_1",0.41,0.59,0.41,0,7,99,41,0.41,59,41,0.29,0.43,0.38,0.53,0.43,0.46,0.38,51,0,7
"llama2","seed_206","trained","all_domains_20_samples",20,"greedy","zero_shot","structured","answer_first","json","test_set_2",0.31,0.69,0.25,0,12,100,31,0.31,69,25,0.29,0.47,0.21,0.27,0.07,0.29,0.15,63,6,6
"llama3","seed_206","trained","all_domains_20_samples",20,"temp_025","few_shot","unstructured","answer_first","json","test_set_2",0.53,0.47,0.48,0,9,100,53,0.53,47,48,0.57,0.27,0.5,0.47,0.33,0.71,0.54,43,5,4
"llama2","seed_206","trained","all_domains_20_samples",20,"temp_025","zero_shot","structured","answer_first","json","test_set_2",0.31,0.69,0.25,0,12,100,31,0.31,69,25,0.29,0.47,0.21,0.27,0.07,0.29,0.15,63,6,6
"llama2","seed_206","trained","all_domains_20_samples",20,"greedy","few_shot","unstructured","answer_first","json","test_set_2",0.34,0.66,0.31,0,4,100,34,0.34,66,31,0.36,0.53,0.43,0.13,0.27,0.29,0.15,65,3,1
"llama3","seed_206","trained","all_domains_20_samples",20,"temp_06","few_shot","unstructured","answer_first","json","test_set_2",0.56,0.44,0.48,0,12,100,56,0.56,44,48,0.57,0.27,0.57,0.47,0.33,0.71,0.46,40,8,4
"llama3","seed_206","trained","all_domains_20_samples",20,"greedy","zero_shot","structured","answer_first","json","test_set_1",0.47,0.53,0.42,6,9,99,47,0.5,47,42,0.64,0.21,0.62,0.27,0.36,0.54,0.38,48,5,4
"llama2","seed_206","trained","all_domains_20_samples",20,"temp_06","zero_shot","structured","answer_first","json","test_set_2",0.3,0.7,0.24,0,12,100,30,0.3,70,24,0.29,0.4,0.21,0.27,0.07,0.29,0.15,64,6,6
"llama2","seed_206","trained","all_domains_20_samples",20,"temp_025","few_shot","unstructured","answer_first","json","test_set_2",0.33,0.67,0.3,0,4,100,33,0.33,67,30,0.29,0.53,0.43,0.13,0.27,0.29,0.15,66,3,1
"llama3","seed_989","trained","all_domains_20_samples",20,"greedy","few_shot","unstructured","answer_first","json","test_set_2",0.54,0.46,0.49,0,9,100,54,0.54,46,49,0.57,0.27,0.57,0.47,0.33,0.71,0.54,42,5,4
"llama3","seed_206","trained","all_domains_20_samples",20,"temp_025","zero_shot","structured","answer_first","json","test_set_1",0.46,0.54,0.42,5,8,99,46,0.48,49,42,0.64,0.21,0.62,0.27,0.36,0.54,0.38,49,4,4
"llama2","seed_989","trained","all_domains_20_samples",20,"greedy","zero_shot","structured","answer_first","json","test_set_2",0.31,0.69,0.25,0,12,100,31,0.31,69,25,0.29,0.47,0.21,0.27,0.07,0.29,0.15,63,6,6
"llama3","seed_989","trained","all_domains_20_samples",20,"temp_025","few_shot","unstructured","answer_first","json","test_set_2",0.54,0.46,0.49,0,8,100,54,0.54,46,49,0.57,0.27,0.57,0.47,0.33,0.71,0.54,43,5,3
"llama2","seed_206","trained","all_domains_20_samples",20,"temp_06","few_shot","unstructured","answer_first","json","test_set_2",0.32,0.68,0.29,1,6,100,32,0.32,67,29,0.36,0.4,0.5,0.13,0.27,0.14,0.23,65,3,3
"llama3","seed_206","trained","all_domains_20_samples",20,"temp_06","zero_shot","structured","answer_first","json","test_set_1",0.45,0.55,0.41,5,9,99,45,0.47,50,41,0.64,0.21,0.62,0.2,0.36,0.54,0.38,49,4,5
"llama3","seed_989","trained","all_domains_20_samples",20,"temp_06","few_shot","unstructured","answer_first","json","test_set_2",0.55,0.45,0.49,0,9,100,55,0.55,45,49,0.57,0.27,0.5,0.53,0.33,0.71,0.54,42,6,3
"llama2","seed_206","trained","all_domains_20_samples",20,"greedy","zero_shot","unstructured","answer_first","json","test_set_1",0.41,0.59,0.4,1,8,99,41,0.41,58,40,0.43,0.43,0.38,0.13,0.5,0.46,0.5,51,1,7
"llama2","seed_989","trained","all_domains_20_samples",20,"temp_025","zero_shot","structured","answer_first","json","test_set_2",0.3,0.7,0.24,0,12,100,30,0.3,70,24,0.29,0.4,0.21,0.27,0.07,0.29,0.15,64,6,6
"llama3","seed_206","trained","all_domains_20_samples",20,"greedy","zero_shot","unstructured","answer_first","json","test_set_1",0.55,0.45,0.52,0,5,99,54,0.54,46,51,0.43,0.29,0.69,0.73,0.57,0.62,0.31,43,3,2
"llama2","seed_989","trained","all_domains_20_samples",20,"greedy","few_shot","unstructured","answer_first","json","test_set_2",0.34,0.66,0.31,0,4,100,34,0.34,66,31,0.36,0.53,0.43,0.13,0.27,0.29,0.15,65,3,1
"llama3","seed_989","trained","all_domains_20_samples",20,"greedy","zero_shot","structured","answer_first","json","test_set_1",0.47,0.53,0.42,6,9,99,47,0.5,47,42,0.64,0.21,0.62,0.27,0.36,0.54,0.38,48,5,4
"llama2","seed_206","trained","all_domains_20_samples",20,"temp_025","zero_shot","unstructured","answer_first","json","test_set_1",0.43,0.57,0.42,1,9,99,43,0.43,56,42,0.36,0.5,0.46,0.13,0.5,0.54,0.5,48,1,8
"llama2","seed_989","trained","all_domains_20_samples",20,"temp_06","zero_shot","structured","answer_first","json","test_set_2",0.31,0.69,0.25,0,13,100,31,0.31,69,25,0.29,0.47,0.21,0.27,0.07,0.29,0.15,62,6,7
"llama3","seed_206","trained","all_domains_20_samples",20,"temp_025","zero_shot","unstructured","answer_first","json","test_set_1",0.56,0.44,0.53,0,5,99,55,0.55,45,52,0.43,0.29,0.69,0.73,0.57,0.69,0.31,42,3,2
"llama2","seed_989","trained","all_domains_20_samples",20,"temp_025","few_shot","unstructured","answer_first","json","test_set_2",0.31,0.69,0.29,0,3,100,31,0.31,69,29,0.36,0.4,0.43,0.13,0.33,0.21,0.15,68,2,1
"llama3","seed_206","trained","all_domains_20_samples",20,"greedy","zero_shot","unstructured","fact_first","json","test_set_1",0.51,0.49,0.48,1,7,99,50,0.51,49,48,0.5,0.29,0.62,0.73,0.57,0.38,0.31,44,2,5
"llama2","seed_206","trained","all_domains_20_samples",20,"temp_06","zero_shot","unstructured","answer_first","json","test_set_1",0.42,0.58,0.41,1,8,99,42,0.42,57,41,0.43,0.5,0.46,0.2,0.5,0.38,0.44,50,1,7
"llama3","seed_989","trained","all_domains_20_samples",20,"temp_025","zero_shot","structured","answer_first","json","test_set_1",0.47,0.53,0.43,4,8,99,47,0.49,49,43,0.64,0.21,0.62,0.27,0.36,0.54,0.44,48,4,4
"llama2","seed_206","trained","all_domains_20_samples",20,"greedy","zero_shot","unstructured","fact_first","json","test_set_1",0.38,0.62,0.35,1,9,99,38,0.38,61,35,0.5,0.29,0.46,0.27,0.43,0.23,0.31,55,3,6
"llama3","seed_206","trained","all_domains_20_samples",20,"greedy","zero_shot","structured","fact_first","json","test_set_1",0.42,0.58,0.41,9,4,99,42,0.46,49,41,0.57,0.29,0.77,0.4,0.29,0.31,0.31,54,1,3
"llama3","seed_206","trained","all_domains_20_samples",20,"temp_06","zero_shot","unstructured","answer_first","json","test_set_1",0.55,0.45,0.51,0,6,99,54,0.54,46,50,0.36,0.29,0.69,0.73,0.57,0.62,0.31,43,4,2
"llama2","seed_989","trained","all_domains_20_samples",20,"greedy","zero_shot","unstructured","answer_first","json","test_set_1",0.41,0.59,0.4,1,8,99,41,0.41,58,40,0.43,0.43,0.38,0.13,0.5,0.46,0.5,51,1,7
"llama3","seed_206","trained","all_domains_20_samples",20,"temp_025","zero_shot","unstructured","fact_first","json","test_set_1",0.49,0.51,0.49,1,7,99,49,0.49,50,49,0.57,0.43,0.69,0.6,0.5,0.38,0.31,43,0,7
"llama2","seed_206","trained","all_domains_20_samples",20,"temp_025","zero_shot","unstructured","fact_first","json","test_set_1",0.37,0.63,0.33,1,9,99,37,0.37,62,33,0.36,0.43,0.54,0.13,0.29,0.31,0.31,57,4,5
"llama2","seed_989","trained","all_domains_20_samples",20,"temp_06","few_shot","unstructured","answer_first","json","test_set_2",0.32,0.68,0.28,0,6,100,32,0.32,68,28,0.21,0.47,0.29,0.2,0.2,0.29,0.31,66,4,2
"llama3","seed_989","trained","all_domains_20_samples",20,"temp_06","zero_shot","structured","answer_first","json","test_set_1",0.47,0.53,0.43,4,8,99,47,0.49,49,43,0.64,0.21,0.62,0.33,0.36,0.54,0.38,48,4,4
"llama2","seed_206","trained","all_domains_20_samples",20,"greedy","zero_shot","structured","fact_first","json","test_set_1",0.34,0.66,0.32,0,12,99,34,0.34,66,32,0.14,0.29,0.54,0.27,0.43,0.31,0.31,55,2,10
"llama3","seed_206","trained","all_domains_20_samples",20,"temp_025","zero_shot","structured","fact_first","json","test_set_1",0.43,0.57,0.41,7,4,99,43,0.46,50,41,0.57,0.21,0.62,0.4,0.64,0.31,0.19,54,2,2
"llama2","seed_989","trained","all_domains_20_samples",20,"temp_025","zero_shot","unstructured","answer_first","json","test_set_1",0.42,0.58,0.41,1,8,99,42,0.42,57,41,0.43,0.43,0.46,0.2,0.5,0.46,0.44,50,1,7
"llama3","seed_989","trained","all_domains_20_samples",20,"greedy","zero_shot","unstructured","answer_first","json","test_set_1",0.55,0.45,0.52,0,5,99,54,0.54,46,51,0.43,0.29,0.69,0.73,0.57,0.62,0.31,43,3,2
"llama2","seed_206","trained","all_domains_20_samples",20,"temp_06","zero_shot","unstructured","fact_first","json","test_set_1",0.35,0.65,0.33,1,8,99,35,0.35,64,33,0.36,0.29,0.46,0.27,0.36,0.23,0.38,58,2,6
"llama3","seed_206","trained","all_domains_20_samples",20,"temp_06","zero_shot","unstructured","fact_first","json","test_set_1",0.52,0.48,0.49,1,6,99,51,0.52,48,49,0.57,0.29,0.69,0.67,0.5,0.31,0.44,44,2,4
"llama2","seed_206","trained","all_domains_20_samples",20,"greedy","few_shot","unstructured","fact_first","json","test_set_1",0.31,0.69,0.29,3,6,99,31,0.32,66,29,0.14,0.29,0.46,0.27,0.29,0.38,0.25,64,2,4
"llama3","seed_206","trained","all_domains_20_samples",20,"greedy","few_shot","unstructured","fact_first","json","test_set_1",0.51,0.49,0.48,1,6,99,50,0.51,49,48,0.64,0.5,0.46,0.53,0.5,0.46,0.31,45,2,4
"llama3","seed_206","trained","all_domains_20_samples",20,"greedy","zero_shot","structured","answer_first","json","test_set_2",0.56,0.44,0.5,3,9,100,56,0.58,41,50,0.64,0.4,0.36,0.2,0.4,0.79,0.77,41,6,3
"llama2","seed_206","trained","all_domains_20_samples",20,"temp_025","zero_shot","structured","fact_first","json","test_set_1",0.41,0.59,0.36,1,12,99,41,0.41,58,36,0.14,0.43,0.62,0.2,0.21,0.46,0.5,51,5,7
"llama2","seed_989","trained","all_domains_20_samples",20,"temp_06","zero_shot","unstructured","answer_first","json","test_set_1",0.41,0.59,0.4,1,9,99,41,0.41,58,40,0.43,0.43,0.38,0.2,0.5,0.38,0.5,50,1,8
"llama2","seed_989","trained","all_domains_20_samples",20,"greedy","zero_shot","unstructured","fact_first","json","test_set_1",0.38,0.62,0.35,1,9,99,38,0.38,61,35,0.5,0.29,0.46,0.27,0.43,0.23,0.31,55,3,6
"llama3","seed_206","trained","all_domains_20_samples",20,"temp_06","zero_shot","structured","fact_first","json","test_set_1",0.41,0.59,0.39,9,4,99,41,0.45,50,39,0.57,0.29,0.62,0.4,0.29,0.38,0.25,56,2,2
"llama3","seed_989","trained","all_domains_20_samples",20,"greedy","zero_shot","unstructured","fact_first","json","test_set_1",0.51,0.49,0.48,1,7,99,50,0.51,49,48,0.5,0.29,0.62,0.73,0.57,0.38,0.31,44,2,5
"llama3","seed_989","trained","all_domains_20_samples",20,"temp_025","zero_shot","unstructured","answer_first","json","test_set_1",0.54,0.46,0.51,0,5,99,53,0.53,47,50,0.36,0.29,0.69,0.73,0.57,0.62,0.31,44,3,2
"llama3","seed_206","trained","all_domains_20_samples",20,"greedy","few_shot","structured","fact_first","json","test_set_1",0.55,0.45,0.51,0,7,99,54,0.54,46,50,0.43,0.5,0.92,0.47,0.64,0.46,0.19,42,4,3
"llama3","seed_206","trained","all_domains_20_samples",20,"temp_025","few_shot","unstructured","fact_first","json","test_set_1",0.46,0.54,0.45,5,6,99,46,0.48,49,45,0.57,0.5,0.38,0.6,0.36,0.46,0.31,48,1,5
"llama2","seed_206","trained","all_domains_20_samples",20,"temp_025","few_shot","unstructured","fact_first","json","test_set_1",0.31,0.69,0.29,5,6,99,31,0.33,64,29,0,0.36,0.31,0.27,0.36,0.54,0.25,64,2,4
"llama2","seed_206","trained","all_domains_20_samples",20,"greedy","few_shot","structured","fact_first","json","test_set_1",0.25,0.75,0.23,30,13,99,25,0.36,45,23,0.07,0.43,0.38,0.07,0.14,0.15,0.38,63,2,11
"llama3","seed_206","trained","all_domains_20_samples",20,"temp_025","zero_shot","structured","answer_first","json","test_set_2",0.56,0.44,0.5,3,9,100,56,0.58,41,50,0.64,0.4,0.36,0.2,0.4,0.79,0.77,41,6,3
"llama2","seed_989","trained","all_domains_20_samples",20,"temp_025","zero_shot","unstructured","fact_first","json","test_set_1",0.36,0.64,0.33,2,8,99,36,0.37,62,33,0.36,0.36,0.31,0.27,0.36,0.31,0.38,58,3,5
"llama2","seed_206","trained","all_domains_20_samples",20,"greedy","zero_shot","unstructured","answer_first","json","test_set_2",0.36,0.64,0.32,1,7,100,36,0.36,63,32,0.43,0.4,0.43,0.33,0.2,0.14,0.31,61,4,3
"llama2","seed_206","trained","all_domains_20_samples",20,"temp_06","zero_shot","structured","fact_first","json","test_set_1",0.46,0.54,0.41,0,11,99,46,0.46,54,41,0.43,0.43,0.54,0.4,0.43,0.38,0.31,47,5,6
"llama3","seed_989","trained","all_domains_20_samples",20,"temp_025","zero_shot","unstructured","fact_first","json","test_set_1",0.49,0.51,0.46,0,7,99,49,0.49,51,46,0.5,0.36,0.62,0.53,0.43,0.38,0.44,46,3,4
"llama3","seed_989","trained","all_domains_20_samples",20,"greedy","zero_shot","structured","fact_first","json","test_set_1",0.42,0.58,0.41,9,4,99,42,0.46,49,41,0.57,0.29,0.77,0.4,0.29,0.31,0.31,54,1,3
"llama3","seed_989","trained","all_domains_20_samples",20,"temp_06","zero_shot","unstructured","answer_first","json","test_set_1",0.55,0.45,0.51,0,6,99,54,0.54,46,50,0.36,0.29,0.69,0.73,0.57,0.62,0.31,43,4,2
"llama3","seed_206","trained","all_domains_20_samples",20,"temp_06","few_shot","unstructured","fact_first","json","test_set_1",0.45,0.55,0.43,1,6,99,45,0.45,54,43,0.57,0.21,0.31,0.53,0.57,0.46,0.38,50,2,4
"llama3","seed_206","trained","all_domains_20_samples",20,"temp_025","few_shot","structured","fact_first","json","test_set_1",0.56,0.44,0.53,0,7,99,55,0.55,45,52,0.57,0.43,0.77,0.47,0.5,0.62,0.38,40,3,4
"llama2","seed_989","trained","all_domains_20_samples",20,"temp_06","zero_shot","unstructured","fact_first","json","test_set_1",0.36,0.64,0.33,2,9,99,36,0.37,62,33,0.36,0.29,0.54,0.2,0.29,0.23,0.44,57,3,6
"llama2","seed_206","trained","all_domains_20_samples",20,"temp_025","zero_shot","unstructured","answer_first","json","test_set_2",0.4,0.6,0.36,1,8,100,40,0.4,59,36,0.5,0.47,0.43,0.33,0.27,0.29,0.23,56,4,4
"llama3","seed_206","trained","all_domains_20_samples",20,"temp_06","zero_shot","structured","answer_first","json","test_set_2",0.55,0.45,0.5,2,8,100,55,0.56,43,50,0.64,0.4,0.36,0.2,0.4,0.86,0.69,42,5,3
"llama2","seed_206","trained","all_domains_20_samples",20,"temp_06","few_shot","unstructured","fact_first","json","test_set_1",0.34,0.66,0.33,2,6,99,34,0.35,64,33,0.14,0.36,0.46,0.33,0.5,0.31,0.25,60,1,5
"llama3","seed_989","trained","all_domains_20_samples",20,"temp_06","zero_shot","unstructured","fact_first","json","test_set_1",0.49,0.51,0.46,0,6,99,49,0.49,51,46,0.43,0.14,0.77,0.4,0.64,0.31,0.56,47,3,3
"llama2","seed_989","trained","all_domains_20_samples",20,"greedy","zero_shot","structured","fact_first","json","test_set_1",0.34,0.66,0.32,0,12,99,34,0.34,66,32,0.14,0.29,0.54,0.27,0.43,0.31,0.31,55,2,10
"llama3","seed_989","trained","all_domains_20_samples",20,"temp_025","zero_shot","structured","fact_first","json","test_set_1",0.45,0.55,0.42,7,4,99,45,0.48,48,42,0.64,0.29,0.62,0.47,0.21,0.38,0.38,53,3,1
"llama2","seed_206","trained","all_domains_20_samples",20,"greedy","zero_shot","unstructured","fact_first","json","test_set_2",0.33,0.67,0.29,1,9,100,33,0.33,66,29,0.29,0.33,0.36,0.27,0.27,0.36,0.15,62,4,5
"llama3","seed_206","trained","all_domains_20_samples",20,"greedy","zero_shot","unstructured","answer_first","json","test_set_2",0.52,0.48,0.47,0,7,100,52,0.52,48,47,0.57,0.2,0.71,0.47,0.4,0.5,0.46,46,5,2
"llama3","seed_989","trained","all_domains_20_samples",20,"greedy","few_shot","unstructured","fact_first","json","test_set_1",0.51,0.49,0.48,1,6,99,50,0.51,49,48,0.64,0.5,0.46,0.53,0.5,0.46,0.31,45,2,4
"llama2","seed_206","trained","all_domains_20_samples",20,"temp_06","zero_shot","unstructured","answer_first","json","test_set_2",0.37,0.63,0.34,1,6,100,37,0.37,62,34,0.43,0.47,0.43,0.27,0.33,0.21,0.23,60,3,3
"llama3","seed_206","trained","all_domains_20_samples",20,"temp_06","few_shot","structured","fact_first","json","test_set_1",0.55,0.45,0.49,0,7,99,54,0.54,46,49,0.43,0.5,0.77,0.53,0.57,0.38,0.31,43,5,2
"llama3","seed_989","trained","all_domains_20_samples",20,"greedy","zero_shot","structured","answer_first","json","test_set_2",0.56,0.44,0.5,3,9,100,56,0.58,41,50,0.64,0.4,0.36,0.2,0.4,0.79,0.77,41,6,3
"llama2","seed_989","trained","all_domains_20_samples",20,"greedy","few_shot","unstructured","fact_first","json","test_set_1",0.31,0.69,0.29,3,6,99,31,0.32,66,29,0.14,0.29,0.46,0.27,0.29,0.38,0.25,64,2,4
"llama3","seed_206","trained","all_domains_20_samples",20,"greedy","zero_shot","unstructured","fact_first","json","test_set_2",0.54,0.46,0.51,1,8,100,54,0.55,45,51,0.71,0.13,0.43,0.6,0.47,0.64,0.62,41,3,5
"llama2","seed_206","trained","all_domains_20_samples",20,"temp_025","few_shot","structured","fact_first","json","test_set_1",0.28,0.72,0.25,37,13,99,28,0.44,35,25,0.07,0.43,0.46,0.2,0.21,0.15,0.25,61,3,10
"llama2","seed_206","trained","all_domains_20_samples",20,"temp_025","zero_shot","unstructured","fact_first","json","test_set_2",0.36,0.64,0.32,0,9,100,36,0.36,64,32,0.5,0.2,0.36,0.2,0.47,0.36,0.15,59,4,5
"llama3","seed_989","trained","all_domains_20_samples",20,"temp_06","zero_shot","structured","fact_first","json","test_set_1",0.52,0.48,0.49,7,4,99,51,0.55,42,49,0.71,0.29,0.62,0.4,0.5,0.69,0.31,46,2,2
"llama2","seed_989","trained","all_domains_20_samples",20,"greedy","zero_shot","unstructured","answer_first","json","test_set_2",0.36,0.64,0.32,1,7,100,36,0.36,63,32,0.43,0.4,0.43,0.33,0.2,0.14,0.31,61,4,3
"llama2","seed_989","trained","all_domains_20_samples",20,"temp_025","zero_shot","structured","fact_first","json","test_set_1",0.34,0.66,0.31,0,12,99,34,0.34,66,31,0.07,0.36,0.54,0.13,0.36,0.38,0.38,56,3,9
"llama3","seed_206","trained","all_domains_20_samples",20,"temp_025","zero_shot","unstructured","answer_first","json","test_set_2",0.52,0.48,0.48,0,7,100,52,0.52,48,48,0.57,0.27,0.71,0.47,0.4,0.5,0.46,45,4,3
"llama3","seed_989","trained","all_domains_20_samples",20,"temp_025","few_shot","unstructured","fact_first","json","test_set_1",0.46,0.54,0.44,1,6,99,46,0.46,53,44,0.43,0.43,0.46,0.6,0.36,0.54,0.31,49,2,4
"llama3","seed_989","trained","all_domains_20_samples",20,"temp_025","zero_shot","structured","answer_first","json","test_set_2",0.57,0.43,0.51,2,9,100,57,0.58,41,51,0.64,0.47,0.36,0.2,0.4,0.79,0.77,40,6,3
"llama3","seed_989","trained","all_domains_20_samples",20,"greedy","few_shot","structured","fact_first","json","test_set_1",0.55,0.45,0.51,0,7,99,54,0.54,46,50,0.43,0.5,0.92,0.47,0.64,0.46,0.19,42,4,3
"llama3","seed_206","trained","all_domains_20_samples",20,"temp_025","zero_shot","unstructured","fact_first","json","test_set_2",0.47,0.53,0.44,1,8,100,47,0.47,52,44,0.64,0.07,0.29,0.53,0.6,0.57,0.38,48,3,5
"llama2","seed_989","trained","all_domains_20_samples",20,"temp_025","few_shot","unstructured","fact_first","json","test_set_1",0.25,0.75,0.24,3,7,99,25,0.26,72,24,0,0.29,0.46,0.2,0.21,0.31,0.25,68,1,6
"llama2","seed_206","trained","all_domains_20_samples",20,"temp_06","zero_shot","unstructured","fact_first","json","test_set_2",0.32,0.68,0.28,3,9,100,32,0.33,65,28,0.29,0.47,0.29,0.2,0.33,0.21,0.15,63,4,5
"llama2","seed_989","trained","all_domains_20_samples",20,"temp_025","zero_shot","unstructured","answer_first","json","test_set_2",0.34,0.66,0.3,1,7,100,34,0.34,65,30,0.43,0.4,0.43,0.27,0.13,0.21,0.23,63,4,3
"llama3","seed_206","trained","all_domains_20_samples",20,"greedy","zero_shot","structured","fact_first","json","test_set_2",0.46,0.54,0.4,7,9,100,46,0.49,47,40,0.5,0.47,0.36,0.13,0.33,0.57,0.46,51,6,3
"llama3","seed_989","trained","all_domains_20_samples",20,"temp_06","few_shot","unstructured","fact_first","json","test_set_1",0.55,0.45,0.52,0,6,99,54,0.54,46,51,0.71,0.43,0.54,0.6,0.57,0.46,0.31,42,3,3
"llama3","seed_206","trained","all_domains_20_samples",20,"temp_06","zero_shot","unstructured","answer_first","json","test_set_2",0.52,0.48,0.48,0,8,100,52,0.52,48,48,0.57,0.27,0.71,0.47,0.4,0.5,0.46,44,4,4
"llama2","seed_989","trained","all_domains_20_samples",20,"temp_06","zero_shot","structured","fact_first","json","test_set_1",0.35,0.65,0.32,3,11,99,35,0.36,62,32,0.14,0.43,0.46,0.2,0.21,0.46,0.38,56,3,8
"llama3","seed_989","trained","all_domains_20_samples",20,"temp_06","zero_shot","structured","answer_first","json","test_set_2",0.56,0.44,0.5,3,9,100,56,0.58,41,50,0.64,0.4,0.36,0.2,0.4,0.79,0.77,41,6,3
"llama2","seed_989","trained","all_domains_20_samples",20,"greedy","zero_shot","unstructured","fact_first","json","test_set_2",0.33,0.67,0.29,1,9,100,33,0.33,66,29,0.29,0.33,0.36,0.27,0.27,0.36,0.15,62,4,5
"llama3","seed_206","trained","all_domains_20_samples",20,"temp_06","zero_shot","unstructured","fact_first","json","test_set_2",0.52,0.48,0.5,1,8,100,52,0.53,47,50,0.64,0.33,0.29,0.6,0.67,0.5,0.46,42,2,6
"llama2","seed_989","trained","all_domains_20_samples",20,"temp_06","zero_shot","unstructured","answer_first","json","test_set_2",0.35,0.65,0.32,1,7,100,35,0.35,64,32,0.5,0.33,0.43,0.27,0.27,0.21,0.23,61,3,4
"llama3","seed_989","trained","all_domains_20_samples",20,"temp_025","few_shot","structured","fact_first","json","test_set_1",0.58,0.42,0.53,0,7,99,57,0.57,43,52,0.5,0.57,0.77,0.6,0.57,0.31,0.38,40,5,2
"llama2","seed_989","trained","all_domains_20_samples",20,"temp_06","few_shot","unstructured","fact_first","json","test_set_1",0.3,0.7,0.29,4,7,99,30,0.31,66,29,0.14,0.21,0.54,0.2,0.43,0.38,0.19,63,1,6
"llama3","seed_206","trained","all_domains_20_samples",20,"temp_025","zero_shot","structured","fact_first","json","test_set_2",0.51,0.49,0.46,5,8,100,51,0.54,44,46,0.57,0.47,0.57,0.2,0.33,0.5,0.62,46,5,3
"llama2","seed_206","trained","all_domains_20_samples",20,"temp_06","few_shot","structured","fact_first","json","test_set_1",0.22,0.78,0.17,40,15,99,22,0.37,38,17,0.14,0.14,0.31,0.2,0.14,0,0.25,67,5,10
"llama3","seed_206","trained","all_domains_20_samples",20,"greedy","few_shot","unstructured","fact_first","json","test_set_2",0.61,0.39,0.55,1,10,100,61,0.62,38,55,0.79,0.47,0.43,0.53,0.47,0.64,0.54,35,6,4
"llama3","seed_989","trained","all_domains_20_samples",20,"greedy","zero_shot","unstructured","answer_first","json","test_set_2",0.52,0.48,0.47,0,7,100,52,0.52,48,47,0.57,0.2,0.71,0.47,0.4,0.5,0.46,46,5,2
"llama2","seed_989","trained","all_domains_20_samples",20,"temp_025","zero_shot","unstructured","fact_first","json","test_set_2",0.39,0.61,0.33,1,9,100,39,0.39,60,33,0.43,0.4,0.36,0.33,0.4,0.29,0.08,58,6,3
"llama2","seed_206","trained","all_domains_20_samples",20,"greedy","zero_shot","structured","fact_first","json","test_set_2",0.35,0.65,0.3,1,13,100,35,0.35,64,30,0.5,0.27,0.29,0.27,0.2,0.43,0.15,57,5,8
"llama3","seed_989","trained","all_domains_20_samples",20,"greedy","zero_shot","unstructured","fact_first","json","test_set_2",0.54,0.46,0.51,1,8,100,54,0.55,45,51,0.71,0.13,0.43,0.6,0.47,0.64,0.62,41,3,5
"llama3","seed_206","trained","all_domains_75_samples",75,"greedy","zero_shot","unstructured","answer_first","json","test_set_1",0.48,0.52,0.45,0,5,99,48,0.48,52,45,0.5,0.29,0.69,0.53,0.36,0.54,0.31,49,3,2
"llama2","seed_206","trained","all_domains_20_samples",20,"greedy","few_shot","unstructured","fact_first","json","test_set_2",0.34,0.66,0.31,3,7,100,34,0.35,63,31,0.57,0.33,0.43,0.33,0.07,0.21,0.23,62,3,4
"llama3","seed_989","trained","all_domains_20_samples",20,"temp_06","few_shot","structured","fact_first","json","test_set_1",0.56,0.44,0.52,0,8,99,55,0.55,45,51,0.64,0.5,0.92,0.47,0.5,0.31,0.31,40,4,4
"llama3","seed_206","trained","all_domains_20_samples",20,"temp_06","zero_shot","structured","fact_first","json","test_set_2",0.54,0.46,0.49,6,7,100,54,0.57,40,49,0.5,0.53,0.5,0.2,0.33,0.64,0.77,44,5,2
"llama3","seed_206","trained","all_domains_20_samples",20,"temp_025","few_shot","unstructured","fact_first","json","test_set_2",0.6,0.4,0.55,1,9,100,60,0.61,39,55,0.79,0.4,0.64,0.47,0.33,0.64,0.62,36,5,4
"llama2","seed_989","trained","all_domains_20_samples",20,"temp_06","zero_shot","unstructured","fact_first","json","test_set_2",0.32,0.68,0.24,5,9,100,32,0.34,63,24,0.21,0.4,0.29,0.27,0.13,0.29,0.08,67,8,1
"llama3","seed_989","trained","all_domains_20_samples",20,"temp_025","zero_shot","unstructured","answer_first","json","test_set_2",0.52,0.48,0.47,0,7,100,52,0.52,48,47,0.57,0.2,0.71,0.47,0.4,0.5,0.46,46,5,2
"llama3","seed_989","trained","all_domains_20_samples",20,"temp_025","zero_shot","unstructured","fact_first","json","test_set_2",0.51,0.49,0.49,1,7,100,51,0.52,48,49,0.64,0.13,0.29,0.6,0.67,0.57,0.54,44,2,5
"llama2","seed_206","trained","all_domains_75_samples",75,"greedy","zero_shot","unstructured","answer_first","json","test_set_1",0.47,0.53,0.44,1,9,99,47,0.47,52,44,0.21,0.57,0.54,0.4,0.43,0.38,0.56,46,3,6
"llama2","seed_206","trained","all_domains_20_samples",20,"temp_025","zero_shot","structured","fact_first","json","test_set_2",0.36,0.64,0.31,1,12,100,36,0.36,63,31,0.5,0.47,0.36,0.2,0.2,0.14,0.31,57,5,7
"llama3","seed_206","trained","all_domains_75_samples",75,"temp_025","zero_shot","unstructured","answer_first","json","test_set_1",0.48,0.52,0.46,0,4,99,48,0.48,52,46,0.57,0.29,0.69,0.47,0.36,0.62,0.31,49,2,2
"llama3","seed_206","trained","all_domains_20_samples",20,"temp_06","few_shot","unstructured","fact_first","json","test_set_2",0.51,0.49,0.44,2,11,100,51,0.52,47,44,0.57,0.33,0.36,0.47,0.2,0.64,0.54,45,7,4
"llama3","seed_989","trained","all_domains_20_samples",20,"greedy","zero_shot","structured","fact_first","json","test_set_2",0.46,0.54,0.4,7,9,100,46,0.49,47,40,0.5,0.47,0.36,0.13,0.33,0.57,0.46,51,6,3
"llama2","seed_206","trained","all_domains_20_samples",20,"temp_025","few_shot","unstructured","fact_first","json","test_set_2",0.29,0.71,0.25,1,8,100,29,0.29,70,25,0.36,0.27,0.43,0.2,0.07,0.29,0.15,67,4,4
"llama3","seed_206","trained","all_domains_20_samples",20,"greedy","few_shot","structured","fact_first","json","test_set_2",0.62,0.38,0.58,0,7,100,62,0.62,38,58,0.71,0.4,0.64,0.4,0.53,0.79,0.62,35,4,3
"llama2","seed_989","trained","all_domains_20_samples",20,"greedy","few_shot","structured","fact_first","json","test_set_1",0.25,0.75,0.23,30,13,99,25,0.36,45,23,0.07,0.43,0.38,0.07,0.14,0.15,0.38,63,2,11
"llama3","seed_989","trained","all_domains_20_samples",20,"temp_06","zero_shot","unstructured","fact_first","json","test_set_2",0.5,0.5,0.46,1,8,100,50,0.51,49,46,0.64,0.07,0.36,0.6,0.47,0.64,0.46,46,4,4
"llama3","seed_989","trained","all_domains_20_samples",20,"temp_06","zero_shot","unstructured","answer_first","json","test_set_2",0.53,0.47,0.49,0,6,100,53,0.53,47,49,0.57,0.2,0.79,0.47,0.4,0.57,0.46,45,4,2
"llama2","seed_206","trained","all_domains_75_samples",75,"temp_025","zero_shot","unstructured","answer_first","json","test_set_1",0.43,0.57,0.4,1,9,99,43,0.43,56,40,0.21,0.57,0.23,0.4,0.43,0.38,0.56,50,3,6
"llama3","seed_206","trained","all_domains_75_samples",75,"temp_06","zero_shot","unstructured","answer_first","json","test_set_1",0.49,0.51,0.48,0,3,99,49,0.49,51,48,0.64,0.36,0.69,0.47,0.43,0.54,0.31,48,1,2
"llama2","seed_206","trained","all_domains_20_samples",20,"temp_06","zero_shot","structured","fact_first","json","test_set_2",0.37,0.63,0.31,1,12,100,37,0.37,62,31,0.36,0.53,0.29,0.27,0.27,0.14,0.31,57,6,6
"llama3","seed_206","trained","all_domains_75_samples",75,"greedy","zero_shot","structured","answer_first","json","test_set_1",0.58,0.42,0.55,0,5,99,57,0.57,43,54,0.57,0.57,0.62,0.53,0.57,0.62,0.38,40,3,2
"llama3","seed_989","trained","all_domains_20_samples",20,"greedy","few_shot","unstructured","fact_first","json","test_set_2",0.61,0.39,0.55,1,10,100,61,0.62,38,55,0.79,0.47,0.43,0.53,0.47,0.64,0.54,35,6,4
"llama3","seed_989","trained","all_domains_20_samples",20,"temp_025","zero_shot","structured","fact_first","json","test_set_2",0.43,0.57,0.37,6,9,100,43,0.46,51,37,0.57,0.4,0.43,0.13,0.27,0.36,0.46,54,6,3
"llama2","seed_206","trained","all_domains_20_samples",20,"temp_06","few_shot","unstructured","fact_first","json","test_set_2",0.23,0.77,0.21,3,7,100,23,0.24,74,21,0.21,0.2,0.5,0.13,0.07,0.21,0.15,72,2,5
"llama3","seed_206","trained","all_domains_20_samples",20,"temp_025","few_shot","structured","fact_first","json","test_set_2",0.59,0.41,0.55,0,9,100,59,0.59,41,55,0.79,0.6,0.5,0.53,0.4,0.5,0.54,36,4,5
"llama3","seed_206","trained","all_domains_75_samples",75,"greedy","zero_shot","unstructured","fact_first","json","test_set_1",0.47,0.53,0.44,4,3,99,47,0.49,49,44,0.36,0.36,0.62,0.47,0.5,0.31,0.5,52,3,0
"llama2","seed_206","trained","all_domains_75_samples",75,"temp_06","zero_shot","unstructured","answer_first","json","test_set_1",0.43,0.57,0.41,1,9,99,43,0.43,56,41,0.21,0.5,0.38,0.4,0.43,0.31,0.63,49,2,7
"llama3","seed_989","trained","all_domains_75_samples",75,"greedy","zero_shot","unstructured","answer_first","json","test_set_1",0.48,0.52,0.45,0,5,99,48,0.48,52,45,0.5,0.29,0.69,0.53,0.36,0.54,0.31,49,3,2
"llama3","seed_206","trained","all_domains_75_samples",75,"temp_025","zero_shot","structured","answer_first","json","test_set_1",0.58,0.42,0.55,0,5,99,57,0.57,43,54,0.57,0.57,0.62,0.53,0.57,0.62,0.38,40,3,2
"llama3","seed_989","trained","all_domains_20_samples",20,"temp_025","few_shot","unstructured","fact_first","json","test_set_2",0.49,0.51,0.44,2,8,100,49,0.5,49,44,0.43,0.27,0.64,0.47,0.2,0.64,0.46,48,5,3
"llama2","seed_989","trained","all_domains_20_samples",20,"greedy","zero_shot","structured","fact_first","json","test_set_2",0.35,0.65,0.3,1,13,100,35,0.35,64,30,0.5,0.27,0.29,0.27,0.2,0.43,0.15,57,5,8
"llama2","seed_206","trained","all_domains_75_samples",75,"greedy","zero_shot","unstructured","fact_first","json","test_set_1",0.39,0.61,0.34,0,9,99,39,0.39,61,34,0.29,0.5,0.38,0.27,0.5,0.31,0.19,56,5,4
"llama3","seed_206","trained","all_domains_75_samples",75,"greedy","zero_shot","structured","fact_first","json","test_set_1",0.51,0.49,0.47,1,5,99,50,0.51,49,47,0.5,0.36,0.54,0.67,0.43,0.62,0.25,47,3,2
"llama3","seed_989","trained","all_domains_20_samples",20,"temp_06","zero_shot","structured","fact_first","json","test_set_2",0.51,0.49,0.47,4,7,100,51,0.53,45,47,0.57,0.53,0.43,0.2,0.53,0.5,0.54,46,4,3
"llama2","seed_206","trained","all_domains_75_samples",75,"greedy","zero_shot","structured","answer_first","json","test_set_1",0.37,0.63,0.33,0,7,99,37,0.37,63,33,0.36,0.36,0.38,0.27,0.36,0.31,0.31,59,4,3
"llama2","seed_989","trained","all_domains_20_samples",20,"greedy","few_shot","unstructured","fact_first","json","test_set_2",0.34,0.66,0.31,3,7,100,34,0.35,63,31,0.57,0.33,0.43,0.33,0.07,0.21,0.23,62,3,4
"llama3","seed_206","trained","all_domains_75_samples",75,"temp_025","zero_shot","unstructured","fact_first","json","test_set_1",0.46,0.54,0.43,2,3,99,46,0.47,52,43,0.36,0.36,0.69,0.47,0.43,0.38,0.38,53,3,0
"llama3","seed_206","trained","all_domains_20_samples",20,"temp_06","few_shot","structured","fact_first","json","test_set_2",0.67,0.33,0.62,0,9,100,67,0.67,33,62,0.86,0.4,0.86,0.27,0.67,0.64,0.69,29,5,4
"llama2","seed_989","trained","all_domains_20_samples",20,"temp_025","few_shot","structured","fact_first","json","test_set_1",0.23,0.77,0.2,33,15,99,23,0.34,44,20,0.21,0.36,0.31,0.2,0.14,0,0.19,64,3,12
"llama2","seed_989","trained","all_domains_75_samples",75,"greedy","zero_shot","unstructured","answer_first","json","test_set_1",0.47,0.53,0.44,1,9,99,47,0.47,52,44,0.21,0.57,0.54,0.4,0.43,0.38,0.56,46,3,6
"llama2","seed_206","trained","all_domains_75_samples",75,"temp_025","zero_shot","unstructured","fact_first","json","test_set_1",0.4,0.6,0.36,1,9,99,40,0.4,59,36,0.29,0.57,0.23,0.2,0.57,0.46,0.25,54,4,5
"llama3","seed_206","trained","all_domains_75_samples",75,"temp_06","zero_shot","structured","answer_first","json","test_set_1",0.56,0.44,0.53,0,5,99,55,0.55,45,52,0.57,0.57,0.62,0.53,0.57,0.46,0.38,42,3,2
"llama3","seed_989","trained","all_domains_20_samples",20,"temp_06","few_shot","unstructured","fact_first","json","test_set_2",0.55,0.45,0.51,3,9,100,55,0.57,42,51,0.64,0.27,0.64,0.53,0.33,0.64,0.54,40,4,5
"llama3","seed_989","trained","all_domains_75_samples",75,"temp_025","zero_shot","unstructured","answer_first","json","test_set_1",0.48,0.52,0.46,0,4,99,48,0.48,52,46,0.57,0.29,0.62,0.47,0.36,0.62,0.38,49,2,2
"llama3","seed_206","trained","all_domains_75_samples",75,"temp_025","zero_shot","structured","fact_first","json","test_set_1",0.55,0.45,0.53,2,4,99,54,0.55,44,52,0.5,0.36,0.69,0.67,0.43,0.69,0.38,43,2,2
"llama2","seed_989","trained","all_domains_20_samples",20,"temp_025","zero_shot","structured","fact_first","json","test_set_2",0.33,0.67,0.29,1,12,100,33,0.33,66,29,0.29,0.47,0.29,0.33,0.13,0.29,0.23,59,4,8
"llama2","seed_206","trained","all_domains_75_samples",75,"temp_025","zero_shot","structured","answer_first","json","test_set_1",0.35,0.65,0.31,0,7,99,35,0.35,65,31,0.36,0.29,0.31,0.2,0.43,0.31,0.31,61,4,3
"llama3","seed_206","trained","all_domains_75_samples",75,"temp_06","zero_shot","unstructured","fact_first","json","test_set_1",0.47,0.53,0.45,1,3,99,47,0.47,52,45,0.36,0.5,0.62,0.47,0.5,0.38,0.38,51,2,1
"llama2","seed_989","trained","all_domains_20_samples",20,"temp_025","few_shot","unstructured","fact_first","json","test_set_2",0.27,0.73,0.25,5,8,100,27,0.28,68,25,0.36,0.27,0.43,0.13,0.13,0.29,0.15,67,2,6
"llama2","seed_206","trained","all_domains_75_samples",75,"greedy","zero_shot","structured","fact_first","json","test_set_1",0.4,0.6,0.38,1,8,99,40,0.4,59,38,0.36,0.64,0.38,0.13,0.43,0.46,0.31,53,2,6
"llama3","seed_989","trained","all_domains_20_samples",20,"greedy","few_shot","structured","fact_first","json","test_set_2",0.62,0.38,0.58,0,7,100,62,0.62,38,58,0.71,0.4,0.64,0.4,0.53,0.79,0.62,35,4,3
"llama2","seed_206","trained","all_domains_75_samples",75,"temp_06","zero_shot","unstructured","fact_first","json","test_set_1",0.39,0.61,0.33,1,9,99,39,0.39,60,33,0.29,0.29,0.38,0.4,0.43,0.31,0.25,57,6,3
"llama2","seed_989","trained","all_domains_75_samples",75,"temp_025","zero_shot","unstructured","answer_first","json","test_set_1",0.47,0.53,0.44,1,9,99,47,0.47,52,44,0.21,0.57,0.46,0.4,0.43,0.46,0.56,46,3,6
"llama3","seed_989","trained","all_domains_75_samples",75,"greedy","zero_shot","structured","answer_first","json","test_set_1",0.58,0.42,0.55,0,5,99,57,0.57,43,54,0.57,0.57,0.62,0.53,0.57,0.62,0.38,40,3,2
"llama3","seed_989","trained","all_domains_75_samples",75,"temp_06","zero_shot","unstructured","answer_first","json","test_set_1",0.49,0.51,0.46,0,4,99,49,0.49,51,46,0.57,0.29,0.62,0.4,0.5,0.54,0.38,49,3,1
"llama3","seed_206","trained","all_domains_75_samples",75,"temp_06","zero_shot","structured","fact_first","json","test_set_1",0.57,0.43,0.53,0,6,99,56,0.56,44,52,0.57,0.36,0.77,0.47,0.64,0.62,0.31,41,4,2
"llama2","seed_989","trained","all_domains_20_samples",20,"temp_06","zero_shot","structured","fact_first","json","test_set_2",0.32,0.68,0.28,1,13,100,32,0.32,67,28,0.43,0.47,0.36,0.33,0.07,0.14,0.15,59,4,9
"llama3","seed_989","trained","all_domains_75_samples",75,"greedy","zero_shot","unstructured","fact_first","json","test_set_1",0.47,0.53,0.44,4,3,99,47,0.49,49,44,0.36,0.36,0.62,0.47,0.5,0.31,0.5,52,3,0
"llama2","seed_206","trained","all_domains_75_samples",75,"temp_06","zero_shot","structured","answer_first","json","test_set_1",0.37,0.63,0.33,0,8,99,37,0.37,63,33,0.36,0.29,0.31,0.33,0.43,0.31,0.31,58,4,4
"llama2","seed_989","trained","all_domains_20_samples",20,"temp_06","few_shot","unstructured","fact_first","json","test_set_2",0.27,0.73,0.25,5,8,100,27,0.28,68,25,0.36,0.2,0.36,0.27,0.13,0.29,0.15,67,2,6
"llama2","seed_989","trained","all_domains_75_samples",75,"greedy","zero_shot","unstructured","fact_first","json","test_set_1",0.39,0.61,0.34,0,9,99,39,0.39,61,34,0.29,0.5,0.38,0.27,0.5,0.31,0.19,56,5,4
"llama2","seed_206","trained","all_domains_75_samples",75,"temp_025","zero_shot","structured","fact_first","json","test_set_1",0.39,0.61,0.37,1,8,99,39,0.39,60,37,0.21,0.57,0.46,0.13,0.43,0.38,0.44,54,2,6
"llama3","seed_989","trained","all_domains_75_samples",75,"temp_025","zero_shot","structured","answer_first","json","test_set_1",0.57,0.43,0.54,0,5,99,56,0.56,44,53,0.57,0.57,0.62,0.53,0.57,0.54,0.38,41,3,2
"llama2","seed_989","trained","all_domains_75_samples",75,"temp_06","zero_shot","unstructured","answer_first","json","test_set_1",0.4,0.6,0.38,1,8,99,40,0.4,59,38,0.14,0.5,0.38,0.33,0.5,0.31,0.5,53,2,6
"llama3","seed_989","trained","all_domains_20_samples",20,"temp_025","few_shot","structured","fact_first","json","test_set_2",0.64,0.36,0.6,0,8,100,64,0.64,36,60,0.71,0.4,0.71,0.33,0.6,0.71,0.77,32,4,4
"llama2","seed_989","trained","all_domains_20_samples",20,"temp_06","few_shot","structured","fact_first","json","test_set_1",0.2,0.8,0.17,49,13,99,20,0.39,31,17,0.14,0.21,0.23,0.13,0.07,0.15,0.25,69,3,10
"llama3","seed_989","trained","all_domains_75_samples",75,"greedy","zero_shot","structured","fact_first","json","test_set_1",0.51,0.49,0.47,1,5,99,50,0.51,49,47,0.5,0.36,0.54,0.67,0.43,0.62,0.25,47,3,2
"llama3","seed_206","trained","all_domains_75_samples",75,"greedy","zero_shot","unstructured","answer_first","json","test_set_2",0.53,0.47,0.5,0,5,100,53,0.53,47,50,0.43,0.27,0.64,0.47,0.53,0.64,0.54,45,3,2
"llama3","seed_989","trained","all_domains_75_samples",75,"temp_025","zero_shot","unstructured","fact_first","json","test_set_1",0.47,0.53,0.44,5,3,99,47,0.49,48,44,0.36,0.43,0.62,0.47,0.5,0.31,0.44,52,3,0
"llama2","seed_989","trained","all_domains_75_samples",75,"temp_025","zero_shot","unstructured","fact_first","json","test_set_1",0.41,0.59,0.38,2,9,99,41,0.42,57,38,0.43,0.5,0.46,0.4,0.5,0.23,0.19,52,3,6
"llama2","seed_989","trained","all_domains_75_samples",75,"greedy","zero_shot","structured","answer_first","json","test_set_1",0.37,0.63,0.33,0,7,99,37,0.37,63,33,0.36,0.36,0.38,0.27,0.36,0.31,0.31,59,4,3
"llama3","seed_989","trained","all_domains_75_samples",75,"temp_06","zero_shot","structured","answer_first","json","test_set_1",0.57,0.43,0.54,0,5,99,56,0.56,44,53,0.64,0.5,0.62,0.53,0.57,0.54,0.38,41,3,2
"llama2","seed_206","trained","all_domains_75_samples",75,"temp_06","zero_shot","structured","fact_first","json","test_set_1",0.33,0.67,0.3,1,8,99,33,0.33,66,30,0.21,0.5,0.38,0.07,0.5,0.31,0.19,61,3,5
"llama2","seed_206","trained","all_domains_75_samples",75,"greedy","zero_shot","unstructured","answer_first","json","test_set_2",0.46,0.54,0.4,1,8,100,46,0.46,53,40,0.57,0.53,0.5,0.27,0.27,0.36,0.31,52,6,2
"llama3","seed_989","trained","all_domains_75_samples",75,"temp_025","zero_shot","structured","fact_first","json","test_set_1",0.46,0.54,0.41,2,6,99,46,0.47,52,41,0.36,0.5,0.54,0.4,0.21,0.62,0.31,52,5,1
"llama3","seed_989","trained","all_domains_20_samples",20,"temp_06","few_shot","structured","fact_first","json","test_set_2",0.59,0.41,0.54,1,8,100,59,0.6,40,54,0.64,0.47,0.64,0.27,0.6,0.71,0.46,38,5,3
"llama3","seed_206","trained","all_domains_75_samples",75,"temp_025","zero_shot","unstructured","answer_first","json","test_set_2",0.53,0.47,0.5,0,5,100,53,0.53,47,50,0.43,0.27,0.64,0.47,0.53,0.64,0.54,45,3,2
"llama3","seed_989","trained","all_domains_75_samples",75,"temp_06","zero_shot","unstructured","fact_first","json","test_set_1",0.51,0.49,0.48,1,3,99,50,0.51,49,48,0.36,0.43,0.62,0.53,0.5,0.54,0.44,48,2,1
"llama2","seed_989","trained","all_domains_75_samples",75,"temp_06","zero_shot","unstructured","fact_first","json","test_set_1",0.41,0.59,0.37,1,9,99,41,0.41,58,37,0.29,0.36,0.54,0.27,0.5,0.38,0.31,53,4,5
"llama2","seed_989","trained","all_domains_75_samples",75,"temp_025","zero_shot","structured","answer_first","json","test_set_1",0.38,0.62,0.34,0,7,99,38,0.38,62,34,0.36,0.36,0.38,0.27,0.43,0.31,0.31,58,4,3
"llama3","seed_206","trained","all_domains_75_samples",75,"greedy","zero_shot","structured","answer_first","json","test_set_2",0.55,0.45,0.53,0,5,100,55,0.55,45,53,0.5,0.4,0.64,0.4,0.53,0.71,0.54,42,2,3
"llama2","seed_206","trained","all_domains_75_samples",75,"greedy","few_shot","unstructured","fact_first","json","test_set_1",0.31,0.69,0.28,10,8,99,31,0.34,59,28,0,0.5,0.23,0.2,0.36,0.46,0.25,63,3,5
"llama2","seed_206","trained","all_domains_75_samples",75,"greedy","few_shot","unstructured","answer_first","json","test_set_1",0.38,0.62,0.36,1,9,99,38,0.38,61,36,0.29,0.43,0.54,0.13,0.43,0.46,0.31,54,2,7
"llama2","seed_206","trained","all_domains_75_samples",75,"temp_025","zero_shot","unstructured","answer_first","json","test_set_2",0.46,0.54,0.4,1,8,100,46,0.46,53,40,0.57,0.47,0.5,0.27,0.27,0.43,0.31,52,6,2
"llama2","seed_989","trained","all_domains_75_samples",75,"greedy","zero_shot","structured","fact_first","json","test_set_1",0.4,0.6,0.38,1,8,99,40,0.4,59,38,0.36,0.64,0.38,0.13,0.43,0.46,0.31,53,2,6
"llama3","seed_989","trained","all_domains_75_samples",75,"temp_06","zero_shot","structured","fact_first","json","test_set_1",0.53,0.47,0.51,1,4,99,52,0.53,47,50,0.5,0.36,0.69,0.73,0.36,0.54,0.38,45,2,2
"llama3","seed_206","trained","all_domains_75_samples",75,"greedy","few_shot","unstructured","answer_first","json","test_set_1",0.54,0.46,0.53,0,3,99,53,0.53,47,52,0.57,0.36,0.77,0.53,0.57,0.54,0.38,44,1,2
"llama3","seed_206","trained","all_domains_75_samples",75,"temp_06","zero_shot","unstructured","answer_first","json","test_set_2",0.54,0.46,0.53,0,3,100,54,0.54,46,53,0.43,0.47,0.64,0.47,0.53,0.64,0.54,44,1,2
"llama2","seed_206","trained","all_domains_20_samples",20,"greedy","few_shot","structured","fact_first","json","test_set_2",0.2,0.8,0.14,36,18,100,20,0.31,44,14,0.29,0.27,0.07,0.07,0.07,0.07,0.15,68,6,12
"llama3","seed_206","trained","all_domains_75_samples",75,"greedy","zero_shot","unstructured","fact_first","json","test_set_2",0.47,0.53,0.45,2,6,100,47,0.48,51,45,0.5,0.33,0.5,0.33,0.4,0.57,0.54,49,2,4
"llama2","seed_206","trained","all_domains_75_samples",75,"greedy","zero_shot","unstructured","fact_first","json","test_set_2",0.31,0.69,0.26,5,7,100,31,0.33,64,26,0.5,0.2,0.21,0.2,0.33,0.21,0.15,67,5,2
"llama3","seed_206","trained","all_domains_75_samples",75,"temp_025","zero_shot","structured","answer_first","json","test_set_2",0.55,0.45,0.53,0,5,100,55,0.55,45,53,0.5,0.4,0.64,0.4,0.53,0.71,0.54,42,2,3
"llama2","seed_989","trained","all_domains_75_samples",75,"temp_06","zero_shot","structured","answer_first","json","test_set_1",0.35,0.65,0.31,0,7,99,35,0.35,65,31,0.36,0.29,0.31,0.2,0.36,0.31,0.38,61,4,3
"llama3","seed_206","trained","all_domains_125_samples",125,"greedy","zero_shot","unstructured","answer_first","json","test_set_1",0.48,0.52,0.45,0,5,99,48,0.48,52,45,0.5,0.43,0.46,0.53,0.43,0.54,0.31,49,3,2
"llama3","seed_206","trained","all_domains_75_samples",75,"greedy","zero_shot","structured","fact_first","json","test_set_2",0.55,0.45,0.52,3,5,100,55,0.57,42,52,0.71,0.6,0.64,0.47,0.2,0.43,0.62,43,3,2
"llama2","seed_206","trained","all_domains_75_samples",75,"greedy","few_shot","structured","answer_first","json","test_set_1",0.37,0.63,0.35,0,6,99,37,0.37,63,35,0.21,0.5,0.38,0.13,0.5,0.31,0.44,58,2,4
"llama2","seed_206","trained","all_domains_75_samples",75,"temp_025","few_shot","unstructured","fact_first","json","test_set_1",0.37,0.63,0.35,7,8,99,37,0.4,56,35,0.21,0.43,0.46,0.27,0.29,0.46,0.38,56,2,6
"llama2","seed_206","trained","all_domains_75_samples",75,"temp_06","zero_shot","unstructured","answer_first","json","test_set_2",0.42,0.58,0.36,0,7,100,42,0.42,58,36,0.57,0.4,0.43,0.27,0.33,0.29,0.23,57,6,1
"llama2","seed_989","trained","all_domains_75_samples",75,"temp_025","zero_shot","structured","fact_first","json","test_set_1",0.39,0.61,0.36,1,8,99,39,0.39,60,36,0.21,0.64,0.31,0.27,0.5,0.31,0.31,55,3,5
"llama2","seed_206","trained","all_domains_75_samples",75,"greedy","few_shot","structured","fact_first","json","test_set_1",0.31,0.69,0.3,13,8,99,31,0.36,56,30,0.14,0.29,0.62,0.2,0.36,0.31,0.25,61,1,7
"llama2","seed_206","trained","all_domains_75_samples",75,"temp_025","few_shot","unstructured","answer_first","json","test_set_1",0.39,0.61,0.37,1,9,99,39,0.39,60,37,0.29,0.43,0.54,0.13,0.43,0.46,0.38,53,2,7
"llama3","seed_989","trained","all_domains_75_samples",75,"greedy","zero_shot","unstructured","answer_first","json","test_set_2",0.53,0.47,0.5,0,5,100,53,0.53,47,50,0.43,0.27,0.64,0.47,0.53,0.64,0.54,45,3,2
"llama3","seed_206","trained","all_domains_75_samples",75,"temp_025","few_shot","unstructured","answer_first","json","test_set_1",0.53,0.47,0.52,0,3,99,52,0.52,48,51,0.57,0.36,0.77,0.47,0.57,0.54,0.38,45,1,2
"llama2","seed_206","trained","all_domains_75_samples",75,"temp_025","zero_shot","unstructured","fact_first","json","test_set_2",0.31,0.69,0.27,1,7,100,31,0.31,68,27,0.57,0.27,0.43,0.13,0.2,0.14,0.15,66,4,3
"llama3","seed_206","trained","all_domains_75_samples",75,"temp_025","zero_shot","unstructured","fact_first","json","test_set_2",0.44,0.56,0.42,1,4,100,44,0.44,55,42,0.43,0.27,0.43,0.33,0.4,0.5,0.62,54,2,2
"llama3","seed_206","trained","all_domains_75_samples",75,"greedy","few_shot","unstructured","fact_first","json","test_set_1",0.46,0.54,0.45,2,3,99,46,0.47,52,45,0.43,0.5,0.77,0.47,0.5,0.46,0.13,51,1,2
"llama3","seed_206","trained","all_domains_75_samples",75,"temp_06","zero_shot","structured","answer_first","json","test_set_2",0.56,0.44,0.53,0,7,100,56,0.56,44,53,0.5,0.4,0.64,0.4,0.53,0.71,0.54,40,3,4
"llama2","seed_206","trained","all_domains_75_samples",75,"greedy","zero_shot","structured","answer_first","json","test_set_2",0.38,0.62,0.38,0,7,100,38,0.38,62,38,0.36,0.4,0.64,0.53,0,0.36,0.38,55,0,7
"llama3","seed_206","trained","all_domains_75_samples",75,"temp_025","zero_shot","structured","fact_first","json","test_set_2",0.49,0.51,0.46,2,5,100,49,0.5,49,46,0.57,0.33,0.43,0.4,0.33,0.64,0.54,49,3,2
"llama3","seed_206","trained","all_domains_75_samples",75,"greedy","few_shot","structured","fact_first","json","test_set_1",0.53,0.47,0.48,0,8,99,52,0.52,48,48,0.64,0.43,0.62,0.4,0.43,0.54,0.38,43,4,4
"llama3","seed_206","trained","all_domains_125_samples",125,"temp_025","zero_shot","unstructured","answer_first","json","test_set_1",0.47,0.53,0.44,0,5,99,47,0.47,53,44,0.5,0.36,0.46,0.53,0.43,0.54,0.31,50,3,2
"llama2","seed_989","trained","all_domains_75_samples",75,"greedy","zero_shot","unstructured","answer_first","json","test_set_2",0.46,0.54,0.4,1,8,100,46,0.46,53,40,0.57,0.53,0.5,0.27,0.27,0.36,0.31,52,6,2
"llama2","seed_989","trained","all_domains_75_samples",75,"temp_06","zero_shot","structured","fact_first","json","test_set_1",0.35,0.65,0.34,0,8,99,35,0.35,65,34,0.36,0.43,0.54,0.2,0.43,0.23,0.25,57,1,7
"llama3","seed_206","trained","all_domains_75_samples",75,"greedy","few_shot","structured","answer_first","json","test_set_1",0.46,0.54,0.42,0,8,99,46,0.46,54,42,0.36,0.36,0.54,0.47,0.43,0.31,0.5,49,4,4
"llama2","seed_206","trained","all_domains_75_samples",75,"temp_06","zero_shot","unstructured","fact_first","json","test_set_2",0.33,0.67,0.29,5,8,100,33,0.35,62,29,0.21,0.33,0.43,0.2,0.47,0.14,0.23,63,4,4
"llama2","seed_206","trained","all_domains_125_samples",125,"greedy","zero_shot","unstructured","answer_first","json","test_set_1",0.4,0.6,0.39,0,6,99,40,0.4,60,39,0.29,0.5,0.46,0.4,0.43,0.31,0.38,54,1,5
"llama2","seed_206","trained","all_domains_75_samples",75,"temp_06","few_shot","unstructured","fact_first","json","test_set_1",0.34,0.66,0.32,8,8,99,34,0.37,58,32,0.14,0.57,0.38,0.2,0.5,0.31,0.19,59,2,6
"llama2","seed_206","trained","all_domains_75_samples",75,"temp_06","few_shot","unstructured","answer_first","json","test_set_1",0.37,0.63,0.35,1,10,99,37,0.37,62,35,0.21,0.43,0.46,0.13,0.43,0.38,0.44,54,2,8
"llama3","seed_989","trained","all_domains_75_samples",75,"temp_025","zero_shot","unstructured","answer_first","json","test_set_2",0.55,0.45,0.52,0,5,100,55,0.55,45,52,0.43,0.4,0.64,0.47,0.53,0.64,0.54,43,3,2
"llama3","seed_206","trained","all_domains_75_samples",75,"temp_06","zero_shot","unstructured","fact_first","json","test_set_2",0.43,0.57,0.41,2,6,100,43,0.44,55,41,0.5,0.33,0.29,0.27,0.47,0.57,0.46,53,2,4
"llama3","seed_206","trained","all_domains_75_samples",75,"temp_06","few_shot","unstructured","answer_first","json","test_set_1",0.51,0.49,0.49,0,3,99,50,0.5,50,49,0.57,0.36,0.62,0.47,0.57,0.54,0.38,47,1,2
"llama2","seed_206","trained","all_domains_20_samples",20,"temp_025","few_shot","structured","fact_first","json","test_set_2",0.23,0.77,0.17,38,20,100,23,0.37,39,17,0.36,0.2,0.21,0,0.2,0.07,0.15,63,6,14
"llama3","seed_206","trained","all_domains_75_samples",75,"temp_025","few_shot","unstructured","fact_first","json","test_set_1",0.43,0.57,0.43,4,3,99,43,0.45,53,43,0.5,0.43,0.46,0.53,0.5,0.46,0.19,53,0,3
"llama3","seed_989","trained","all_domains_75_samples",75,"greedy","zero_shot","structured","answer_first","json","test_set_2",0.55,0.45,0.53,0,5,100,55,0.55,45,53,0.5,0.4,0.64,0.4,0.53,0.71,0.54,42,2,3
"llama3","seed_206","trained","all_domains_75_samples",75,"temp_06","zero_shot","structured","fact_first","json","test_set_2",0.52,0.48,0.49,1,5,100,52,0.53,47,49,0.64,0.47,0.57,0.4,0.33,0.57,0.46,46,3,2
"llama3","seed_206","trained","all_domains_125_samples",125,"temp_06","zero_shot","unstructured","answer_first","json","test_set_1",0.45,0.55,0.42,0,6,99,45,0.45,55,42,0.5,0.43,0.46,0.53,0.36,0.38,0.31,51,3,3
"llama2","seed_206","trained","all_domains_75_samples",75,"temp_025","zero_shot","structured","answer_first","json","test_set_2",0.4,0.6,0.4,0,7,100,40,0.4,60,40,0.36,0.47,0.64,0.53,0,0.43,0.38,53,0,7
"llama3","seed_206","trained","all_domains_75_samples",75,"temp_025","few_shot","structured","fact_first","json","test_set_1",0.41,0.59,0.38,0,8,99,41,0.41,59,38,0.43,0.36,0.54,0.4,0.21,0.54,0.25,53,3,5
"llama2","seed_989","trained","all_domains_75_samples",75,"greedy","zero_shot","unstructured","fact_first","json","test_set_2",0.31,0.69,0.26,5,7,100,31,0.33,64,26,0.5,0.2,0.21,0.2,0.33,0.21,0.15,67,5,2
"llama2","seed_989","trained","all_domains_75_samples",75,"temp_025","zero_shot","unstructured","answer_first","json","test_set_2",0.45,0.55,0.39,0,7,100,45,0.45,55,39,0.57,0.47,0.5,0.27,0.27,0.36,0.31,54,6,1
"llama2","seed_206","trained","all_domains_125_samples",125,"temp_025","zero_shot","unstructured","answer_first","json","test_set_1",0.39,0.61,0.38,0,6,99,39,0.39,61,38,0.21,0.5,0.46,0.4,0.43,0.31,0.38,55,1,5
"llama2","seed_206","trained","all_domains_75_samples",75,"temp_025","few_shot","structured","answer_first","json","test_set_1",0.39,0.61,0.37,0,6,99,39,0.39,61,37,0.29,0.5,0.46,0.2,0.5,0.31,0.38,56,2,4
"llama2","seed_206","trained","all_domains_75_samples",75,"greedy","zero_shot","structured","fact_first","json","test_set_2",0.35,0.65,0.33,0,6,100,35,0.35,65,33,0.21,0.33,0.71,0.33,0.33,0.14,0.23,61,2,4
"llama3","seed_206","trained","all_domains_75_samples",75,"temp_025","few_shot","structured","answer_first","json","test_set_1",0.45,0.55,0.41,0,8,99,45,0.45,55,41,0.36,0.36,0.54,0.47,0.43,0.31,0.44,50,4,4
"llama2","seed_206","trained","all_domains_75_samples",75,"temp_025","few_shot","structured","fact_first","json","test_set_1",0.35,0.65,0.34,15,10,99,35,0.41,50,34,0.14,0.29,0.54,0.33,0.29,0.38,0.44,55,1,9
"llama3","seed_989","trained","all_domains_75_samples",75,"greedy","zero_shot","unstructured","fact_first","json","test_set_2",0.47,0.53,0.45,2,6,100,47,0.48,51,45,0.5,0.33,0.5,0.33,0.4,0.57,0.54,49,2,4
"llama3","seed_989","trained","all_domains_75_samples",75,"temp_06","zero_shot","unstructured","answer_first","json","test_set_2",0.53,0.47,0.5,0,5,100,53,0.53,47,50,0.43,0.33,0.57,0.47,0.53,0.64,0.54,45,3,2
"llama2","seed_989","trained","all_domains_75_samples",75,"greedy","few_shot","unstructured","answer_first","json","test_set_1",0.38,0.62,0.36,1,9,99,38,0.38,61,36,0.29,0.43,0.54,0.13,0.43,0.46,0.31,54,2,7
"llama2","seed_989","trained","all_domains_75_samples",75,"greedy","few_shot","unstructured","fact_first","json","test_set_1",0.31,0.69,0.28,10,8,99,31,0.34,59,28,0,0.5,0.23,0.2,0.36,0.46,0.25,63,3,5
"llama3","seed_989","trained","all_domains_75_samples",75,"greedy","few_shot","unstructured","answer_first","json","test_set_1",0.54,0.46,0.53,0,3,99,53,0.53,47,52,0.57,0.36,0.77,0.53,0.57,0.54,0.38,44,1,2
"llama3","seed_989","trained","all_domains_75_samples",75,"temp_025","zero_shot","structured","answer_first","json","test_set_2",0.55,0.45,0.53,0,5,100,55,0.55,45,53,0.5,0.4,0.64,0.4,0.53,0.71,0.54,42,2,3
"llama3","seed_206","trained","all_domains_75_samples",75,"temp_06","few_shot","unstructured","fact_first","json","test_set_1",0.44,0.56,0.43,7,5,99,44,0.47,49,43,0.43,0.43,0.62,0.4,0.43,0.46,0.31,51,1,4
"llama3","seed_206","trained","all_domains_125_samples",125,"greedy","zero_shot","structured","answer_first","json","test_set_1",0.44,0.56,0.42,0,4,99,44,0.44,56,42,0.36,0.21,0.62,0.47,0.57,0.46,0.31,53,2,2
"llama3","seed_989","trained","all_domains_75_samples",75,"greedy","zero_shot","structured","fact_first","json","test_set_2",0.55,0.45,0.52,3,5,100,55,0.57,42,52,0.71,0.6,0.64,0.47,0.2,0.43,0.62,43,3,2
"llama2","seed_989","trained","all_domains_75_samples",75,"temp_025","zero_shot","unstructured","fact_first","json","test_set_2",0.29,0.71,0.25,1,8,100,29,0.29,70,25,0.43,0.07,0.36,0.27,0.27,0.14,0.23,67,4,4
"llama3","seed_989","trained","all_domains_125_samples",125,"greedy","zero_shot","unstructured","answer_first","json","test_set_1",0.48,0.52,0.45,0,5,99,48,0.48,52,45,0.5,0.43,0.46,0.53,0.43,0.54,0.31,49,3,2
"llama2","seed_206","trained","all_domains_125_samples",125,"temp_06","zero_shot","unstructured","answer_first","json","test_set_1",0.39,0.61,0.38,0,7,99,39,0.39,61,38,0.21,0.5,0.54,0.4,0.43,0.31,0.31,54,1,6
"llama2","seed_206","trained","all_domains_75_samples",75,"temp_06","zero_shot","structured","answer_first","json","test_set_2",0.37,0.63,0.37,0,7,100,37,0.37,63,37,0.36,0.4,0.64,0.53,0,0.29,0.38,56,0,7
"llama3","seed_206","trained","all_domains_75_samples",75,"temp_06","few_shot","structured","fact_first","json","test_set_1",0.44,0.56,0.41,0,8,99,44,0.44,56,41,0.43,0.29,0.54,0.47,0.36,0.54,0.31,50,3,5
"llama2","seed_989","trained","all_domains_75_samples",75,"temp_06","zero_shot","unstructured","answer_first","json","test_set_2",0.45,0.55,0.4,1,8,100,45,0.45,54,40,0.5,0.6,0.5,0.27,0.2,0.5,0.23,52,5,3
"llama3","seed_989","trained","all_domains_75_samples",75,"temp_025","zero_shot","unstructured","fact_first","json","test_set_2",0.43,0.57,0.4,3,6,100,43,0.44,54,40,0.43,0.33,0.36,0.2,0.4,0.57,0.54,54,3,3
"llama2","seed_206","trained","all_domains_75_samples",75,"temp_025","zero_shot","structured","fact_first","json","test_set_2",0.36,0.64,0.32,0,6,100,36,0.36,64,32,0.43,0.27,0.5,0.33,0.4,0.14,0.15,62,4,2
"llama3","seed_206","trained","all_domains_75_samples",75,"temp_06","few_shot","structured","answer_first","json","test_set_1",0.48,0.52,0.44,0,8,99,48,0.48,52,44,0.36,0.36,0.54,0.47,0.43,0.38,0.56,47,4,4
"llama2","seed_989","trained","all_domains_75_samples",75,"temp_025","few_shot","unstructured","answer_first","json","test_set_1",0.39,0.61,0.37,1,9,99,39,0.39,60,37,0.29,0.5,0.54,0.13,0.43,0.46,0.31,53,2,7
"llama3","seed_989","trained","all_domains_75_samples",75,"temp_06","zero_shot","structured","answer_first","json","test_set_2",0.54,0.46,0.52,0,5,100,54,0.54,46,52,0.43,0.4,0.64,0.4,0.53,0.71,0.54,43,2,3
"llama2","seed_989","trained","all_domains_75_samples",75,"temp_025","few_shot","unstructured","fact_first","json","test_set_1",0.34,0.66,0.32,2,9,99,34,0.35,64,32,0.07,0.57,0.31,0.33,0.36,0.46,0.19,58,2,7
"llama3","seed_989","trained","all_domains_75_samples",75,"temp_025","few_shot","unstructured","answer_first","json","test_set_1",0.54,0.46,0.53,0,3,99,53,0.53,47,52,0.57,0.36,0.77,0.53,0.57,0.54,0.38,44,1,2
"llama3","seed_206","trained","all_domains_125_samples",125,"temp_025","zero_shot","structured","answer_first","json","test_set_1",0.45,0.55,0.43,0,4,99,45,0.45,55,43,0.43,0.21,0.62,0.47,0.5,0.46,0.38,52,2,2
"llama2","seed_206","trained","all_domains_20_samples",20,"temp_06","few_shot","structured","fact_first","json","test_set_2",0.24,0.76,0.16,38,24,100,24,0.39,38,16,0.29,0.33,0.21,0.2,0.07,0,0,60,8,16
"llama3","seed_989","trained","all_domains_75_samples",75,"greedy","few_shot","unstructured","fact_first","json","test_set_1",0.46,0.54,0.45,2,3,99,46,0.47,52,45,0.43,0.5,0.77,0.47,0.5,0.46,0.13,51,1,2
"llama2","seed_989","trained","all_domains_75_samples",75,"temp_06","zero_shot","unstructured","fact_first","json","test_set_2",0.3,0.7,0.27,3,5,100,30,0.31,67,27,0.29,0.33,0.5,0.13,0.27,0.14,0.23,68,3,2
"llama3","seed_989","trained","all_domains_75_samples",75,"temp_025","zero_shot","structured","fact_first","json","test_set_2",0.51,0.49,0.48,2,5,100,51,0.52,47,48,0.64,0.4,0.5,0.47,0.13,0.57,0.69,47,3,2
"llama2","seed_989","trained","all_domains_125_samples",125,"greedy","zero_shot","unstructured","answer_first","json","test_set_1",0.4,0.6,0.39,0,6,99,40,0.4,60,39,0.29,0.5,0.46,0.4,0.43,0.31,0.38,54,1,5
"llama3","seed_989","trained","all_domains_125_samples",125,"temp_025","zero_shot","unstructured","answer_first","json","test_set_1",0.48,0.52,0.45,0,4,99,48,0.48,52,45,0.5,0.43,0.38,0.53,0.43,0.62,0.31,50,3,1
"llama3","seed_989","trained","all_domains_75_samples",75,"greedy","few_shot","structured","fact_first","json","test_set_1",0.53,0.47,0.48,0,8,99,52,0.52,48,48,0.64,0.43,0.62,0.4,0.43,0.54,0.38,43,4,4
"llama2","seed_989","trained","all_domains_75_samples",75,"greedy","zero_shot","structured","answer_first","json","test_set_2",0.38,0.62,0.38,0,7,100,38,0.38,62,38,0.36,0.4,0.64,0.53,0,0.36,0.38,55,0,7
"llama3","seed_989","trained","all_domains_75_samples",75,"temp_06","zero_shot","unstructured","fact_first","json","test_set_2",0.47,0.53,0.45,1,4,100,47,0.47,52,45,0.64,0.33,0.43,0.27,0.4,0.57,0.54,51,2,2
"llama2","seed_206","trained","all_domains_75_samples",75,"temp_06","few_shot","structured","answer_first","json","test_set_1",0.4,0.6,0.38,0,6,99,40,0.4,60,38,0.36,0.5,0.46,0.2,0.5,0.31,0.38,55,2,4
"llama2","seed_206","trained","all_domains_75_samples",75,"temp_06","zero_shot","structured","fact_first","json","test_set_2",0.34,0.66,0.31,1,6,100,34,0.34,65,31,0.5,0.4,0.43,0.2,0.33,0.07,0.23,63,3,3
"llama3","seed_989","trained","all_domains_75_samples",75,"greedy","few_shot","structured","answer_first","json","test_set_1",0.46,0.54,0.42,0,8,99,46,0.46,54,42,0.36,0.36,0.54,0.47,0.43,0.31,0.5,49,4,4
"llama2","seed_206","trained","all_domains_75_samples",75,"temp_06","few_shot","structured","fact_first","json","test_set_1",0.28,0.72,0.27,14,10,99,28,0.33,58,27,0.07,0.36,0.38,0.27,0.29,0.38,0.19,62,1,9
"llama3","seed_206","trained","all_domains_125_samples",125,"temp_06","zero_shot","structured","answer_first","json","test_set_1",0.46,0.54,0.44,0,4,99,46,0.46,54,44,0.36,0.21,0.62,0.53,0.57,0.46,0.38,51,2,2
"llama2","seed_989","trained","all_domains_75_samples",75,"temp_06","few_shot","unstructured","fact_first","json","test_set_1",0.32,0.68,0.31,4,8,99,32,0.33,64,31,0.07,0.5,0.31,0.2,0.36,0.54,0.25,60,1,7
"llama2","seed_989","trained","all_domains_75_samples",75,"temp_06","few_shot","unstructured","answer_first","json","test_set_1",0.38,0.62,0.36,1,9,99,38,0.38,61,36,0.29,0.43,0.54,0.13,0.43,0.46,0.31,54,2,7
"llama3","seed_989","trained","all_domains_75_samples",75,"temp_025","few_shot","unstructured","fact_first","json","test_set_1",0.46,0.54,0.46,4,3,99,46,0.48,50,46,0.43,0.5,0.77,0.4,0.57,0.38,0.25,50,0,3
"llama3","seed_989","trained","all_domains_75_samples",75,"temp_06","few_shot","unstructured","answer_first","json","test_set_1",0.52,0.48,0.51,0,3,99,51,0.51,49,50,0.57,0.36,0.69,0.47,0.57,0.54,0.38,46,1,2
"llama3","seed_989","trained","all_domains_75_samples",75,"temp_06","zero_shot","structured","fact_first","json","test_set_2",0.51,0.49,0.48,0,5,100,51,0.51,49,48,0.5,0.6,0.57,0.33,0.27,0.64,0.46,47,3,2
"llama2","seed_989","trained","all_domains_125_samples",125,"temp_025","zero_shot","unstructured","answer_first","json","test_set_1",0.4,0.6,0.39,0,6,99,40,0.4,60,39,0.36,0.5,0.46,0.4,0.43,0.31,0.31,54,1,5
"llama3","seed_989","trained","all_domains_125_samples",125,"temp_06","zero_shot","unstructured","answer_first","json","test_set_1",0.48,0.52,0.45,0,6,99,48,0.48,52,45,0.5,0.43,0.38,0.6,0.43,0.54,0.31,48,3,3
"llama3","seed_989","trained","all_domains_75_samples",75,"temp_025","few_shot","structured","fact_first","json","test_set_1",0.47,0.53,0.43,1,8,99,47,0.47,52,43,0.57,0.43,0.69,0.4,0.29,0.54,0.19,48,4,4
"llama2","seed_206","trained","all_domains_125_samples",125,"greedy","zero_shot","structured","answer_first","json","test_set_1",0.42,0.58,0.4,0,4,99,42,0.42,58,40,0.36,0.5,0.54,0.27,0.43,0.38,0.38,55,2,2
"llama2","seed_989","trained","all_domains_75_samples",75,"temp_025","zero_shot","structured","answer_first","json","test_set_2",0.4,0.6,0.39,0,7,100,40,0.4,60,39,0.36,0.4,0.64,0.6,0,0.36,0.38,54,1,6
"llama3","seed_989","trained","all_domains_75_samples",75,"temp_025","few_shot","structured","answer_first","json","test_set_1",0.47,0.53,0.43,0,8,99,47,0.47,53,43,0.36,0.36,0.62,0.47,0.43,0.31,0.5,48,4,4
"llama3","seed_989","trained","all_domains_125_samples",125,"greedy","zero_shot","structured","answer_first","json","test_set_1",0.44,0.56,0.42,0,4,99,44,0.44,56,42,0.36,0.21,0.62,0.47,0.57,0.46,0.31,53,2,2
"llama2","seed_989","trained","all_domains_20_samples",20,"greedy","few_shot","structured","fact_first","json","test_set_2",0.2,0.8,0.14,36,18,100,20,0.31,44,14,0.29,0.27,0.07,0.07,0.07,0.07,0.15,68,6,12
"llama2","seed_989","trained","all_domains_125_samples",125,"temp_06","zero_shot","unstructured","answer_first","json","test_set_1",0.39,0.61,0.38,0,7,99,39,0.39,61,38,0.29,0.5,0.46,0.4,0.36,0.31,0.38,54,1,6
"llama2","seed_206","trained","all_domains_75_samples",75,"greedy","few_shot","unstructured","fact_first","json","test_set_2",0.28,0.72,0.26,5,7,100,28,0.29,67,26,0.21,0.33,0.36,0.33,0.2,0.21,0.15,67,2,5
"llama2","seed_206","trained","all_domains_75_samples",75,"greedy","few_shot","unstructured","answer_first","json","test_set_2",0.4,0.6,0.35,0,7,100,40,0.4,60,35,0.43,0.53,0.5,0.27,0.13,0.29,0.31,58,5,2
"llama3","seed_989","trained","all_domains_75_samples",75,"temp_06","few_shot","unstructured","fact_first","json","test_set_1",0.48,0.52,0.47,4,3,99,48,0.5,48,47,0.5,0.5,0.77,0.4,0.5,0.38,0.31,49,1,2
"llama3","seed_206","trained","all_domains_75_samples",75,"greedy","few_shot","unstructured","answer_first","json","test_set_2",0.54,0.46,0.5,0,5,100,54,0.54,46,50,0.57,0.33,0.64,0.6,0.4,0.5,0.46,45,4,1
"llama2","seed_989","trained","all_domains_75_samples",75,"temp_025","zero_shot","structured","fact_first","json","test_set_2",0.43,0.57,0.4,1,6,100,43,0.43,56,40,0.43,0.47,0.5,0.27,0.47,0.21,0.46,54,3,3
"llama3","seed_206","trained","all_domains_125_samples",125,"greedy","zero_shot","unstructured","answer_first","json","test_set_2",0.49,0.51,0.45,0,6,100,49,0.49,51,45,0.21,0.27,0.5,0.47,0.53,0.57,0.62,49,4,2
"llama2","seed_206","trained","all_domains_125_samples",125,"temp_025","zero_shot","structured","answer_first","json","test_set_1",0.45,0.55,0.42,0,5,99,45,0.45,55,42,0.43,0.5,0.54,0.33,0.43,0.38,0.38,52,3,2
"llama3","seed_989","trained","all_domains_75_samples",75,"temp_06","few_shot","structured","fact_first","json","test_set_1",0.45,0.55,0.39,0,8,99,45,0.45,55,39,0.36,0.29,0.46,0.33,0.43,0.54,0.38,52,6,2
"llama2","seed_989","trained","all_domains_75_samples",75,"temp_06","zero_shot","structured","answer_first","json","test_set_2",0.41,0.59,0.4,0,7,100,41,0.41,59,40,0.29,0.47,0.64,0.53,0.07,0.43,0.38,53,1,6
"llama3","seed_989","trained","all_domains_125_samples",125,"temp_025","zero_shot","structured","answer_first","json","test_set_1",0.44,0.56,0.42,0,4,99,44,0.44,56,42,0.36,0.21,0.54,0.53,0.57,0.46,0.31,53,2,2
"llama2","seed_989","trained","all_domains_75_samples",75,"greedy","few_shot","structured","answer_first","json","test_set_1",0.37,0.63,0.35,0,6,99,37,0.37,63,35,0.21,0.5,0.38,0.13,0.5,0.31,0.44,58,2,4
"llama3","seed_989","trained","all_domains_75_samples",75,"temp_06","few_shot","structured","answer_first","json","test_set_1",0.48,0.52,0.44,0,9,99,48,0.48,52,44,0.36,0.36,0.62,0.47,0.43,0.38,0.5,46,4,5
"llama2","seed_989","trained","all_domains_75_samples",75,"greedy","few_shot","structured","fact_first","json","test_set_1",0.31,0.69,0.3,13,8,99,31,0.36,56,30,0.14,0.29,0.62,0.2,0.36,0.31,0.25,61,1,7
"llama2","seed_206","trained","all_domains_125_samples",125,"greedy","zero_shot","unstructured","answer_first","json","test_set_2",0.4,0.6,0.35,2,8,100,40,0.41,58,35,0.5,0.33,0.5,0.2,0.27,0.43,0.23,57,5,3
"llama2","seed_206","trained","all_domains_75_samples",75,"temp_025","few_shot","unstructured","fact_first","json","test_set_2",0.31,0.69,0.28,5,7,100,31,0.33,64,28,0.21,0.4,0.43,0.4,0.13,0.21,0.15,65,3,4
"llama2","seed_206","trained","all_domains_75_samples",75,"temp_025","few_shot","unstructured","answer_first","json","test_set_2",0.41,0.59,0.36,0,7,100,41,0.41,59,36,0.43,0.53,0.5,0.27,0.2,0.29,0.31,57,5,2
"llama2","seed_989","trained","all_domains_75_samples",75,"temp_06","zero_shot","structured","fact_first","json","test_set_2",0.31,0.69,0.28,1,7,100,31,0.31,68,28,0.21,0.27,0.43,0.4,0.27,0.07,0.31,65,3,4
"llama3","seed_206","trained","all_domains_75_samples",75,"greedy","few_shot","unstructured","fact_first","json","test_set_2",0.47,0.53,0.45,3,7,100,47,0.48,50,45,0.5,0.27,0.5,0.47,0.4,0.57,0.46,48,2,5
"llama3","seed_206","trained","all_domains_75_samples",75,"temp_025","few_shot","unstructured","answer_first","json","test_set_2",0.54,0.46,0.5,0,5,100,54,0.54,46,50,0.57,0.33,0.57,0.6,0.47,0.5,0.46,45,4,1
"llama3","seed_206","trained","all_domains_125_samples",125,"temp_025","zero_shot","unstructured","answer_first","json","test_set_2",0.47,0.53,0.44,0,5,100,47,0.47,53,44,0.21,0.27,0.5,0.47,0.47,0.57,0.62,51,3,2
"llama2","seed_206","trained","all_domains_125_samples",125,"temp_06","zero_shot","structured","answer_first","json","test_set_1",0.39,0.61,0.37,0,4,99,39,0.39,61,37,0.29,0.43,0.54,0.13,0.5,0.38,0.38,58,2,2
"llama3","seed_989","trained","all_domains_125_samples",125,"temp_06","zero_shot","structured","answer_first","json","test_set_1",0.46,0.54,0.44,0,4,99,46,0.46,54,44,0.36,0.29,0.62,0.53,0.57,0.46,0.31,51,2,2
"llama3","seed_206","trained","all_domains_75_samples",75,"greedy","few_shot","structured","fact_first","json","test_set_2",0.51,0.49,0.47,0,7,100,51,0.51,49,47,0.5,0.27,0.5,0.47,0.33,0.64,0.62,46,4,3
"llama3","seed_206","trained","all_domains_75_samples",75,"greedy","few_shot","structured","answer_first","json","test_set_2",0.57,0.43,0.51,0,10,100,57,0.57,43,51,0.57,0.33,0.57,0.47,0.47,0.71,0.46,39,6,4
"llama2","seed_206","trained","all_domains_125_samples",125,"temp_025","zero_shot","unstructured","answer_first","json","test_set_2",0.41,0.59,0.36,2,8,100,41,0.42,57,36,0.5,0.4,0.5,0.2,0.27,0.43,0.23,56,5,3
"llama2","seed_989","trained","all_domains_20_samples",20,"temp_025","few_shot","structured","fact_first","json","test_set_2",0.25,0.75,0.18,36,19,100,25,0.39,39,18,0.43,0.13,0.29,0,0.2,0.14,0.08,63,7,12
"llama3","seed_206","trained","all_domains_125_samples",125,"greedy","zero_shot","structured","answer_first","json","test_set_2",0.61,0.39,0.58,0,6,100,61,0.61,39,58,0.5,0.53,0.64,0.47,0.47,0.79,0.69,36,3,3
"llama3","seed_206","trained","all_domains_75_samples",75,"temp_025","few_shot","unstructured","fact_first","json","test_set_2",0.52,0.48,0.48,2,7,100,52,0.53,46,48,0.5,0.4,0.43,0.4,0.53,0.57,0.54,45,4,3
"llama2","seed_206","trained","all_domains_75_samples",75,"temp_06","few_shot","unstructured","answer_first","json","test_set_2",0.41,0.59,0.36,0,6,100,41,0.41,59,36,0.36,0.53,0.5,0.33,0.13,0.43,0.23,58,5,1
"llama2","seed_989","trained","all_domains_125_samples",125,"greedy","zero_shot","structured","answer_first","json","test_set_1",0.42,0.58,0.4,0,4,99,42,0.42,58,40,0.36,0.5,0.54,0.27,0.43,0.38,0.38,55,2,2
"llama2","seed_206","trained","all_domains_75_samples",75,"temp_06","few_shot","unstructured","fact_first","json","test_set_2",0.32,0.68,0.3,5,7,100,32,0.34,63,30,0.29,0.4,0.5,0.33,0.2,0.29,0.08,63,2,5
"llama3","seed_206","trained","all_domains_75_samples",75,"temp_06","few_shot","unstructured","answer_first","json","test_set_2",0.56,0.44,0.52,0,5,100,56,0.56,44,52,0.57,0.33,0.64,0.6,0.47,0.57,0.46,43,4,1
"llama3","seed_206","trained","all_domains_125_samples",125,"temp_06","zero_shot","unstructured","answer_first","json","test_set_2",0.5,0.5,0.47,0,6,100,50,0.5,50,47,0.14,0.33,0.64,0.47,0.53,0.57,0.62,47,3,3
"llama3","seed_206","trained","all_domains_75_samples",75,"temp_025","few_shot","structured","fact_first","json","test_set_2",0.53,0.47,0.49,1,7,100,53,0.54,46,49,0.5,0.33,0.57,0.4,0.47,0.57,0.62,44,4,3
"llama2","seed_206","trained","all_domains_125_samples",125,"temp_06","zero_shot","unstructured","answer_first","json","test_set_2",0.37,0.63,0.32,2,8,100,37,0.38,61,32,0.5,0.27,0.5,0.2,0.27,0.36,0.15,60,5,3
"llama2","seed_989","trained","all_domains_75_samples",75,"temp_025","few_shot","structured","answer_first","json","test_set_1",0.38,0.62,0.36,0,6,99,38,0.38,62,36,0.29,0.43,0.38,0.2,0.5,0.31,0.44,57,2,4
"llama3","seed_206","trained","all_domains_75_samples",75,"temp_025","few_shot","structured","answer_first","json","test_set_2",0.59,0.41,0.52,0,10,100,59,0.59,41,52,0.5,0.33,0.57,0.47,0.47,0.71,0.62,38,7,3
"llama2","seed_989","trained","all_domains_75_samples",75,"temp_025","few_shot","structured","fact_first","json","test_set_1",0.34,0.66,0.33,12,11,99,34,0.39,54,33,0.14,0.36,0.46,0.27,0.5,0.31,0.31,55,1,10
"llama3","seed_206","trained","all_domains_125_samples",125,"temp_025","zero_shot","structured","answer_first","json","test_set_2",0.61,0.39,0.58,0,6,100,61,0.61,39,58,0.5,0.53,0.64,0.47,0.47,0.79,0.69,36,3,3
"llama2","seed_989","trained","all_domains_125_samples",125,"temp_025","zero_shot","structured","answer_first","json","test_set_1",0.41,0.59,0.38,0,5,99,41,0.41,59,38,0.36,0.5,0.54,0.13,0.43,0.38,0.38,56,3,2
"llama3","seed_206","trained","all_domains_75_samples",75,"temp_06","few_shot","unstructured","fact_first","json","test_set_2",0.54,0.46,0.51,4,6,100,54,0.56,42,51,0.64,0.4,0.5,0.4,0.47,0.64,0.54,43,3,3
"llama2","seed_989","trained","all_domains_75_samples",75,"greedy","few_shot","unstructured","answer_first","json","test_set_2",0.4,0.6,0.35,0,7,100,40,0.4,60,35,0.43,0.53,0.5,0.27,0.13,0.29,0.31,58,5,2
"llama3","seed_989","trained","all_domains_125_samples",125,"greedy","zero_shot","unstructured","answer_first","json","test_set_2",0.49,0.51,0.45,0,6,100,49,0.49,51,45,0.21,0.27,0.5,0.47,0.53,0.57,0.62,49,4,2
"llama2","seed_989","trained","all_domains_125_samples",125,"greedy","zero_shot","unstructured","answer_first","json","test_set_2",0.4,0.6,0.35,2,8,100,40,0.41,58,35,0.5,0.33,0.5,0.2,0.27,0.43,0.23,57,5,3
"llama2","seed_989","trained","all_domains_75_samples",75,"greedy","few_shot","unstructured","fact_first","json","test_set_2",0.28,0.72,0.26,5,7,100,28,0.29,67,26,0.21,0.33,0.36,0.33,0.2,0.21,0.15,67,2,5
"llama3","seed_206","trained","all_domains_75_samples",75,"temp_06","few_shot","structured","fact_first","json","test_set_2",0.56,0.44,0.52,1,7,100,56,0.57,43,52,0.5,0.33,0.71,0.47,0.53,0.57,0.54,41,4,3
"llama3","seed_989","trained","all_domains_75_samples",75,"greedy","few_shot","unstructured","answer_first","json","test_set_2",0.54,0.46,0.5,0,5,100,54,0.54,46,50,0.57,0.33,0.64,0.6,0.4,0.5,0.46,45,4,1
"llama3","seed_206","trained","all_domains_75_samples",75,"temp_06","few_shot","structured","answer_first","json","test_set_2",0.57,0.43,0.5,0,11,100,57,0.57,43,50,0.5,0.33,0.57,0.47,0.47,0.71,0.46,39,7,4
"llama3","seed_206","trained","all_domains_125_samples",125,"temp_06","zero_shot","structured","answer_first","json","test_set_2",0.61,0.39,0.58,0,6,100,61,0.61,39,58,0.5,0.53,0.64,0.47,0.47,0.79,0.69,36,3,3
"llama2","seed_989","trained","all_domains_20_samples",20,"temp_06","few_shot","structured","fact_first","json","test_set_2",0.26,0.74,0.2,41,19,100,26,0.44,33,20,0.43,0.2,0.14,0.2,0.13,0.07,0.23,61,6,13
"llama2","seed_989","trained","all_domains_125_samples",125,"temp_06","zero_shot","structured","answer_first","json","test_set_1",0.43,0.57,0.4,0,5,99,43,0.43,57,40,0.43,0.43,0.54,0.13,0.43,0.38,0.5,54,3,2
"llama2","seed_989","trained","all_domains_125_samples",125,"temp_025","zero_shot","unstructured","answer_first","json","test_set_2",0.38,0.62,0.33,2,8,100,38,0.39,60,33,0.5,0.33,0.5,0.2,0.2,0.43,0.15,59,5,3
"llama3","seed_989","trained","all_domains_75_samples",75,"greedy","few_shot","unstructured","fact_first","json","test_set_2",0.47,0.53,0.45,3,7,100,47,0.48,50,45,0.5,0.27,0.5,0.47,0.4,0.57,0.46,48,2,5
"llama3","seed_989","trained","all_domains_125_samples",125,"temp_025","zero_shot","unstructured","answer_first","json","test_set_2",0.49,0.51,0.45,0,6,100,49,0.49,51,45,0.21,0.27,0.5,0.47,0.53,0.57,0.62,49,4,2
"llama3","seed_989","trained","all_domains_75_samples",75,"greedy","few_shot","structured","fact_first","json","test_set_2",0.51,0.49,0.47,0,7,100,51,0.51,49,47,0.5,0.27,0.5,0.47,0.33,0.64,0.62,46,4,3
"llama2","seed_989","trained","all_domains_75_samples",75,"temp_025","few_shot","unstructured","fact_first","json","test_set_2",0.28,0.72,0.25,6,7,100,28,0.3,66,25,0.14,0.27,0.43,0.27,0.2,0.29,0.15,68,3,4
"llama2","seed_989","trained","all_domains_75_samples",75,"temp_025","few_shot","unstructured","answer_first","json","test_set_2",0.41,0.59,0.36,0,7,100,41,0.41,59,36,0.43,0.53,0.5,0.33,0.13,0.29,0.31,57,5,2
"llama3","seed_989","trained","all_domains_75_samples",75,"temp_025","few_shot","unstructured","answer_first","json","test_set_2",0.53,0.47,0.49,0,5,100,53,0.53,47,49,0.57,0.33,0.57,0.6,0.4,0.5,0.46,46,4,1
"llama3","seed_989","trained","all_domains_75_samples",75,"greedy","few_shot","structured","answer_first","json","test_set_2",0.57,0.43,0.51,0,10,100,57,0.57,43,51,0.57,0.33,0.57,0.47,0.47,0.71,0.46,39,6,4
"llama2","seed_989","trained","all_domains_75_samples",75,"temp_06","few_shot","structured","answer_first","json","test_set_1",0.42,0.58,0.4,0,7,99,42,0.42,58,40,0.36,0.43,0.46,0.2,0.57,0.31,0.5,52,2,5
"llama2","seed_989","trained","all_domains_75_samples",75,"temp_06","few_shot","structured","fact_first","json","test_set_1",0.25,0.75,0.24,17,8,99,25,0.3,58,24,0.07,0.29,0.31,0.27,0.21,0.31,0.25,67,1,7
"llama3","seed_989","trained","all_domains_125_samples",125,"greedy","zero_shot","structured","answer_first","json","test_set_2",0.61,0.39,0.58,0,6,100,61,0.61,39,58,0.5,0.53,0.64,0.47,0.47,0.79,0.69,36,3,3
"llama2","seed_206","trained","all_domains_125_samples",125,"greedy","few_shot","unstructured","answer_first","json","test_set_1",0.43,0.57,0.39,0,7,99,43,0.43,57,39,0.29,0.43,0.46,0.33,0.5,0.46,0.31,53,4,3
"llama2","seed_206","trained","all_domains_125_samples",125,"greedy","zero_shot","structured","answer_first","json","test_set_2",0.4,0.6,0.38,0,6,100,40,0.4,60,38,0.43,0.33,0.57,0.47,0.2,0.36,0.31,56,2,4
"llama2","seed_989","trained","all_domains_125_samples",125,"temp_06","zero_shot","unstructured","answer_first","json","test_set_2",0.38,0.62,0.33,2,8,100,38,0.39,60,33,0.5,0.33,0.5,0.2,0.2,0.36,0.23,59,5,3
"llama3","seed_989","trained","all_domains_125_samples",125,"temp_06","zero_shot","unstructured","answer_first","json","test_set_2",0.45,0.55,0.4,0,7,100,45,0.45,55,40,0.14,0.13,0.5,0.47,0.47,0.57,0.54,53,5,2
"llama3","seed_989","trained","all_domains_75_samples",75,"temp_025","few_shot","unstructured","fact_first","json","test_set_2",0.48,0.52,0.45,3,7,100,48,0.49,49,45,0.43,0.27,0.5,0.47,0.47,0.57,0.46,48,3,4
"llama3","seed_989","trained","all_domains_75_samples",75,"temp_025","few_shot","structured","fact_first","json","test_set_2",0.57,0.43,0.5,0,8,100,57,0.57,43,50,0.57,0.27,0.57,0.47,0.4,0.71,0.54,42,7,1
"llama2","seed_206","trained","all_domains_125_samples",125,"greedy","few_shot","structured","answer_first","json","test_set_1",0.42,0.58,0.4,0,5,99,42,0.42,58,40,0.36,0.5,0.31,0.33,0.64,0.38,0.31,54,2,3
"llama2","seed_989","trained","all_domains_75_samples",75,"temp_06","few_shot","unstructured","fact_first","json","test_set_2",0.26,0.74,0.24,7,8,100,26,0.28,67,24,0.14,0.33,0.36,0.27,0.13,0.21,0.23,68,2,6
"llama2","seed_989","trained","all_domains_75_samples",75,"temp_06","few_shot","unstructured","answer_first","json","test_set_2",0.44,0.56,0.37,0,7,100,44,0.44,56,37,0.43,0.53,0.43,0.33,0.2,0.36,0.31,56,7,0
"llama3","seed_989","trained","all_domains_125_samples",125,"temp_025","zero_shot","structured","answer_first","json","test_set_2",0.61,0.39,0.58,0,6,100,61,0.61,39,58,0.5,0.53,0.64,0.47,0.47,0.79,0.69,36,3,3
"llama3","seed_989","trained","all_domains_75_samples",75,"temp_025","few_shot","structured","answer_first","json","test_set_2",0.57,0.43,0.51,0,10,100,57,0.57,43,51,0.57,0.33,0.57,0.47,0.47,0.71,0.46,39,6,4
"llama3","seed_989","trained","all_domains_75_samples",75,"temp_06","few_shot","unstructured","answer_first","json","test_set_2",0.52,0.48,0.48,0,5,100,52,0.52,48,48,0.5,0.33,0.57,0.6,0.4,0.5,0.46,47,4,1
"llama2","seed_206","trained","all_domains_125_samples",125,"temp_025","few_shot","unstructured","answer_first","json","test_set_1",0.41,0.59,0.37,0,7,99,41,0.41,59,37,0.29,0.43,0.46,0.27,0.5,0.38,0.31,55,4,3
"llama2","seed_206","trained","all_domains_125_samples",125,"temp_025","zero_shot","structured","answer_first","json","test_set_2",0.41,0.59,0.39,0,6,100,41,0.41,59,39,0.5,0.33,0.57,0.47,0.2,0.43,0.23,55,2,4
"llama3","seed_989","trained","all_domains_75_samples",75,"temp_06","few_shot","unstructured","fact_first","json","test_set_2",0.46,0.54,0.42,4,7,100,46,0.48,50,42,0.5,0.4,0.29,0.33,0.33,0.57,0.54,51,4,3
"llama3","seed_989","trained","all_domains_75_samples",75,"temp_06","few_shot","structured","fact_first","json","test_set_2",0.53,0.47,0.48,0,7,100,53,0.53,47,48,0.71,0.4,0.43,0.47,0.4,0.43,0.54,45,5,2
"llama3","seed_989","trained","all_domains_125_samples",125,"temp_06","zero_shot","structured","answer_first","json","test_set_2",0.61,0.39,0.58,0,6,100,61,0.61,39,58,0.5,0.53,0.64,0.47,0.47,0.79,0.69,36,3,3
"llama3","seed_989","trained","all_domains_75_samples",75,"temp_06","few_shot","structured","answer_first","json","test_set_2",0.58,0.42,0.53,0,10,100,58,0.58,42,53,0.64,0.33,0.64,0.47,0.47,0.71,0.46,37,5,5
"llama2","seed_206","trained","all_domains_75_samples",75,"greedy","few_shot","structured","answer_first","json","test_set_2",0.35,0.65,0.33,0,11,100,35,0.35,65,33,0.43,0.47,0.5,0.33,0.13,0.36,0.08,56,2,9
"llama3","seed_206","trained","all_domains_125_samples",125,"greedy","few_shot","unstructured","answer_first","json","test_set_1",0.47,0.53,0.46,0,3,99,47,0.47,53,46,0.57,0.29,0.38,0.4,0.5,0.69,0.44,50,1,2
"llama2","seed_206","trained","all_domains_75_samples",75,"greedy","few_shot","structured","fact_first","json","test_set_2",0.24,0.76,0.2,9,14,100,24,0.26,67,20,0.14,0.4,0.14,0.33,0.2,0,0.15,66,4,10
"llama2","seed_206","trained","all_domains_125_samples",125,"temp_06","few_shot","unstructured","answer_first","json","test_set_1",0.42,0.58,0.4,0,5,99,42,0.42,58,40,0.29,0.5,0.46,0.4,0.5,0.46,0.25,54,2,3
"llama2","seed_206","trained","all_domains_125_samples",125,"greedy","few_shot","unstructured","fact_first","json","test_set_1",0.25,0.75,0.25,11,5,99,25,0.28,64,25,0.14,0.5,0.46,0.2,0.14,0.31,0.06,69,0,5
"llama2","seed_206","trained","all_domains_125_samples",125,"greedy","few_shot","structured","fact_first","json","test_set_1",0.35,0.65,0.33,12,7,99,35,0.4,53,33,0.14,0.36,0.38,0.33,0.5,0.31,0.31,59,2,5
"llama2","seed_206","trained","all_domains_125_samples",125,"temp_06","zero_shot","structured","answer_first","json","test_set_2",0.4,0.6,0.38,0,5,100,40,0.4,60,38,0.43,0.33,0.5,0.47,0.2,0.36,0.38,57,2,3
"llama2","seed_206","trained","all_domains_125_samples",125,"temp_025","few_shot","structured","answer_first","json","test_set_1",0.41,0.59,0.38,0,5,99,41,0.41,59,38,0.36,0.5,0.31,0.27,0.64,0.31,0.31,56,3,2
"llama3","seed_206","trained","all_domains_125_samples",125,"temp_025","few_shot","unstructured","answer_first","json","test_set_1",0.46,0.54,0.45,0,3,99,46,0.46,54,45,0.57,0.29,0.38,0.4,0.5,0.62,0.44,51,1,2
"llama2","seed_989","trained","all_domains_125_samples",125,"greedy","few_shot","unstructured","answer_first","json","test_set_1",0.43,0.57,0.39,0,7,99,43,0.43,57,39,0.29,0.43,0.46,0.33,0.5,0.46,0.31,53,4,3
"llama2","seed_206","trained","all_domains_125_samples",125,"greedy","zero_shot","structured","fact_first","json","test_set_1",0.37,0.63,0.35,1,6,99,37,0.37,62,35,0.43,0.36,0.54,0.33,0.29,0.38,0.19,58,2,4
"llama2","seed_206","trained","all_domains_125_samples",125,"temp_025","few_shot","unstructured","fact_first","json","test_set_1",0.28,0.72,0.28,13,5,99,28,0.32,59,28,0.29,0.5,0.38,0.13,0.21,0.46,0.06,66,0,5
"llama3","seed_206","trained","all_domains_125_samples",125,"greedy","few_shot","unstructured","fact_first","json","test_set_1",0.4,0.6,0.39,3,4,99,40,0.41,57,39,0.5,0.29,0.38,0.4,0.5,0.46,0.25,56,1,3
"llama2","seed_989","trained","all_domains_125_samples",125,"greedy","zero_shot","structured","answer_first","json","test_set_2",0.4,0.6,0.38,0,6,100,40,0.4,60,38,0.43,0.33,0.57,0.47,0.2,0.36,0.31,56,2,4
"llama2","seed_206","trained","all_domains_75_samples",75,"temp_025","few_shot","structured","answer_first","json","test_set_2",0.33,0.67,0.31,0,11,100,33,0.33,67,31,0.43,0.47,0.5,0.27,0.07,0.36,0.08,58,2,9
"llama2","seed_206","trained","all_domains_75_samples",75,"temp_025","few_shot","structured","fact_first","json","test_set_2",0.23,0.77,0.18,11,15,100,23,0.26,66,18,0.21,0.2,0.07,0.47,0.07,0.07,0.15,67,5,10
"llama3","seed_206","trained","all_domains_125_samples",125,"temp_06","few_shot","unstructured","answer_first","json","test_set_1",0.45,0.55,0.44,0,3,99,45,0.45,55,44,0.57,0.29,0.31,0.53,0.43,0.62,0.38,52,1,2
"llama2","seed_206","trained","all_domains_125_samples",125,"temp_025","zero_shot","structured","fact_first","json","test_set_1",0.4,0.6,0.39,1,4,99,40,0.4,59,39,0.5,0.36,0.46,0.33,0.5,0.38,0.25,56,1,3
"llama2","seed_989","trained","all_domains_125_samples",125,"temp_025","few_shot","unstructured","answer_first","json","test_set_1",0.43,0.57,0.4,0,6,99,43,0.43,57,40,0.29,0.43,0.46,0.33,0.5,0.46,0.38,53,3,3
"llama3","seed_206","trained","all_domains_125_samples",125,"temp_025","few_shot","unstructured","fact_first","json","test_set_1",0.4,0.6,0.39,5,4,99,40,0.42,55,39,0.57,0.29,0.31,0.47,0.5,0.38,0.25,56,1,3
"llama3","seed_206","trained","all_domains_125_samples",125,"greedy","few_shot","structured","answer_first","json","test_set_1",0.54,0.46,0.52,0,4,99,53,0.53,47,51,0.57,0.43,0.69,0.6,0.57,0.38,0.38,44,2,2
"llama2","seed_206","trained","all_domains_125_samples",125,"temp_025","few_shot","structured","fact_first","json","test_set_1",0.29,0.71,0.27,14,7,99,29,0.34,57,27,0.14,0.43,0.31,0.2,0.36,0.31,0.19,65,2,5
"llama2","seed_206","trained","all_domains_125_samples",125,"temp_06","few_shot","unstructured","fact_first","json","test_set_1",0.27,0.73,0.26,9,7,99,27,0.3,64,26,0.14,0.43,0.31,0.2,0.29,0.46,0.06,66,1,6
"llama2","seed_989","trained","all_domains_125_samples",125,"temp_025","zero_shot","structured","answer_first","json","test_set_2",0.4,0.6,0.37,0,6,100,40,0.4,60,37,0.43,0.33,0.57,0.4,0.2,0.36,0.31,57,3,3
"llama3","seed_206","trained","all_domains_125_samples",125,"greedy","few_shot","structured","fact_first","json","test_set_1",0.46,0.54,0.44,0,6,99,46,0.46,54,44,0.57,0.5,0.62,0.33,0.36,0.46,0.31,49,2,4
"llama2","seed_206","trained","all_domains_125_samples",125,"temp_06","few_shot","structured","answer_first","json","test_set_1",0.39,0.61,0.35,0,6,99,39,0.39,61,35,0.29,0.5,0.31,0.2,0.64,0.31,0.25,58,4,2
"llama3","seed_989","trained","all_domains_125_samples",125,"greedy","few_shot","unstructured","answer_first","json","test_set_1",0.47,0.53,0.46,0,3,99,47,0.47,53,46,0.57,0.29,0.38,0.4,0.5,0.69,0.44,50,1,2
"llama2","seed_989","trained","all_domains_125_samples",125,"temp_06","few_shot","unstructured","answer_first","json","test_set_1",0.41,0.59,0.38,0,7,99,41,0.41,59,38,0.29,0.43,0.46,0.33,0.5,0.38,0.31,54,3,4
"llama2","seed_206","trained","all_domains_125_samples",125,"temp_06","zero_shot","structured","fact_first","json","test_set_1",0.4,0.6,0.38,0,4,99,40,0.4,60,38,0.36,0.43,0.46,0.27,0.5,0.38,0.31,57,2,2
"llama3","seed_206","trained","all_domains_125_samples",125,"temp_025","few_shot","structured","answer_first","json","test_set_1",0.54,0.46,0.52,0,5,99,53,0.53,47,51,0.57,0.43,0.69,0.6,0.57,0.38,0.38,43,2,3
"llama3","seed_206","trained","all_domains_125_samples",125,"temp_06","few_shot","unstructured","fact_first","json","test_set_1",0.43,0.57,0.42,2,3,99,43,0.44,55,42,0.5,0.36,0.31,0.4,0.57,0.46,0.38,54,1,2
"llama2","seed_989","trained","all_domains_125_samples",125,"temp_06","zero_shot","structured","answer_first","json","test_set_2",0.39,0.61,0.36,0,6,100,39,0.39,61,36,0.43,0.27,0.57,0.47,0.27,0.29,0.23,58,3,3
"llama2","seed_989","trained","all_domains_125_samples",125,"greedy","few_shot","unstructured","fact_first","json","test_set_1",0.25,0.75,0.25,11,5,99,25,0.28,64,25,0.14,0.5,0.46,0.2,0.14,0.31,0.06,69,0,5
"llama3","seed_206","trained","all_domains_125_samples",125,"temp_025","few_shot","structured","fact_first","json","test_set_1",0.54,0.46,0.51,0,6,99,53,0.53,47,50,0.64,0.29,0.85,0.4,0.5,0.46,0.44,43,3,3
"llama2","seed_206","trained","all_domains_75_samples",75,"temp_06","few_shot","structured","fact_first","json","test_set_2",0.26,0.74,0.2,16,16,100,26,0.31,58,20,0.21,0.33,0.07,0.2,0.27,0.14,0.15,64,6,10
"llama2","seed_989","trained","all_domains_125_samples",125,"greedy","zero_shot","structured","fact_first","json","test_set_1",0.37,0.63,0.35,1,6,99,37,0.37,62,35,0.43,0.36,0.54,0.33,0.29,0.38,0.19,58,2,4
"llama2","seed_206","trained","all_domains_75_samples",75,"temp_06","few_shot","structured","answer_first","json","test_set_2",0.29,0.71,0.26,0,12,100,29,0.29,71,26,0.36,0.47,0.36,0.27,0,0.29,0.08,62,3,9
"llama3","seed_989","trained","all_domains_125_samples",125,"temp_025","few_shot","unstructured","answer_first","json","test_set_1",0.47,0.53,0.46,0,3,99,47,0.47,53,46,0.57,0.29,0.38,0.4,0.5,0.69,0.44,50,1,2
"llama2","seed_206","trained","all_domains_125_samples",125,"greedy","few_shot","unstructured","answer_first","json","test_set_2",0.33,0.67,0.3,0,6,100,33,0.33,67,30,0.43,0.4,0.43,0.2,0.07,0.36,0.23,64,3,3
"llama3","seed_206","trained","all_domains_125_samples",125,"temp_06","few_shot","structured","answer_first","json","test_set_1",0.54,0.46,0.52,0,5,99,53,0.53,47,51,0.57,0.43,0.69,0.6,0.57,0.38,0.38,43,2,3
"llama3","seed_989","trained","all_domains_125_samples",125,"greedy","few_shot","unstructured","fact_first","json","test_set_1",0.4,0.6,0.39,3,4,99,40,0.41,57,39,0.5,0.29,0.38,0.4,0.5,0.46,0.25,56,1,3
"llama2","seed_206","trained","all_domains_125_samples",125,"temp_06","few_shot","structured","fact_first","json","test_set_1",0.35,0.65,0.31,11,6,99,35,0.39,54,31,0.14,0.36,0.46,0.27,0.43,0.31,0.25,62,4,2
"llama2","seed_989","trained","all_domains_125_samples",125,"temp_025","few_shot","unstructured","fact_first","json","test_set_1",0.33,0.67,0.31,7,6,99,33,0.35,60,31,0.21,0.5,0.38,0.27,0.29,0.46,0.13,62,2,4
"llama3","seed_206","trained","all_domains_125_samples",125,"temp_06","few_shot","structured","fact_first","json","test_set_1",0.43,0.57,0.42,0,5,99,43,0.43,57,42,0.43,0.5,0.69,0.4,0.29,0.38,0.31,52,1,4
"llama2","seed_989","trained","all_domains_125_samples",125,"greedy","few_shot","structured","answer_first","json","test_set_1",0.42,0.58,0.4,0,5,99,42,0.42,58,40,0.36,0.5,0.31,0.33,0.64,0.38,0.31,54,2,3
"llama2","seed_989","trained","all_domains_125_samples",125,"temp_025","zero_shot","structured","fact_first","json","test_set_1",0.36,0.64,0.35,0,5,99,36,0.36,64,35,0.29,0.43,0.46,0.4,0.5,0.31,0.13,59,1,4
"llama2","seed_206","trained","all_domains_125_samples",125,"temp_025","few_shot","unstructured","answer_first","json","test_set_2",0.34,0.66,0.31,0,6,100,34,0.34,66,31,0.43,0.4,0.43,0.2,0.07,0.43,0.23,63,3,3
"llama3","seed_989","trained","all_domains_125_samples",125,"temp_06","few_shot","unstructured","answer_first","json","test_set_1",0.45,0.55,0.44,0,3,99,45,0.45,55,44,0.57,0.36,0.38,0.4,0.43,0.54,0.44,52,1,2
"llama3","seed_989","trained","all_domains_125_samples",125,"greedy","few_shot","structured","answer_first","json","test_set_1",0.54,0.46,0.52,0,4,99,53,0.53,47,51,0.57,0.43,0.69,0.6,0.57,0.38,0.38,44,2,2
"llama3","seed_989","trained","all_domains_125_samples",125,"temp_025","few_shot","unstructured","fact_first","json","test_set_1",0.43,0.57,0.42,2,5,99,43,0.44,55,42,0.71,0.29,0.38,0.47,0.36,0.46,0.31,52,1,4
"llama2","seed_989","trained","all_domains_125_samples",125,"temp_06","few_shot","unstructured","fact_first","json","test_set_1",0.29,0.71,0.28,12,5,99,29,0.33,59,28,0.07,0.5,0.46,0.2,0.36,0.31,0.13,66,1,4
"llama3","seed_989","trained","all_domains_125_samples",125,"greedy","few_shot","structured","fact_first","json","test_set_1",0.46,0.54,0.44,0,6,99,46,0.46,54,44,0.57,0.5,0.62,0.33,0.36,0.46,0.31,49,2,4
"llama2","seed_989","trained","all_domains_125_samples",125,"temp_06","zero_shot","structured","fact_first","json","test_set_1",0.43,0.57,0.41,2,6,99,43,0.44,55,41,0.5,0.43,0.62,0.2,0.43,0.54,0.25,52,2,4
"llama2","seed_989","trained","all_domains_75_samples",75,"greedy","few_shot","structured","answer_first","json","test_set_2",0.35,0.65,0.33,0,11,100,35,0.35,65,33,0.43,0.47,0.5,0.33,0.13,0.36,0.08,56,2,9
"llama2","seed_989","trained","all_domains_75_samples",75,"greedy","few_shot","structured","fact_first","json","test_set_2",0.24,0.76,0.2,9,14,100,24,0.26,67,20,0.14,0.4,0.14,0.33,0.2,0,0.15,66,4,10
"llama2","seed_206","trained","all_domains_125_samples",125,"temp_06","few_shot","unstructured","answer_first","json","test_set_2",0.36,0.64,0.33,0,5,100,36,0.36,64,33,0.5,0.4,0.5,0.2,0.07,0.36,0.31,62,3,2
"llama3","seed_206","trained","all_domains_125_samples",125,"greedy","few_shot","unstructured","answer_first","json","test_set_2",0.5,0.5,0.47,0,5,100,50,0.5,50,47,0.36,0.33,0.57,0.53,0.33,0.64,0.54,48,3,2
"llama3","seed_989","trained","all_domains_125_samples",125,"temp_025","few_shot","structured","answer_first","json","test_set_1",0.55,0.45,0.53,0,4,99,54,0.54,46,52,0.57,0.43,0.69,0.67,0.57,0.38,0.38,43,2,2
"llama2","seed_989","trained","all_domains_125_samples",125,"greedy","few_shot","structured","fact_first","json","test_set_1",0.35,0.65,0.33,12,7,99,35,0.4,53,33,0.14,0.36,0.38,0.33,0.5,0.31,0.31,59,2,5
"llama3","seed_989","trained","all_domains_125_samples",125,"temp_06","few_shot","unstructured","fact_first","json","test_set_1",0.46,0.54,0.44,1,6,99,46,0.46,53,44,0.5,0.36,0.54,0.33,0.43,0.46,0.5,49,2,4
"llama3","seed_206","trained","all_domains_125_samples",125,"greedy","zero_shot","unstructured","fact_first","json","test_set_1",0.42,0.58,0.42,4,3,99,42,0.44,54,42,0.57,0.36,0.38,0.33,0.36,0.69,0.31,54,0,3
"llama2","seed_206","trained","all_domains_125_samples",125,"greedy","zero_shot","unstructured","fact_first","json","test_set_1",0.28,0.72,0.27,8,6,99,28,0.3,64,27,0.14,0.57,0.31,0.2,0.36,0.31,0.06,66,1,5
"llama3","seed_989","trained","all_domains_125_samples",125,"temp_025","few_shot","structured","fact_first","json","test_set_1",0.47,0.53,0.45,0,7,99,47,0.47,53,45,0.43,0.5,0.85,0.4,0.29,0.38,0.38,47,2,5
"llama2","seed_206","trained","all_domains_125_samples",125,"greedy","few_shot","unstructured","fact_first","json","test_set_2",0.26,0.74,0.25,7,4,100,26,0.28,67,25,0.14,0.33,0.36,0.27,0.27,0.21,0.15,71,1,3
"llama2","seed_989","trained","all_domains_125_samples",125,"temp_025","few_shot","structured","answer_first","json","test_set_1",0.43,0.57,0.41,0,5,99,43,0.43,57,41,0.36,0.5,0.31,0.33,0.71,0.38,0.31,53,2,3
"llama2","seed_206","trained","all_domains_125_samples",125,"greedy","zero_shot","structured","fact_first","json","test_set_2",0.37,0.63,0.35,0,5,100,37,0.37,63,35,0.43,0.27,0.43,0.4,0.53,0.14,0.23,60,2,3
"llama3","seed_206","trained","all_domains_125_samples",125,"temp_025","few_shot","unstructured","answer_first","json","test_set_2",0.51,0.49,0.48,0,5,100,51,0.51,49,48,0.36,0.4,0.57,0.53,0.33,0.64,0.54,47,3,2
"llama2","seed_989","trained","all_domains_125_samples",125,"greedy","few_shot","unstructured","answer_first","json","test_set_2",0.33,0.67,0.3,0,6,100,33,0.33,67,30,0.43,0.4,0.43,0.2,0.07,0.36,0.23,64,3,3
"llama3","seed_989","trained","all_domains_125_samples",125,"temp_06","few_shot","structured","answer_first","json","test_set_1",0.55,0.45,0.53,0,4,99,54,0.54,46,52,0.57,0.43,0.62,0.73,0.57,0.38,0.38,43,2,2
"llama2","seed_206","trained","all_domains_125_samples",125,"temp_025","zero_shot","unstructured","fact_first","json","test_set_1",0.34,0.66,0.33,2,5,99,34,0.35,64,33,0.14,0.57,0.31,0.33,0.57,0.31,0.13,61,1,4
"llama3","seed_206","trained","all_domains_125_samples",125,"greedy","few_shot","unstructured","fact_first","json","test_set_2",0.44,0.56,0.41,2,5,100,44,0.45,54,41,0.43,0.27,0.43,0.4,0.53,0.43,0.38,54,3,2
"llama3","seed_206","trained","all_domains_125_samples",125,"temp_025","zero_shot","unstructured","fact_first","json","test_set_1",0.41,0.59,0.41,3,3,99,41,0.42,56,41,0.64,0.36,0.54,0.33,0.21,0.62,0.25,55,0,3
"llama3","seed_989","trained","all_domains_125_samples",125,"temp_06","few_shot","structured","fact_first","json","test_set_1",0.42,0.58,0.4,1,6,99,42,0.42,57,40,0.5,0.36,0.54,0.47,0.29,0.46,0.25,53,2,4
"llama2","seed_206","trained","all_domains_125_samples",125,"temp_025","few_shot","unstructured","fact_first","json","test_set_2",0.24,0.76,0.22,11,4,100,24,0.27,65,22,0.14,0.27,0.43,0.2,0.13,0.21,0.15,74,2,2
"llama2","seed_206","trained","all_domains_125_samples",125,"temp_025","zero_shot","structured","fact_first","json","test_set_2",0.37,0.63,0.36,0,5,100,37,0.37,63,36,0.29,0.33,0.71,0.4,0.47,0,0.31,59,1,4
"llama3","seed_206","trained","all_domains_125_samples",125,"greedy","zero_shot","structured","fact_first","json","test_set_1",0.53,0.47,0.49,2,4,99,52,0.53,46,49,0.64,0.29,0.69,0.53,0.43,0.69,0.25,46,3,1
"llama2","seed_989","trained","all_domains_75_samples",75,"temp_025","few_shot","structured","answer_first","json","test_set_2",0.33,0.67,0.31,0,12,100,33,0.33,67,31,0.43,0.47,0.5,0.33,0.07,0.29,0.08,57,2,10
"llama2","seed_989","trained","all_domains_75_samples",75,"temp_025","few_shot","structured","fact_first","json","test_set_2",0.22,0.78,0.17,9,14,100,22,0.24,69,17,0.29,0.27,0.07,0.2,0.13,0.07,0.15,69,5,9
"llama2","seed_989","trained","all_domains_125_samples",125,"temp_025","few_shot","unstructured","answer_first","json","test_set_2",0.34,0.66,0.31,0,6,100,34,0.34,66,31,0.43,0.4,0.43,0.2,0.07,0.43,0.23,63,3,3
"llama2","seed_206","trained","all_domains_125_samples",125,"temp_06","zero_shot","unstructured","fact_first","json","test_set_1",0.34,0.66,0.33,4,4,99,34,0.35,62,33,0.29,0.57,0.23,0.27,0.57,0.31,0.13,62,1,3
"llama3","seed_206","trained","all_domains_125_samples",125,"temp_06","few_shot","unstructured","answer_first","json","test_set_2",0.53,0.47,0.49,0,6,100,53,0.53,47,49,0.43,0.4,0.5,0.53,0.4,0.64,0.54,45,4,2
"llama3","seed_206","trained","all_domains_125_samples",125,"greedy","few_shot","structured","answer_first","json","test_set_2",0.56,0.44,0.55,0,4,100,56,0.56,44,55,0.43,0.4,0.79,0.53,0.47,0.71,0.54,41,1,3
"llama3","seed_206","trained","all_domains_125_samples",125,"temp_06","zero_shot","unstructured","fact_first","json","test_set_1",0.43,0.57,0.42,2,4,99,43,0.44,55,42,0.64,0.36,0.54,0.33,0.36,0.54,0.25,53,1,3
"llama2","seed_989","trained","all_domains_125_samples",125,"temp_025","few_shot","structured","fact_first","json","test_set_1",0.33,0.67,0.32,14,7,99,33,0.38,53,32,0.29,0.43,0.38,0.27,0.36,0.31,0.25,60,1,6
"llama3","seed_206","trained","all_domains_125_samples",125,"temp_025","few_shot","unstructured","fact_first","json","test_set_2",0.45,0.55,0.41,2,5,100,45,0.46,53,41,0.29,0.33,0.36,0.53,0.53,0.43,0.38,54,4,1
"llama3","seed_206","trained","all_domains_125_samples",125,"greedy","few_shot","structured","fact_first","json","test_set_2",0.56,0.44,0.53,1,5,100,56,0.57,43,53,0.5,0.47,0.64,0.47,0.4,0.64,0.62,42,3,2
"llama2","seed_989","trained","all_domains_125_samples",125,"temp_06","few_shot","structured","answer_first","json","test_set_1",0.46,0.54,0.42,0,5,99,46,0.46,54,42,0.36,0.5,0.46,0.33,0.64,0.38,0.31,52,4,1
"llama2","seed_206","trained","all_domains_125_samples",125,"temp_06","zero_shot","structured","fact_first","json","test_set_2",0.43,0.57,0.39,1,5,100,43,0.43,56,39,0.5,0.6,0.21,0.33,0.4,0.07,0.62,56,4,1
"llama3","seed_206","trained","all_domains_125_samples",125,"temp_025","zero_shot","structured","fact_first","json","test_set_1",0.56,0.44,0.53,0,4,99,55,0.55,45,52,0.5,0.43,0.77,0.6,0.43,0.69,0.31,43,3,1
"llama2","seed_206","trained","all_domains_125_samples",125,"temp_06","few_shot","unstructured","fact_first","json","test_set_2",0.23,0.77,0.22,13,3,100,23,0.26,64,22,0.29,0.2,0.14,0.27,0.2,0.29,0.15,75,1,2
"llama2","seed_989","trained","all_domains_125_samples",125,"greedy","zero_shot","unstructured","fact_first","json","test_set_1",0.28,0.72,0.27,8,6,99,28,0.3,64,27,0.14,0.57,0.31,0.2,0.36,0.31,0.06,66,1,5
"llama2","seed_989","trained","all_domains_125_samples",125,"temp_06","few_shot","unstructured","answer_first","json","test_set_2",0.36,0.64,0.33,0,5,100,36,0.36,64,33,0.5,0.4,0.43,0.2,0.07,0.43,0.31,62,3,2
"llama3","seed_206","trained","all_domains_125_samples",125,"temp_025","few_shot","structured","answer_first","json","test_set_2",0.56,0.44,0.55,0,4,100,56,0.56,44,55,0.43,0.4,0.79,0.53,0.47,0.71,0.54,41,1,3
"llama3","seed_989","trained","all_domains_125_samples",125,"greedy","few_shot","unstructured","answer_first","json","test_set_2",0.5,0.5,0.47,0,5,100,50,0.5,50,47,0.36,0.33,0.57,0.53,0.33,0.64,0.54,48,3,2
"llama3","seed_989","trained","all_domains_125_samples",125,"greedy","zero_shot","unstructured","fact_first","json","test_set_1",0.42,0.58,0.42,4,3,99,42,0.44,54,42,0.57,0.36,0.38,0.33,0.36,0.69,0.31,54,0,3
"llama3","seed_206","trained","all_domains_125_samples",125,"temp_06","few_shot","unstructured","fact_first","json","test_set_2",0.49,0.51,0.45,2,6,100,49,0.5,49,45,0.36,0.27,0.43,0.4,0.53,0.57,0.62,49,4,2
"llama3","seed_206","trained","all_domains_125_samples",125,"temp_025","few_shot","structured","fact_first","json","test_set_2",0.62,0.38,0.61,2,3,100,62,0.63,36,61,0.79,0.53,0.71,0.53,0.47,0.71,0.54,36,1,2
"llama3","seed_206","trained","all_domains_125_samples",125,"temp_06","zero_shot","structured","fact_first","json","test_set_1",0.52,0.48,0.48,4,4,99,51,0.53,45,48,0.5,0.36,0.77,0.6,0.5,0.46,0.25,47,3,1
"llama2","seed_989","trained","all_domains_125_samples",125,"temp_025","zero_shot","unstructured","fact_first","json","test_set_1",0.32,0.68,0.3,3,6,99,32,0.33,65,30,0.21,0.57,0.23,0.27,0.29,0.38,0.19,63,2,4
"llama2","seed_989","trained","all_domains_125_samples",125,"greedy","zero_shot","structured","fact_first","json","test_set_2",0.37,0.63,0.35,0,5,100,37,0.37,63,35,0.43,0.27,0.43,0.4,0.53,0.14,0.23,60,2,3
"llama2","seed_989","trained","all_domains_75_samples",75,"temp_06","few_shot","structured","answer_first","json","test_set_2",0.32,0.68,0.3,0,11,100,32,0.32,68,30,0.36,0.47,0.5,0.33,0.07,0.29,0.08,59,2,9
"llama2","seed_989","trained","all_domains_75_samples",75,"temp_06","few_shot","structured","fact_first","json","test_set_2",0.26,0.74,0.21,18,14,100,26,0.32,56,21,0.29,0.27,0.29,0.07,0.27,0.14,0.15,65,5,9
"llama2","seed_989","trained","all_domains_125_samples",125,"greedy","few_shot","unstructured","fact_first","json","test_set_2",0.26,0.74,0.25,7,4,100,26,0.28,67,25,0.14,0.33,0.36,0.27,0.27,0.21,0.15,71,1,3
"llama3","seed_206","trained","all_domains_125_samples",125,"temp_06","few_shot","structured","answer_first","json","test_set_2",0.56,0.44,0.55,0,4,100,56,0.56,44,55,0.5,0.4,0.71,0.53,0.47,0.71,0.54,41,1,3
"llama3","seed_989","trained","all_domains_125_samples",125,"temp_025","zero_shot","unstructured","fact_first","json","test_set_1",0.41,0.59,0.41,5,3,99,41,0.43,54,41,0.57,0.36,0.38,0.4,0.36,0.54,0.31,55,0,3
"llama3","seed_989","trained","all_domains_125_samples",125,"temp_025","few_shot","unstructured","answer_first","json","test_set_2",0.51,0.49,0.48,0,5,100,51,0.51,49,48,0.36,0.4,0.5,0.53,0.33,0.64,0.62,47,3,2
"llama2","seed_989","trained","all_domains_125_samples",125,"temp_06","few_shot","structured","fact_first","json","test_set_1",0.29,0.71,0.27,13,7,99,29,0.33,58,27,0.07,0.36,0.38,0.2,0.36,0.46,0.13,65,2,5
"llama3","seed_989","trained","all_domains_125_samples",125,"greedy","few_shot","unstructured","fact_first","json","test_set_2",0.44,0.56,0.41,2,5,100,44,0.45,54,41,0.43,0.27,0.43,0.4,0.53,0.43,0.38,54,3,2
"llama3","seed_206","trained","all_domains_125_samples",125,"temp_06","few_shot","structured","fact_first","json","test_set_2",0.62,0.38,0.58,2,5,100,62,0.63,36,58,0.64,0.53,0.71,0.6,0.4,0.57,0.62,37,4,1
"llama3","seed_989","trained","all_domains_125_samples",125,"greedy","zero_shot","structured","fact_first","json","test_set_1",0.53,0.47,0.49,2,4,99,52,0.53,46,49,0.64,0.29,0.69,0.53,0.43,0.69,0.25,46,3,1
"llama2","seed_989","trained","all_domains_125_samples",125,"temp_06","zero_shot","unstructured","fact_first","json","test_set_1",0.32,0.68,0.31,3,5,99,32,0.33,65,31,0.21,0.57,0.31,0.27,0.43,0.23,0.19,63,1,4
"llama2","seed_206","trained","all_domains_125_samples",125,"greedy","few_shot","structured","answer_first","json","test_set_2",0.31,0.69,0.27,0,7,100,31,0.31,69,27,0.36,0.33,0.36,0.33,0.07,0.29,0.15,66,4,3
"llama2","seed_989","trained","all_domains_125_samples",125,"temp_025","zero_shot","structured","fact_first","json","test_set_2",0.34,0.66,0.34,0,5,100,34,0.34,66,34,0.36,0.53,0.21,0.4,0.33,0.14,0.38,61,0,5
"llama3","seed_989","trained","all_domains_125_samples",125,"temp_06","zero_shot","unstructured","fact_first","json","test_set_1",0.43,0.57,0.43,3,3,99,43,0.44,54,43,0.5,0.36,0.46,0.47,0.29,0.54,0.44,53,0,3
"llama2","seed_989","trained","all_domains_125_samples",125,"temp_025","few_shot","unstructured","fact_first","json","test_set_2",0.26,0.74,0.26,6,5,100,26,0.28,68,26,0.14,0.27,0.43,0.33,0.2,0.29,0.15,69,0,5
"llama3","seed_989","trained","all_domains_125_samples",125,"greedy","few_shot","structured","answer_first","json","test_set_2",0.56,0.44,0.55,0,4,100,56,0.56,44,55,0.43,0.4,0.79,0.53,0.47,0.71,0.54,41,1,3
"llama3","seed_989","trained","all_domains_125_samples",125,"temp_06","few_shot","unstructured","answer_first","json","test_set_2",0.52,0.48,0.49,0,5,100,52,0.52,48,49,0.43,0.33,0.57,0.53,0.33,0.64,0.62,46,3,2
"llama3","seed_989","trained","all_domains_125_samples",125,"temp_025","zero_shot","structured","fact_first","json","test_set_1",0.54,0.46,0.51,4,4,99,53,0.55,43,50,0.57,0.36,0.77,0.53,0.5,0.62,0.25,45,3,1
"llama2","seed_206","trained","all_domains_125_samples",125,"greedy","zero_shot","unstructured","fact_first","json","test_set_2",0.29,0.71,0.27,4,4,100,29,0.3,67,27,0.36,0.27,0.43,0.27,0.4,0.07,0.08,69,2,2
"llama3","seed_989","trained","all_domains_125_samples",125,"temp_025","few_shot","unstructured","fact_first","json","test_set_2",0.41,0.59,0.38,4,5,100,41,0.43,55,38,0.29,0.2,0.5,0.47,0.4,0.43,0.38,57,3,2
"llama3","seed_989","trained","all_domains_125_samples",125,"greedy","few_shot","structured","fact_first","json","test_set_2",0.56,0.44,0.53,1,5,100,56,0.57,43,53,0.5,0.47,0.64,0.47,0.4,0.64,0.62,42,3,2
"llama2","seed_989","trained","all_domains_125_samples",125,"temp_06","zero_shot","structured","fact_first","json","test_set_2",0.28,0.72,0.27,1,5,100,28,0.28,71,27,0.36,0.47,0.21,0.27,0.2,0.07,0.31,68,1,4
"llama3","seed_206","trained","all_domains_125_samples",125,"greedy","zero_shot","unstructured","fact_first","json","test_set_2",0.4,0.6,0.38,3,4,100,40,0.41,57,38,0.21,0.13,0.5,0.33,0.53,0.57,0.38,58,2,2
"llama3","seed_989","trained","all_domains_125_samples",125,"temp_025","few_shot","structured","answer_first","json","test_set_2",0.57,0.43,0.56,0,4,100,57,0.57,43,56,0.5,0.4,0.79,0.53,0.47,0.71,0.54,40,1,3
"llama3","seed_989","trained","all_domains_125_samples",125,"temp_06","zero_shot","structured","fact_first","json","test_set_1",0.54,0.46,0.52,1,4,99,53,0.54,46,51,0.5,0.43,0.85,0.73,0.29,0.54,0.31,44,2,2
"llama2","seed_206","trained","all_domains_125_samples",125,"temp_025","zero_shot","unstructured","fact_first","json","test_set_2",0.28,0.72,0.25,4,4,100,28,0.29,68,25,0.36,0.27,0.43,0.13,0.2,0.21,0.15,71,3,1
"llama2","seed_989","trained","all_domains_125_samples",125,"temp_06","few_shot","unstructured","fact_first","json","test_set_2",0.28,0.72,0.27,6,4,100,28,0.3,66,27,0.29,0.27,0.36,0.27,0.13,0.21,0.38,69,1,3
"llama2","seed_206","trained","all_domains_125_samples",125,"greedy","few_shot","structured","fact_first","json","test_set_2",0.27,0.73,0.25,8,7,100,27,0.29,65,25,0.36,0.33,0.21,0.33,0.13,0.07,0.31,68,2,5
"llama3","seed_989","trained","all_domains_125_samples",125,"temp_06","few_shot","unstructured","fact_first","json","test_set_2",0.49,0.51,0.45,1,5,100,49,0.49,50,45,0.43,0.27,0.57,0.47,0.47,0.5,0.46,50,4,1
"llama3","seed_989","trained","all_domains_125_samples",125,"temp_025","few_shot","structured","fact_first","json","test_set_2",0.61,0.39,0.57,1,5,100,61,0.62,38,57,0.64,0.53,0.5,0.53,0.4,0.71,0.69,38,4,1
"llama2","seed_206","trained","all_domains_125_samples",125,"temp_025","few_shot","structured","answer_first","json","test_set_2",0.32,0.68,0.29,0,6,100,32,0.32,68,29,0.36,0.33,0.43,0.33,0.07,0.36,0.15,65,3,3
"llama3","seed_206","trained","all_domains_125_samples",125,"temp_025","zero_shot","unstructured","fact_first","json","test_set_2",0.43,0.57,0.4,4,5,100,43,0.45,53,40,0.29,0.13,0.5,0.27,0.53,0.57,0.54,55,3,2
"llama3","seed_206","trained","all_domains_125_samples",125,"greedy","zero_shot","structured","fact_first","json","test_set_2",0.6,0.4,0.57,3,3,100,60,0.62,37,57,0.64,0.6,0.71,0.47,0.47,0.57,0.54,40,3,0
"llama2","seed_206","trained","all_domains_125_samples",125,"temp_06","zero_shot","unstructured","fact_first","json","test_set_2",0.32,0.68,0.29,5,5,100,32,0.34,63,29,0.43,0.33,0.43,0.27,0.27,0.21,0.08,66,3,2
"llama3","seed_989","trained","all_domains_125_samples",125,"temp_06","few_shot","structured","answer_first","json","test_set_2",0.55,0.45,0.54,0,4,100,55,0.55,45,54,0.43,0.4,0.71,0.53,0.47,0.71,0.54,42,1,3
"llama3","seed_989","trained","all_domains_125_samples",125,"temp_06","few_shot","structured","fact_first","json","test_set_2",0.63,0.37,0.59,2,5,100,63,0.64,35,59,0.64,0.47,0.57,0.67,0.4,0.93,0.46,36,4,1
"llama3","seed_206","trained","all_domains_125_samples",125,"temp_025","zero_shot","structured","fact_first","json","test_set_2",0.53,0.47,0.51,1,3,100,53,0.54,46,51,0.57,0.4,0.86,0.4,0.47,0.5,0.38,46,2,1
"llama2","seed_989","trained","all_domains_125_samples",125,"greedy","zero_shot","unstructured","fact_first","json","test_set_2",0.29,0.71,0.27,4,4,100,29,0.3,67,27,0.36,0.27,0.43,0.27,0.4,0.07,0.08,69,2,2
"llama3","seed_206","trained","all_domains_125_samples",125,"temp_06","zero_shot","unstructured","fact_first","json","test_set_2",0.45,0.55,0.42,2,5,100,45,0.46,53,42,0.36,0.2,0.5,0.33,0.53,0.5,0.54,53,3,2
"llama2","seed_206","trained","all_domains_125_samples",125,"temp_025","few_shot","structured","fact_first","json","test_set_2",0.28,0.72,0.26,13,7,100,28,0.32,59,26,0.36,0.47,0.29,0.13,0.33,0.14,0.08,67,2,5
"llama3","seed_206","trained","all_domains_125_samples",125,"temp_06","zero_shot","structured","fact_first","json","test_set_2",0.56,0.44,0.53,1,3,100,56,0.57,43,53,0.57,0.33,0.64,0.47,0.4,0.71,0.62,44,3,0
"llama2","seed_989","trained","all_domains_125_samples",125,"temp_025","zero_shot","unstructured","fact_first","json","test_set_2",0.23,0.77,0.2,6,4,100,23,0.24,71,20,0.43,0.33,0.21,0.13,0.13,0.07,0.08,76,3,1
"llama2","seed_206","trained","all_domains_125_samples",125,"temp_06","few_shot","structured","answer_first","json","test_set_2",0.33,0.67,0.31,0,5,100,33,0.33,67,31,0.43,0.33,0.43,0.33,0.07,0.36,0.23,64,2,3
"llama3","seed_989","trained","all_domains_125_samples",125,"greedy","zero_shot","unstructured","fact_first","json","test_set_2",0.4,0.6,0.38,3,4,100,40,0.41,57,38,0.21,0.13,0.5,0.33,0.53,0.57,0.38,58,2,2
"llama2","seed_989","trained","all_domains_125_samples",125,"temp_06","zero_shot","unstructured","fact_first","json","test_set_2",0.23,0.77,0.2,7,5,100,23,0.25,70,20,0.57,0.13,0.29,0.13,0.2,0.07,0,75,3,2
"llama3","seed_989","trained","all_domains_125_samples",125,"greedy","zero_shot","structured","fact_first","json","test_set_2",0.6,0.4,0.57,3,3,100,60,0.62,37,57,0.64,0.6,0.71,0.47,0.47,0.57,0.54,40,3,0
"llama3","seed_989","trained","all_domains_125_samples",125,"temp_025","zero_shot","unstructured","fact_first","json","test_set_2",0.42,0.58,0.4,4,4,100,42,0.44,54,40,0.29,0.27,0.43,0.33,0.53,0.57,0.38,56,2,2
"llama2","seed_206","trained","all_domains_125_samples",125,"temp_06","few_shot","structured","fact_first","json","test_set_2",0.25,0.75,0.21,9,7,100,25,0.27,66,21,0.21,0.4,0.21,0.2,0.27,0,0.15,72,4,3
"llama3","seed_989","trained","all_domains_125_samples",125,"temp_025","zero_shot","structured","fact_first","json","test_set_2",0.6,0.4,0.58,2,3,100,60,0.61,38,58,0.64,0.53,0.86,0.47,0.6,0.57,0.38,39,2,1
"llama3","seed_989","trained","all_domains_125_samples",125,"temp_06","zero_shot","unstructured","fact_first","json","test_set_2",0.44,0.56,0.41,3,5,100,44,0.45,53,41,0.36,0.13,0.5,0.27,0.53,0.64,0.46,54,3,2
"llama2","seed_989","trained","all_domains_125_samples",125,"greedy","few_shot","structured","answer_first","json","test_set_2",0.31,0.69,0.27,0,7,100,31,0.31,69,27,0.36,0.33,0.36,0.33,0.07,0.29,0.15,66,4,3
"llama3","seed_989","trained","all_domains_125_samples",125,"temp_06","zero_shot","structured","fact_first","json","test_set_2",0.58,0.42,0.55,2,3,100,58,0.59,40,55,0.71,0.4,0.79,0.67,0.27,0.57,0.46,42,3,0
"llama2","seed_989","trained","all_domains_125_samples",125,"greedy","few_shot","structured","fact_first","json","test_set_2",0.27,0.73,0.25,8,7,100,27,0.29,65,25,0.36,0.33,0.21,0.33,0.13,0.07,0.31,68,2,5
"llama2","seed_989","trained","all_domains_125_samples",125,"temp_025","few_shot","structured","answer_first","json","test_set_2",0.32,0.68,0.28,0,7,100,32,0.32,68,28,0.36,0.33,0.36,0.47,0,0.29,0.15,65,4,3
"llama2","seed_989","trained","all_domains_125_samples",125,"temp_025","few_shot","structured","fact_first","json","test_set_2",0.31,0.69,0.29,7,6,100,31,0.33,62,29,0.43,0.33,0.29,0.13,0.47,0.21,0.15,65,2,4
"llama2","seed_989","trained","all_domains_125_samples",125,"temp_06","few_shot","structured","answer_first","json","test_set_2",0.34,0.66,0.3,0,7,100,34,0.34,66,30,0.36,0.33,0.36,0.47,0.07,0.29,0.23,63,4,3
"llama2","seed_989","trained","all_domains_125_samples",125,"temp_06","few_shot","structured","fact_first","json","test_set_2",0.29,0.71,0.26,12,7,100,29,0.33,59,26,0.43,0.33,0.21,0.2,0.33,0.14,0.15,67,3,4
"llama2","seed_206","trained","all_domains_all_samples",225,"greedy","zero_shot","unstructured","answer_first","json","test_set_1",0.48,0.52,0.45,0,7,99,48,0.48,52,45,0.5,0.43,0.62,0.33,0.43,0.54,0.38,47,3,4
"llama3","seed_206","trained","all_domains_all_samples",225,"greedy","zero_shot","unstructured","answer_first","json","test_set_1",0.53,0.47,0.52,0,1,99,52,0.52,48,51,0.5,0.36,0.69,0.53,0.57,0.46,0.5,47,1,0
"llama2","seed_206","trained","all_domains_all_samples",225,"temp_025","zero_shot","unstructured","answer_first","json","test_set_1",0.48,0.52,0.45,0,7,99,48,0.48,52,45,0.43,0.43,0.62,0.4,0.36,0.54,0.44,47,3,4
"llama3","seed_206","trained","all_domains_all_samples",225,"temp_025","zero_shot","unstructured","answer_first","json","test_set_1",0.53,0.47,0.52,0,2,99,52,0.52,48,51,0.5,0.36,0.69,0.53,0.57,0.46,0.5,46,1,1
"llama2","seed_206","trained","all_domains_all_samples",225,"temp_06","zero_shot","unstructured","answer_first","json","test_set_1",0.46,0.54,0.44,0,7,99,46,0.46,54,44,0.43,0.43,0.62,0.33,0.36,0.54,0.44,48,2,5
"llama3","seed_206","trained","all_domains_all_samples",225,"temp_06","zero_shot","unstructured","answer_first","json","test_set_1",0.51,0.49,0.49,0,1,99,50,0.5,50,49,0.43,0.43,0.69,0.53,0.5,0.46,0.44,49,1,0
"llama2","seed_989","trained","all_domains_all_samples",225,"greedy","zero_shot","unstructured","answer_first","json","test_set_1",0.48,0.52,0.45,0,7,99,48,0.48,52,45,0.5,0.43,0.62,0.33,0.43,0.54,0.38,47,3,4
"llama3","seed_206","trained","all_domains_all_samples",225,"greedy","zero_shot","unstructured","fact_first","json","test_set_1",0.42,0.58,0.41,2,3,99,42,0.43,56,41,0.57,0.14,0.46,0.47,0.5,0.46,0.31,55,1,2
"llama3","seed_989","trained","all_domains_all_samples",225,"greedy","zero_shot","unstructured","answer_first","json","test_set_1",0.53,0.47,0.52,0,1,99,52,0.52,48,51,0.5,0.36,0.69,0.53,0.57,0.46,0.5,47,1,0
"llama2","seed_989","trained","all_domains_all_samples",225,"temp_025","zero_shot","unstructured","answer_first","json","test_set_1",0.49,0.51,0.45,0,8,99,49,0.49,51,45,0.5,0.43,0.62,0.4,0.43,0.46,0.38,46,4,4
"llama3","seed_206","trained","all_domains_all_samples",225,"greedy","zero_shot","structured","answer_first","json","test_set_1",0.53,0.47,0.52,1,3,99,52,0.53,47,51,0.57,0.29,0.62,0.53,0.71,0.54,0.38,45,1,2
"llama2","seed_206","trained","all_domains_all_samples",225,"greedy","zero_shot","unstructured","fact_first","json","test_set_1",0.33,0.67,0.32,1,6,99,33,0.33,66,32,0.21,0.43,0.38,0.33,0.29,0.38,0.25,61,1,5
"llama3","seed_206","trained","all_domains_all_samples",225,"temp_025","zero_shot","unstructured","fact_first","json","test_set_1",0.42,0.58,0.41,4,3,99,42,0.44,54,41,0.5,0.21,0.46,0.4,0.57,0.54,0.25,55,1,2
"llama3","seed_989","trained","all_domains_all_samples",225,"temp_025","zero_shot","unstructured","answer_first","json","test_set_1",0.55,0.45,0.54,0,1,99,54,0.54,46,53,0.64,0.36,0.69,0.53,0.57,0.46,0.5,45,1,0
"llama2","seed_989","trained","all_domains_all_samples",225,"temp_06","zero_shot","unstructured","answer_first","json","test_set_1",0.47,0.53,0.43,0,7,99,47,0.47,53,43,0.43,0.43,0.62,0.2,0.43,0.62,0.38,49,4,3
"llama2","seed_206","trained","all_domains_all_samples",225,"temp_025","zero_shot","unstructured","fact_first","json","test_set_1",0.4,0.6,0.38,4,6,99,40,0.42,56,38,0.43,0.5,0.38,0.33,0.57,0.38,0.13,55,2,4
"llama3","seed_206","trained","all_domains_all_samples",225,"temp_025","zero_shot","structured","answer_first","json","test_set_1",0.53,0.47,0.52,1,3,99,52,0.53,47,51,0.57,0.29,0.62,0.53,0.71,0.54,0.38,45,1,2
"llama3","seed_206","trained","all_domains_all_samples",225,"temp_06","zero_shot","unstructured","fact_first","json","test_set_1",0.44,0.56,0.43,4,3,99,44,0.46,52,43,0.5,0.21,0.62,0.4,0.43,0.46,0.44,53,1,2
"llama3","seed_989","trained","all_domains_all_samples",225,"temp_06","zero_shot","unstructured","answer_first","json","test_set_1",0.52,0.48,0.51,0,2,99,51,0.51,49,50,0.43,0.43,0.62,0.53,0.57,0.46,0.5,47,1,1
"llama2","seed_206","trained","all_domains_all_samples",225,"greedy","zero_shot","unstructured","answer_first","json","test_set_2",0.42,0.58,0.38,0,6,100,42,0.42,58,38,0.43,0.4,0.43,0.2,0.47,0.43,0.31,56,4,2
"llama2","seed_206","trained","all_domains_all_samples",225,"temp_06","zero_shot","unstructured","fact_first","json","test_set_1",0.34,0.66,0.32,3,6,99,34,0.35,63,32,0.43,0.5,0.31,0.2,0.43,0.38,0.06,61,2,4
"llama3","seed_206","trained","all_domains_all_samples",225,"temp_06","zero_shot","structured","answer_first","json","test_set_1",0.51,0.49,0.49,1,3,99,50,0.51,49,49,0.57,0.29,0.54,0.53,0.71,0.46,0.38,47,1,2
"llama3","seed_989","trained","all_domains_all_samples",225,"greedy","zero_shot","unstructured","fact_first","json","test_set_1",0.42,0.58,0.41,2,3,99,42,0.43,56,41,0.57,0.14,0.46,0.47,0.5,0.46,0.31,55,1,2
"llama3","seed_206","trained","all_domains_all_samples",225,"greedy","zero_shot","unstructured","answer_first","json","test_set_2",0.54,0.46,0.52,0,4,100,54,0.54,46,52,0.5,0.4,0.57,0.67,0.47,0.64,0.38,44,2,2
"llama2","seed_989","trained","all_domains_all_samples",225,"greedy","zero_shot","unstructured","fact_first","json","test_set_1",0.33,0.67,0.32,1,6,99,33,0.33,66,32,0.21,0.43,0.38,0.33,0.29,0.38,0.25,61,1,5
"llama2","seed_206","trained","all_domains_all_samples",225,"temp_025","zero_shot","unstructured","answer_first","json","test_set_2",0.43,0.57,0.39,0,6,100,43,0.43,57,39,0.43,0.4,0.43,0.2,0.53,0.43,0.31,55,4,2
"llama3","seed_989","trained","all_domains_all_samples",225,"greedy","zero_shot","structured","answer_first","json","test_set_1",0.53,0.47,0.52,1,3,99,52,0.53,47,51,0.57,0.29,0.62,0.53,0.71,0.54,0.38,45,1,2
"llama2","seed_989","trained","all_domains_all_samples",225,"temp_025","zero_shot","unstructured","fact_first","json","test_set_1",0.36,0.64,0.34,6,5,99,36,0.38,58,34,0.43,0.36,0.31,0.33,0.5,0.31,0.19,60,2,3
"llama3","seed_989","trained","all_domains_all_samples",225,"temp_025","zero_shot","unstructured","fact_first","json","test_set_1",0.42,0.58,0.41,0,3,99,42,0.42,58,41,0.5,0.14,0.46,0.53,0.57,0.38,0.31,55,1,2
"llama2","seed_206","trained","all_domains_all_samples",225,"temp_06","zero_shot","unstructured","answer_first","json","test_set_2",0.42,0.58,0.38,0,6,100,42,0.42,58,38,0.43,0.4,0.43,0.2,0.4,0.5,0.31,56,4,2
"llama3","seed_206","trained","all_domains_all_samples",225,"temp_025","zero_shot","unstructured","answer_first","json","test_set_2",0.54,0.46,0.52,0,4,100,54,0.54,46,52,0.5,0.4,0.57,0.67,0.47,0.64,0.38,44,2,2
"llama2","seed_206","trained","all_domains_all_samples",225,"greedy","zero_shot","structured","answer_first","json","test_set_1",0.43,0.57,0.42,0,4,99,43,0.43,57,42,0.36,0.36,0.62,0.4,0.5,0.46,0.31,53,1,3
"llama3","seed_989","trained","all_domains_all_samples",225,"temp_025","zero_shot","structured","answer_first","json","test_set_1",0.53,0.47,0.52,1,3,99,52,0.53,47,51,0.57,0.29,0.62,0.53,0.71,0.54,0.38,45,1,2
"llama2","seed_989","trained","all_domains_all_samples",225,"temp_06","zero_shot","unstructured","fact_first","json","test_set_1",0.37,0.63,0.34,6,7,99,37,0.39,57,34,0.29,0.5,0.38,0.47,0.29,0.46,0.06,58,3,4
"llama3","seed_989","trained","all_domains_all_samples",225,"temp_06","zero_shot","unstructured","fact_first","json","test_set_1",0.43,0.57,0.42,3,3,99,43,0.44,54,42,0.5,0.21,0.54,0.53,0.5,0.38,0.31,54,1,2
"llama2","seed_989","trained","all_domains_all_samples",225,"greedy","zero_shot","unstructured","answer_first","json","test_set_2",0.42,0.58,0.38,0,6,100,42,0.42,58,38,0.43,0.4,0.43,0.2,0.47,0.43,0.31,56,4,2
"llama3","seed_206","trained","all_domains_all_samples",225,"temp_06","zero_shot","unstructured","answer_first","json","test_set_2",0.53,0.47,0.51,0,4,100,53,0.53,47,51,0.5,0.4,0.57,0.6,0.47,0.64,0.38,45,2,2
"llama2","seed_206","trained","all_domains_all_samples",225,"temp_025","zero_shot","structured","answer_first","json","test_set_1",0.45,0.55,0.44,0,4,99,45,0.45,55,44,0.43,0.36,0.62,0.4,0.5,0.54,0.31,51,1,3
"llama3","seed_989","trained","all_domains_all_samples",225,"temp_06","zero_shot","structured","answer_first","json","test_set_1",0.52,0.48,0.51,1,3,99,51,0.52,48,50,0.57,0.29,0.62,0.47,0.71,0.54,0.38,46,1,2
"llama2","seed_206","trained","all_domains_all_samples",225,"greedy","zero_shot","unstructured","fact_first","json","test_set_2",0.3,0.7,0.29,6,5,100,30,0.32,64,29,0.43,0.33,0.36,0.13,0.33,0.21,0.23,66,1,4
"llama3","seed_206","trained","all_domains_all_samples",225,"greedy","zero_shot","structured","fact_first","json","test_set_1",0.56,0.44,0.55,0,3,99,55,0.55,45,54,0.57,0.43,0.77,0.53,0.64,0.54,0.38,42,1,2
"llama2","seed_989","trained","all_domains_all_samples",225,"temp_025","zero_shot","unstructured","answer_first","json","test_set_2",0.43,0.57,0.39,0,6,100,43,0.43,57,39,0.43,0.4,0.43,0.2,0.53,0.43,0.31,55,4,2
"llama3","seed_206","trained","all_domains_all_samples",225,"greedy","zero_shot","unstructured","fact_first","json","test_set_2",0.4,0.6,0.37,7,5,100,40,0.43,53,37,0.36,0.27,0.29,0.47,0.47,0.36,0.38,58,3,2
"llama3","seed_989","trained","all_domains_all_samples",225,"greedy","zero_shot","unstructured","answer_first","json","test_set_2",0.54,0.46,0.52,0,4,100,54,0.54,46,52,0.5,0.4,0.57,0.67,0.47,0.64,0.38,44,2,2
"llama2","seed_206","trained","all_domains_all_samples",225,"temp_06","zero_shot","structured","answer_first","json","test_set_1",0.45,0.55,0.43,0,5,99,45,0.45,55,43,0.29,0.36,0.62,0.4,0.5,0.54,0.38,51,2,3
"llama3","seed_206","trained","all_domains_all_samples",225,"greedy","zero_shot","structured","answer_first","json","test_set_2",0.58,0.42,0.54,1,6,100,58,0.59,41,54,0.43,0.33,0.86,0.53,0.33,0.64,0.69,40,4,2
"llama2","seed_206","trained","all_domains_all_samples",225,"temp_025","zero_shot","unstructured","fact_first","json","test_set_2",0.32,0.68,0.31,3,5,100,32,0.33,65,31,0.36,0.27,0.43,0.2,0.33,0.36,0.23,64,1,4
"llama3","seed_206","trained","all_domains_all_samples",225,"temp_025","zero_shot","structured","fact_first","json","test_set_1",0.54,0.46,0.52,0,3,99,53,0.53,47,51,0.43,0.43,0.85,0.6,0.5,0.46,0.38,45,2,1
"llama2","seed_989","trained","all_domains_all_samples",225,"temp_06","zero_shot","unstructured","answer_first","json","test_set_2",0.43,0.57,0.39,0,6,100,43,0.43,57,39,0.43,0.4,0.43,0.2,0.53,0.43,0.31,55,4,2
"llama2","seed_206","trained","all_domains_all_samples",225,"temp_06","zero_shot","unstructured","fact_first","json","test_set_2",0.32,0.68,0.31,2,5,100,32,0.33,66,31,0.43,0.4,0.43,0.27,0.27,0.14,0.23,64,1,4
"llama3","seed_989","trained","all_domains_all_samples",225,"temp_025","zero_shot","unstructured","answer_first","json","test_set_2",0.54,0.46,0.52,0,4,100,54,0.54,46,52,0.5,0.4,0.57,0.67,0.47,0.64,0.38,44,2,2
"llama2","seed_989","trained","all_domains_all_samples",225,"greedy","zero_shot","structured","answer_first","json","test_set_1",0.43,0.57,0.42,0,4,99,43,0.43,57,42,0.36,0.36,0.62,0.4,0.5,0.46,0.31,53,1,3
"llama3","seed_206","trained","all_domains_all_samples",225,"temp_025","zero_shot","structured","answer_first","json","test_set_2",0.59,0.41,0.55,1,6,100,59,0.6,40,55,0.43,0.33,0.86,0.53,0.33,0.71,0.69,39,4,2
"llama3","seed_206","trained","all_domains_all_samples",225,"temp_025","zero_shot","unstructured","fact_first","json","test_set_2",0.42,0.58,0.4,5,5,100,42,0.44,53,40,0.29,0.33,0.36,0.47,0.47,0.43,0.46,55,2,3
"llama3","seed_206","trained","all_domains_all_samples",225,"temp_06","zero_shot","structured","fact_first","json","test_set_1",0.61,0.39,0.58,0,4,99,60,0.6,40,57,0.57,0.43,0.85,0.73,0.64,0.38,0.44,38,3,1
"llama2","seed_989","trained","all_domains_all_samples",225,"greedy","zero_shot","unstructured","fact_first","json","test_set_2",0.3,0.7,0.29,6,5,100,30,0.32,64,29,0.43,0.33,0.36,0.13,0.33,0.21,0.23,66,1,4
"llama3","seed_206","trained","all_domains_all_samples",225,"temp_06","zero_shot","structured","answer_first","json","test_set_2",0.59,0.41,0.55,1,6,100,59,0.6,40,55,0.43,0.33,0.86,0.53,0.4,0.64,0.69,39,4,2
"llama2","seed_989","trained","all_domains_all_samples",225,"temp_025","zero_shot","structured","answer_first","json","test_set_1",0.44,0.56,0.43,0,4,99,44,0.44,56,43,0.43,0.36,0.62,0.4,0.5,0.46,0.31,52,1,3
"llama3","seed_989","trained","all_domains_all_samples",225,"temp_06","zero_shot","unstructured","answer_first","json","test_set_2",0.53,0.47,0.51,0,4,100,53,0.53,47,51,0.5,0.4,0.57,0.6,0.47,0.64,0.38,45,2,2
"llama3","seed_206","trained","all_domains_all_samples",225,"temp_06","zero_shot","unstructured","fact_first","json","test_set_2",0.4,0.6,0.38,3,5,100,40,0.41,57,38,0.29,0.33,0.36,0.4,0.53,0.36,0.38,57,2,3
"llama3","seed_989","trained","all_domains_all_samples",225,"greedy","zero_shot","structured","fact_first","json","test_set_1",0.56,0.44,0.55,0,3,99,55,0.55,45,54,0.57,0.43,0.77,0.53,0.64,0.54,0.38,42,1,2
"llama2","seed_989","trained","all_domains_all_samples",225,"temp_025","zero_shot","unstructured","fact_first","json","test_set_2",0.29,0.71,0.27,4,5,100,29,0.3,67,27,0.43,0.27,0.21,0.2,0.13,0.36,0.31,68,2,3
"llama3","seed_989","trained","all_domains_all_samples",225,"greedy","zero_shot","structured","answer_first","json","test_set_2",0.58,0.42,0.54,1,6,100,58,0.59,41,54,0.43,0.33,0.86,0.53,0.33,0.64,0.69,40,4,2
"llama2","seed_206","trained","all_domains_all_samples",225,"greedy","zero_shot","structured","fact_first","json","test_set_1",0.37,0.63,0.37,19,5,99,37,0.46,44,37,0.5,0.29,0.62,0.4,0.07,0.46,0.31,57,0,5
"llama2","seed_989","trained","all_domains_all_samples",225,"temp_06","zero_shot","structured","answer_first","json","test_set_1",0.41,0.59,0.39,0,5,99,41,0.41,59,39,0.36,0.36,0.54,0.27,0.5,0.54,0.25,55,2,3
"llama3","seed_989","trained","all_domains_all_samples",225,"greedy","zero_shot","unstructured","fact_first","json","test_set_2",0.4,0.6,0.37,7,5,100,40,0.43,53,37,0.36,0.27,0.29,0.47,0.47,0.36,0.38,58,3,2
"llama3","seed_989","trained","all_domains_all_samples",225,"temp_025","zero_shot","structured","fact_first","json","test_set_1",0.57,0.43,0.56,0,3,99,56,0.56,44,55,0.5,0.36,0.85,0.67,0.5,0.46,0.56,41,1,2
"llama2","seed_989","trained","all_domains_all_samples",225,"temp_06","zero_shot","unstructured","fact_first","json","test_set_2",0.29,0.71,0.28,7,5,100,29,0.31,64,28,0.5,0.33,0.21,0.27,0.33,0.14,0.15,67,1,4
"llama3","seed_989","trained","all_domains_all_samples",225,"temp_025","zero_shot","structured","answer_first","json","test_set_2",0.58,0.42,0.54,1,6,100,58,0.59,41,54,0.43,0.33,0.86,0.53,0.33,0.64,0.69,40,4,2
"llama2","seed_206","trained","all_domains_all_samples",225,"greedy","zero_shot","structured","answer_first","json","test_set_2",0.42,0.58,0.39,0,7,100,42,0.42,58,39,0.43,0.33,0.57,0.47,0.33,0.29,0.31,54,3,4
"llama2","seed_206","trained","all_domains_all_samples",225,"temp_025","zero_shot","structured","fact_first","json","test_set_1",0.3,0.7,0.3,19,5,99,30,0.37,51,30,0.57,0.36,0.23,0.2,0.14,0.31,0.31,64,0,5
"llama3","seed_989","trained","all_domains_all_samples",225,"temp_06","zero_shot","structured","fact_first","json","test_set_1",0.58,0.42,0.56,0,3,99,57,0.57,43,55,0.57,0.5,0.85,0.6,0.5,0.38,0.5,41,2,1
"llama3","seed_989","trained","all_domains_all_samples",225,"temp_025","zero_shot","unstructured","fact_first","json","test_set_2",0.41,0.59,0.4,4,5,100,41,0.43,55,40,0.29,0.33,0.43,0.47,0.4,0.43,0.46,55,1,4
"llama3","seed_989","trained","all_domains_all_samples",225,"temp_06","zero_shot","structured","answer_first","json","test_set_2",0.58,0.42,0.54,1,6,100,58,0.59,41,54,0.43,0.33,0.86,0.53,0.33,0.64,0.69,40,4,2
"llama2","seed_206","trained","all_domains_all_samples",225,"temp_025","zero_shot","structured","answer_first","json","test_set_2",0.45,0.55,0.42,0,7,100,45,0.45,55,42,0.43,0.33,0.64,0.47,0.33,0.36,0.38,51,3,4
"llama2","seed_206","trained","all_domains_all_samples",225,"temp_06","zero_shot","structured","fact_first","json","test_set_1",0.34,0.66,0.34,20,6,99,34,0.43,46,34,0.57,0.29,0.62,0.33,0.29,0.23,0.13,59,0,6
"llama3","seed_206","trained","all_domains_all_samples",225,"greedy","zero_shot","structured","fact_first","json","test_set_2",0.51,0.49,0.47,0,6,100,51,0.51,49,47,0.5,0.53,0.57,0.4,0.4,0.43,0.46,47,4,2
"llama3","seed_989","trained","all_domains_all_samples",225,"temp_06","zero_shot","unstructured","fact_first","json","test_set_2",0.41,0.59,0.39,3,5,100,41,0.42,56,39,0.29,0.27,0.36,0.4,0.47,0.5,0.46,56,2,3
"llama3","seed_206","trained","all_domains_all_samples",225,"temp_025","zero_shot","structured","fact_first","json","test_set_2",0.53,0.47,0.49,0,6,100,53,0.53,47,49,0.43,0.53,0.64,0.4,0.47,0.43,0.54,45,4,2
"llama2","seed_206","trained","all_domains_all_samples",225,"temp_06","zero_shot","structured","answer_first","json","test_set_2",0.41,0.59,0.38,0,7,100,41,0.41,59,38,0.43,0.33,0.57,0.27,0.4,0.36,0.31,55,3,4
"llama2","seed_989","trained","all_domains_all_samples",225,"greedy","zero_shot","structured","fact_first","json","test_set_1",0.37,0.63,0.37,19,5,99,37,0.46,44,37,0.5,0.29,0.62,0.4,0.07,0.46,0.31,57,0,5
"llama3","seed_206","trained","all_domains_all_samples",225,"temp_06","zero_shot","structured","fact_first","json","test_set_2",0.52,0.48,0.48,0,6,100,52,0.52,48,48,0.29,0.33,0.79,0.53,0.33,0.57,0.54,46,4,2
"llama2","seed_989","trained","all_domains_all_samples",225,"greedy","zero_shot","structured","answer_first","json","test_set_2",0.42,0.58,0.39,0,7,100,42,0.42,58,39,0.43,0.33,0.57,0.47,0.33,0.29,0.31,54,3,4
"llama2","seed_989","trained","all_domains_all_samples",225,"temp_025","zero_shot","structured","fact_first","json","test_set_1",0.4,0.6,0.4,20,5,99,40,0.5,40,40,0.64,0.36,0.54,0.4,0.14,0.46,0.31,54,0,5
"llama3","seed_989","trained","all_domains_all_samples",225,"greedy","zero_shot","structured","fact_first","json","test_set_2",0.51,0.49,0.47,0,6,100,51,0.51,49,47,0.5,0.53,0.57,0.4,0.4,0.43,0.46,47,4,2
"llama2","seed_206","trained","all_domains_all_samples",225,"greedy","few_shot","unstructured","answer_first","json","test_set_1",0.4,0.6,0.38,2,5,99,40,0.41,58,38,0.43,0.43,0.46,0.27,0.43,0.46,0.25,56,2,3
"llama2","seed_989","trained","all_domains_all_samples",225,"temp_025","zero_shot","structured","answer_first","json","test_set_2",0.43,0.57,0.4,0,8,100,43,0.43,57,40,0.43,0.33,0.64,0.47,0.33,0.29,0.31,52,3,5
"llama2","seed_989","trained","all_domains_all_samples",225,"temp_06","zero_shot","structured","fact_first","json","test_set_1",0.3,0.7,0.29,22,6,99,30,0.38,48,29,0.43,0.36,0.31,0.2,0.29,0.31,0.19,64,1,5
"llama3","seed_989","trained","all_domains_all_samples",225,"temp_025","zero_shot","structured","fact_first","json","test_set_2",0.54,0.46,0.5,0,6,100,54,0.54,46,50,0.43,0.6,0.57,0.47,0.4,0.57,0.46,44,4,2
"llama2","seed_989","trained","all_domains_all_samples",225,"temp_06","zero_shot","structured","answer_first","json","test_set_2",0.4,0.6,0.37,0,7,100,40,0.4,60,37,0.43,0.33,0.57,0.27,0.33,0.36,0.31,56,3,4
"llama2","seed_206","trained","all_domains_all_samples",225,"temp_025","few_shot","unstructured","answer_first","json","test_set_1",0.41,0.59,0.4,2,5,99,41,0.42,57,40,0.43,0.43,0.46,0.33,0.43,0.46,0.31,54,1,4
"llama2","seed_206","trained","all_domains_all_samples",225,"greedy","zero_shot","structured","fact_first","json","test_set_2",0.28,0.72,0.23,20,10,100,28,0.35,52,23,0.14,0.33,0.36,0.13,0.2,0.29,0.15,67,5,5
"llama3","seed_989","trained","all_domains_all_samples",225,"temp_06","zero_shot","structured","fact_first","json","test_set_2",0.55,0.45,0.51,0,6,100,55,0.55,45,51,0.5,0.47,0.64,0.53,0.47,0.5,0.46,43,4,2
"llama2","seed_206","trained","all_domains_all_samples",225,"temp_06","few_shot","unstructured","answer_first","json","test_set_1",0.39,0.61,0.37,3,5,99,39,0.4,58,37,0.43,0.43,0.46,0.27,0.43,0.46,0.19,57,2,3
"llama2","seed_206","trained","all_domains_all_samples",225,"temp_025","zero_shot","structured","fact_first","json","test_set_2",0.32,0.68,0.27,16,10,100,32,0.38,52,27,0.29,0.53,0.29,0.2,0.13,0.21,0.23,63,5,5
"llama2","seed_206","trained","all_domains_all_samples",225,"greedy","few_shot","structured","answer_first","json","test_set_1",0.42,0.58,0.4,0,7,99,42,0.42,58,40,0.43,0.57,0.46,0.2,0.5,0.38,0.31,52,2,5
"llama3","seed_206","trained","all_domains_all_samples",225,"greedy","few_shot","unstructured","answer_first","json","test_set_1",0.53,0.47,0.52,0,3,99,52,0.52,48,51,0.64,0.36,0.54,0.6,0.57,0.46,0.44,45,1,2
"llama2","seed_989","trained","all_domains_all_samples",225,"greedy","few_shot","unstructured","answer_first","json","test_set_1",0.4,0.6,0.38,2,5,99,40,0.41,58,38,0.43,0.43,0.46,0.27,0.43,0.46,0.25,56,2,3
"llama2","seed_206","trained","all_domains_all_samples",225,"temp_06","zero_shot","structured","fact_first","json","test_set_2",0.28,0.72,0.26,22,11,100,28,0.36,50,26,0.29,0.6,0.43,0.13,0,0.29,0.08,63,2,9
"llama3","seed_206","trained","all_domains_all_samples",225,"temp_025","few_shot","unstructured","answer_first","json","test_set_1",0.54,0.46,0.53,0,3,99,53,0.53,47,52,0.64,0.36,0.62,0.6,0.57,0.46,0.44,44,1,2
"llama2","seed_989","trained","all_domains_all_samples",225,"temp_025","few_shot","unstructured","answer_first","json","test_set_1",0.4,0.6,0.38,2,5,99,40,0.41,58,38,0.43,0.43,0.46,0.27,0.43,0.46,0.25,56,2,3
"llama2","seed_206","trained","all_domains_all_samples",225,"temp_025","few_shot","structured","answer_first","json","test_set_1",0.43,0.57,0.41,0,7,99,43,0.43,57,41,0.43,0.57,0.46,0.2,0.5,0.46,0.31,51,2,5
"llama2","seed_989","trained","all_domains_all_samples",225,"greedy","zero_shot","structured","fact_first","json","test_set_2",0.28,0.72,0.23,20,10,100,28,0.35,52,23,0.14,0.33,0.36,0.13,0.2,0.29,0.15,67,5,5
"llama3","seed_206","trained","all_domains_all_samples",225,"temp_06","few_shot","unstructured","answer_first","json","test_set_1",0.53,0.47,0.52,0,3,99,52,0.52,48,51,0.64,0.29,0.62,0.67,0.5,0.46,0.44,45,1,2
"llama2","seed_989","trained","all_domains_all_samples",225,"temp_06","few_shot","unstructured","answer_first","json","test_set_1",0.38,0.62,0.38,4,7,99,38,0.4,58,38,0.43,0.43,0.46,0.33,0.43,0.38,0.25,54,0,7
"llama2","seed_989","trained","all_domains_all_samples",225,"temp_025","zero_shot","structured","fact_first","json","test_set_2",0.3,0.7,0.24,19,10,100,30,0.37,51,24,0.43,0.27,0.43,0.07,0.13,0.29,0.08,66,6,4
"llama3","seed_989","trained","all_domains_all_samples",225,"greedy","few_shot","unstructured","answer_first","json","test_set_1",0.53,0.47,0.52,0,3,99,52,0.52,48,51,0.64,0.36,0.54,0.6,0.57,0.46,0.44,45,1,2
"llama3","seed_206","trained","all_domains_all_samples",225,"greedy","few_shot","structured","answer_first","json","test_set_1",0.55,0.45,0.53,0,4,99,54,0.54,46,52,0.71,0.36,0.69,0.53,0.64,0.38,0.38,43,2,2
"llama2","seed_206","trained","all_domains_all_samples",225,"greedy","few_shot","unstructured","answer_first","json","test_set_2",0.33,0.67,0.32,2,6,100,33,0.34,65,32,0.5,0.27,0.36,0.2,0.33,0.36,0.23,62,1,5
"llama2","seed_206","trained","all_domains_all_samples",225,"temp_06","few_shot","structured","answer_first","json","test_set_1",0.45,0.55,0.43,0,7,99,45,0.45,55,43,0.43,0.57,0.54,0.2,0.57,0.46,0.31,49,2,5
"llama2","seed_989","trained","all_domains_all_samples",225,"temp_06","zero_shot","structured","fact_first","json","test_set_2",0.28,0.72,0.26,21,9,100,28,0.35,51,26,0.5,0.47,0.21,0.33,0.07,0.14,0.08,65,2,7
"llama2","seed_206","trained","all_domains_all_samples",225,"greedy","few_shot","unstructured","fact_first","json","test_set_1",0.26,0.74,0.25,12,5,99,26,0.3,62,25,0.07,0.21,0.38,0.2,0.43,0.31,0.19,69,1,4
"llama3","seed_989","trained","all_domains_all_samples",225,"temp_025","few_shot","unstructured","answer_first","json","test_set_1",0.51,0.49,0.49,0,3,99,50,0.5,50,49,0.64,0.29,0.46,0.6,0.57,0.46,0.44,47,1,2
"llama3","seed_206","trained","all_domains_all_samples",225,"temp_025","few_shot","structured","answer_first","json","test_set_1",0.55,0.45,0.53,0,4,99,54,0.54,46,52,0.71,0.36,0.69,0.53,0.64,0.38,0.38,43,2,2
"llama2","seed_206","trained","all_domains_all_samples",225,"temp_025","few_shot","unstructured","answer_first","json","test_set_2",0.34,0.66,0.33,3,7,100,34,0.35,63,33,0.5,0.27,0.36,0.2,0.33,0.43,0.23,60,1,6
"llama2","seed_206","trained","all_domains_all_samples",225,"greedy","few_shot","structured","fact_first","json","test_set_1",0.27,0.73,0.27,20,8,99,27,0.34,53,27,0.29,0.36,0.31,0.33,0.36,0.08,0.19,64,0,8
"llama2","seed_206","trained","all_domains_all_samples",225,"temp_025","few_shot","unstructured","fact_first","json","test_set_1",0.28,0.72,0.27,15,5,99,28,0.33,57,27,0.07,0.21,0.38,0.2,0.5,0.38,0.19,67,1,4
"llama3","seed_989","trained","all_domains_all_samples",225,"temp_06","few_shot","unstructured","answer_first","json","test_set_1",0.52,0.48,0.51,0,3,99,51,0.51,49,50,0.64,0.36,0.46,0.6,0.57,0.46,0.44,46,1,2
"llama3","seed_206","trained","all_domains_all_samples",225,"greedy","few_shot","unstructured","fact_first","json","test_set_1",0.4,0.6,0.39,4,4,99,40,0.42,56,39,0.5,0.36,0.54,0.33,0.43,0.38,0.25,56,1,3
"llama3","seed_206","trained","all_domains_all_samples",225,"temp_06","few_shot","structured","answer_first","json","test_set_1",0.56,0.44,0.54,0,4,99,55,0.55,45,53,0.71,0.36,0.69,0.6,0.64,0.38,0.38,42,2,2
"llama2","seed_989","trained","all_domains_all_samples",225,"greedy","few_shot","structured","answer_first","json","test_set_1",0.42,0.58,0.4,0,7,99,42,0.42,58,40,0.43,0.57,0.46,0.2,0.5,0.38,0.31,52,2,5
"llama2","seed_206","trained","all_domains_all_samples",225,"temp_06","few_shot","unstructured","answer_first","json","test_set_2",0.35,0.65,0.34,1,5,100,35,0.35,64,34,0.5,0.33,0.36,0.2,0.33,0.43,0.23,61,1,4
"llama2","seed_206","trained","all_domains_all_samples",225,"temp_06","few_shot","unstructured","fact_first","json","test_set_1",0.26,0.74,0.24,11,5,99,26,0.29,63,24,0.21,0.36,0.23,0.2,0.21,0.38,0.13,70,2,3
"llama3","seed_206","trained","all_domains_all_samples",225,"temp_025","few_shot","unstructured","fact_first","json","test_set_1",0.39,0.61,0.38,2,4,99,39,0.4,59,38,0.43,0.36,0.38,0.4,0.43,0.46,0.25,57,1,3
"llama3","seed_206","trained","all_domains_all_samples",225,"greedy","few_shot","unstructured","answer_first","json","test_set_2",0.53,0.47,0.52,0,3,100,53,0.53,47,52,0.43,0.4,0.5,0.47,0.53,0.57,0.77,45,1,2
"llama3","seed_989","trained","all_domains_all_samples",225,"greedy","few_shot","structured","answer_first","json","test_set_1",0.55,0.45,0.53,0,4,99,54,0.54,46,52,0.71,0.36,0.69,0.53,0.64,0.38,0.38,43,2,2
"llama2","seed_989","trained","all_domains_all_samples",225,"greedy","few_shot","unstructured","answer_first","json","test_set_2",0.33,0.67,0.32,2,6,100,33,0.34,65,32,0.5,0.27,0.36,0.2,0.33,0.36,0.23,62,1,5
"llama2","seed_206","trained","all_domains_all_samples",225,"temp_025","few_shot","structured","fact_first","json","test_set_1",0.31,0.69,0.3,19,9,99,31,0.38,50,30,0.21,0.29,0.46,0.4,0.29,0.08,0.38,60,1,8
"llama2","seed_989","trained","all_domains_all_samples",225,"greedy","few_shot","unstructured","fact_first","json","test_set_1",0.26,0.74,0.25,12,5,99,26,0.3,62,25,0.07,0.21,0.38,0.2,0.43,0.31,0.19,69,1,4
"llama3","seed_206","trained","all_domains_all_samples",225,"temp_06","few_shot","unstructured","fact_first","json","test_set_1",0.44,0.56,0.43,1,4,99,44,0.44,55,43,0.43,0.43,0.54,0.47,0.5,0.38,0.31,52,1,3
"llama3","seed_989","trained","all_domains_all_samples",225,"temp_025","few_shot","structured","answer_first","json","test_set_1",0.55,0.45,0.53,0,4,99,54,0.54,46,52,0.71,0.36,0.69,0.53,0.64,0.38,0.38,43,2,2
"llama3","seed_206","trained","all_domains_all_samples",225,"temp_025","few_shot","unstructured","answer_first","json","test_set_2",0.53,0.47,0.52,0,3,100,53,0.53,47,52,0.43,0.4,0.5,0.47,0.53,0.57,0.77,45,1,2
"llama2","seed_989","trained","all_domains_all_samples",225,"temp_025","few_shot","structured","answer_first","json","test_set_1",0.43,0.57,0.41,0,7,99,43,0.43,57,41,0.43,0.57,0.46,0.2,0.5,0.38,0.38,51,2,5
"llama2","seed_989","trained","all_domains_all_samples",225,"temp_025","few_shot","unstructured","answer_first","json","test_set_2",0.33,0.67,0.32,3,7,100,33,0.34,64,32,0.43,0.27,0.36,0.2,0.33,0.43,0.23,61,1,6
"llama3","seed_989","trained","all_domains_all_samples",225,"temp_06","few_shot","structured","answer_first","json","test_set_1",0.56,0.44,0.54,0,4,99,55,0.55,45,53,0.71,0.29,0.69,0.6,0.64,0.38,0.44,42,2,2
"llama2","seed_989","trained","all_domains_all_samples",225,"temp_025","few_shot","unstructured","fact_first","json","test_set_1",0.32,0.68,0.3,13,4,99,32,0.37,55,30,0.07,0.21,0.38,0.4,0.5,0.23,0.31,65,2,2
"llama3","seed_989","trained","all_domains_all_samples",225,"greedy","few_shot","unstructured","fact_first","json","test_set_1",0.4,0.6,0.39,4,4,99,40,0.42,56,39,0.5,0.36,0.54,0.33,0.43,0.38,0.25,56,1,3
"llama3","seed_206","trained","all_domains_all_samples",225,"temp_06","few_shot","unstructured","answer_first","json","test_set_2",0.54,0.46,0.53,0,3,100,54,0.54,46,53,0.43,0.47,0.57,0.47,0.53,0.57,0.69,44,1,2
"llama2","seed_206","trained","all_domains_all_samples",225,"temp_06","few_shot","structured","fact_first","json","test_set_1",0.23,0.77,0.23,30,10,99,23,0.33,47,23,0.29,0.5,0.08,0.27,0.21,0.08,0.19,66,0,10
"llama2","seed_989","trained","all_domains_all_samples",225,"temp_06","few_shot","unstructured","answer_first","json","test_set_2",0.34,0.66,0.32,0,5,100,34,0.34,66,32,0.5,0.27,0.43,0.2,0.33,0.29,0.23,63,2,3
"llama3","seed_206","trained","all_domains_all_samples",225,"greedy","few_shot","structured","answer_first","json","test_set_2",0.56,0.44,0.52,0,6,100,56,0.56,44,52,0.43,0.33,0.71,0.47,0.53,0.64,0.54,42,4,2
"llama3","seed_989","trained","all_domains_all_samples",225,"greedy","few_shot","unstructured","answer_first","json","test_set_2",0.53,0.47,0.52,0,3,100,53,0.53,47,52,0.43,0.4,0.5,0.47,0.53,0.57,0.77,45,1,2
"llama3","seed_206","trained","all_domains_all_samples",225,"greedy","few_shot","structured","fact_first","json","test_set_1",0.46,0.54,0.46,2,4,99,46,0.47,52,46,0.5,0.43,0.54,0.4,0.57,0.38,0.44,49,0,4
"llama3","seed_989","trained","all_domains_all_samples",225,"temp_025","few_shot","unstructured","fact_first","json","test_set_1",0.45,0.55,0.43,0,5,99,45,0.45,55,43,0.43,0.36,0.62,0.4,0.5,0.46,0.31,51,2,3
"llama2","seed_989","trained","all_domains_all_samples",225,"temp_06","few_shot","unstructured","fact_first","json","test_set_1",0.26,0.74,0.25,11,3,99,26,0.29,63,25,0.14,0.14,0.31,0.2,0.43,0.38,0.19,71,1,2
"llama2","seed_989","trained","all_domains_all_samples",225,"temp_06","few_shot","structured","answer_first","json","test_set_1",0.42,0.58,0.38,0,9,99,42,0.42,58,38,0.43,0.5,0.38,0.2,0.43,0.38,0.38,52,4,5
"llama3","seed_206","trained","all_domains_all_samples",225,"temp_025","few_shot","structured","answer_first","json","test_set_2",0.55,0.45,0.51,0,6,100,55,0.55,45,51,0.36,0.33,0.71,0.47,0.53,0.64,0.54,43,4,2
"llama3","seed_206","trained","all_domains_all_samples",225,"temp_025","few_shot","structured","fact_first","json","test_set_1",0.48,0.52,0.47,1,4,99,48,0.48,51,47,0.5,0.57,0.62,0.4,0.57,0.31,0.38,48,1,3
"llama3","seed_989","trained","all_domains_all_samples",225,"temp_06","few_shot","unstructured","fact_first","json","test_set_1",0.44,0.56,0.42,1,6,99,44,0.44,55,42,0.5,0.36,0.54,0.33,0.43,0.54,0.31,51,2,4
"llama3","seed_989","trained","all_domains_all_samples",225,"temp_025","few_shot","unstructured","answer_first","json","test_set_2",0.53,0.47,0.52,0,3,100,53,0.53,47,52,0.43,0.4,0.5,0.47,0.53,0.57,0.77,45,1,2
"llama2","seed_206","trained","all_domains_all_samples",225,"greedy","few_shot","unstructured","fact_first","json","test_set_2",0.33,0.67,0.33,11,5,100,33,0.37,56,33,0.36,0.47,0.36,0.33,0.33,0.21,0.23,62,0,5
"llama2","seed_989","trained","all_domains_all_samples",225,"greedy","few_shot","structured","fact_first","json","test_set_1",0.27,0.73,0.27,20,8,99,27,0.34,53,27,0.29,0.36,0.31,0.33,0.36,0.08,0.19,64,0,8
"llama3","seed_206","trained","all_domains_all_samples",225,"temp_06","few_shot","structured","fact_first","json","test_set_1",0.47,0.53,0.45,0,4,99,47,0.47,53,45,0.5,0.5,0.54,0.53,0.57,0.31,0.25,50,2,2
"llama3","seed_206","trained","all_domains_all_samples",225,"temp_06","few_shot","structured","answer_first","json","test_set_2",0.56,0.44,0.52,0,6,100,56,0.56,44,52,0.43,0.33,0.71,0.47,0.53,0.64,0.54,42,4,2
"llama3","seed_206","trained","all_domains_all_samples",225,"greedy","few_shot","unstructured","fact_first","json","test_set_2",0.52,0.48,0.49,2,5,100,52,0.53,46,49,0.36,0.47,0.43,0.6,0.53,0.71,0.31,46,3,2
"llama2","seed_206","trained","all_domains_all_samples",225,"greedy","few_shot","structured","answer_first","json","test_set_2",0.42,0.58,0.38,0,4,100,42,0.42,58,38,0.43,0.47,0.36,0.33,0.4,0.43,0.23,58,4,0
"llama3","seed_989","trained","all_domains_all_samples",225,"temp_06","few_shot","unstructured","answer_first","json","test_set_2",0.52,0.48,0.51,0,3,100,52,0.52,48,51,0.36,0.4,0.5,0.47,0.53,0.57,0.77,46,1,2
"llama2","seed_206","trained","all_domains_all_samples",225,"temp_025","few_shot","unstructured","fact_first","json","test_set_2",0.29,0.71,0.27,15,4,100,29,0.34,56,27,0.43,0.33,0.21,0.33,0.27,0.21,0.08,69,2,2
"llama3","seed_989","trained","all_domains_all_samples",225,"greedy","few_shot","structured","answer_first","json","test_set_2",0.56,0.44,0.52,0,6,100,56,0.56,44,52,0.43,0.33,0.71,0.47,0.53,0.64,0.54,42,4,2
"llama3","seed_206","trained","all_domains_all_samples",225,"temp_025","few_shot","unstructured","fact_first","json","test_set_2",0.51,0.49,0.49,2,5,100,51,0.52,47,49,0.43,0.53,0.43,0.53,0.47,0.64,0.38,46,2,3
"llama3","seed_989","trained","all_domains_all_samples",225,"greedy","few_shot","structured","fact_first","json","test_set_1",0.46,0.54,0.46,2,4,99,46,0.47,52,46,0.5,0.43,0.54,0.4,0.57,0.38,0.44,49,0,4
"llama2","seed_989","trained","all_domains_all_samples",225,"temp_025","few_shot","structured","fact_first","json","test_set_1",0.24,0.76,0.24,18,7,99,24,0.29,58,24,0.21,0.29,0.38,0.2,0.21,0.15,0.25,68,0,7
"llama2","seed_206","trained","all_domains_all_samples",225,"temp_06","few_shot","unstructured","fact_first","json","test_set_2",0.32,0.68,0.31,10,4,100,32,0.36,58,31,0.14,0.47,0.36,0.33,0.33,0.36,0.15,65,1,3
"llama3","seed_206","trained","all_domains_all_samples",225,"temp_06","few_shot","unstructured","fact_first","json","test_set_2",0.52,0.48,0.49,0,5,100,52,0.52,48,49,0.36,0.4,0.5,0.6,0.53,0.64,0.38,46,3,2
"llama3","seed_989","trained","all_domains_all_samples",225,"temp_025","few_shot","structured","answer_first","json","test_set_2",0.55,0.45,0.51,0,6,100,55,0.55,45,51,0.43,0.33,0.71,0.47,0.53,0.57,0.54,43,4,2
"llama2","seed_206","trained","all_domains_all_samples",225,"temp_025","few_shot","structured","answer_first","json","test_set_2",0.43,0.57,0.4,0,3,100,43,0.43,57,40,0.43,0.47,0.43,0.33,0.4,0.43,0.31,57,3,0
"llama3","seed_989","trained","all_domains_all_samples",225,"temp_025","few_shot","structured","fact_first","json","test_set_1",0.42,0.58,0.41,0,4,99,42,0.42,58,41,0.5,0.43,0.46,0.4,0.43,0.31,0.38,54,1,3
"llama2","seed_989","trained","all_domains_all_samples",225,"greedy","few_shot","unstructured","fact_first","json","test_set_2",0.33,0.67,0.33,11,5,100,33,0.37,56,33,0.36,0.47,0.36,0.33,0.33,0.21,0.23,62,0,5
"llama3","seed_989","trained","all_domains_all_samples",225,"greedy","few_shot","unstructured","fact_first","json","test_set_2",0.52,0.48,0.49,2,5,100,52,0.53,46,49,0.36,0.47,0.43,0.6,0.53,0.71,0.31,46,3,2
"llama3","seed_989","trained","all_domains_all_samples",225,"temp_06","few_shot","structured","answer_first","json","test_set_2",0.53,0.47,0.5,0,6,100,53,0.53,47,50,0.43,0.33,0.71,0.47,0.47,0.57,0.54,44,3,3
"llama2","seed_989","trained","all_domains_all_samples",225,"temp_06","few_shot","structured","fact_first","json","test_set_1",0.24,0.76,0.24,24,10,99,24,0.32,52,24,0.14,0.43,0.54,0.13,0.29,0.08,0.13,65,0,10
"llama3","seed_989","trained","all_domains_all_samples",225,"temp_06","few_shot","structured","fact_first","json","test_set_1",0.45,0.55,0.42,1,4,99,45,0.45,54,42,0.57,0.36,0.54,0.33,0.5,0.31,0.38,53,3,1
"llama2","seed_989","trained","all_domains_all_samples",225,"temp_025","few_shot","unstructured","fact_first","json","test_set_2",0.3,0.7,0.29,14,5,100,30,0.35,56,29,0.21,0.33,0.29,0.33,0.33,0.29,0.23,66,1,4
"llama2","seed_206","trained","all_domains_all_samples",225,"temp_06","few_shot","structured","answer_first","json","test_set_2",0.43,0.57,0.4,0,3,100,43,0.43,57,40,0.43,0.47,0.43,0.4,0.33,0.43,0.31,57,3,0
"llama3","seed_989","trained","all_domains_all_samples",225,"temp_025","few_shot","unstructured","fact_first","json","test_set_2",0.52,0.48,0.49,2,5,100,52,0.53,46,49,0.43,0.53,0.5,0.53,0.4,0.71,0.31,46,3,2
"llama3","seed_206","trained","all_domains_all_samples",225,"greedy","few_shot","structured","fact_first","json","test_set_2",0.58,0.42,0.56,2,4,100,58,0.59,40,56,0.57,0.53,0.79,0.47,0.53,0.5,0.54,40,2,2
"llama2","seed_989","trained","all_domains_all_samples",225,"temp_06","few_shot","unstructured","fact_first","json","test_set_2",0.35,0.65,0.35,11,5,100,35,0.39,54,35,0.57,0.2,0.36,0.33,0.4,0.36,0.23,60,0,5
"llama2","seed_206","trained","all_domains_all_samples",225,"greedy","few_shot","structured","fact_first","json","test_set_2",0.24,0.76,0.23,22,5,100,24,0.31,54,23,0.21,0.4,0.21,0.47,0.13,0.07,0.08,72,1,4
"llama3","seed_989","trained","all_domains_all_samples",225,"temp_06","few_shot","unstructured","fact_first","json","test_set_2",0.45,0.55,0.42,0,5,100,45,0.45,55,42,0.36,0.4,0.43,0.53,0.4,0.5,0.31,53,3,2
"llama3","seed_206","trained","all_domains_all_samples",225,"temp_025","few_shot","structured","fact_first","json","test_set_2",0.52,0.48,0.51,1,4,100,52,0.53,47,51,0.5,0.47,0.57,0.4,0.53,0.64,0.46,45,1,3
"llama2","seed_989","trained","all_domains_all_samples",225,"greedy","few_shot","structured","answer_first","json","test_set_2",0.42,0.58,0.38,0,4,100,42,0.42,58,38,0.43,0.47,0.36,0.33,0.4,0.43,0.23,58,4,0
"llama3","seed_206","trained","all_domains_all_samples",225,"temp_06","few_shot","structured","fact_first","json","test_set_2",0.52,0.48,0.49,1,4,100,52,0.53,47,49,0.5,0.33,0.57,0.4,0.67,0.36,0.62,47,3,1
"llama2","seed_206","trained","all_domains_all_samples",225,"temp_025","few_shot","structured","fact_first","json","test_set_2",0.26,0.74,0.24,22,7,100,26,0.33,52,24,0.36,0.4,0.21,0.2,0.27,0.07,0.15,69,2,5
"llama3","seed_989","trained","all_domains_all_samples",225,"greedy","few_shot","structured","fact_first","json","test_set_2",0.58,0.42,0.56,2,4,100,58,0.59,40,56,0.57,0.53,0.79,0.47,0.53,0.5,0.54,40,2,2
"llama2","seed_989","trained","all_domains_all_samples",225,"temp_025","few_shot","structured","answer_first","json","test_set_2",0.43,0.57,0.4,0,3,100,43,0.43,57,40,0.43,0.53,0.43,0.33,0.4,0.43,0.23,57,3,0
"llama3","seed_989","trained","all_domains_all_samples",225,"temp_025","few_shot","structured","fact_first","json","test_set_2",0.57,0.43,0.56,0,4,100,57,0.57,43,56,0.5,0.47,0.64,0.53,0.67,0.5,0.62,40,1,3
"llama2","seed_206","trained","all_domains_all_samples",225,"temp_06","few_shot","structured","fact_first","json","test_set_2",0.25,0.75,0.23,24,9,100,25,0.33,51,23,0.21,0.4,0.21,0.27,0.07,0.21,0.23,68,2,7
"llama3","seed_989","trained","all_domains_all_samples",225,"temp_06","few_shot","structured","fact_first","json","test_set_2",0.54,0.46,0.53,2,4,100,54,0.55,44,53,0.5,0.4,0.43,0.53,0.53,0.86,0.46,43,1,3
"llama2","seed_989","trained","all_domains_all_samples",225,"temp_06","few_shot","structured","answer_first","json","test_set_2",0.43,0.57,0.41,0,3,100,43,0.43,57,41,0.43,0.47,0.57,0.33,0.47,0.29,0.31,56,2,1
"llama2","seed_989","trained","all_domains_all_samples",225,"greedy","few_shot","structured","fact_first","json","test_set_2",0.24,0.76,0.23,22,5,100,24,0.31,54,23,0.21,0.4,0.21,0.47,0.13,0.07,0.08,72,1,4
"llama2","seed_989","trained","all_domains_all_samples",225,"temp_025","few_shot","structured","fact_first","json","test_set_2",0.2,0.8,0.19,24,6,100,20,0.26,56,19,0.21,0.33,0.21,0.27,0.13,0.07,0.08,75,1,5
"llama2","seed_989","trained","all_domains_all_samples",225,"temp_06","few_shot","structured","fact_first","json","test_set_2",0.17,0.83,0.16,33,9,100,17,0.25,50,16,0.21,0.13,0.29,0.2,0.13,0.07,0.08,75,1,8
